{
	"format_version": "1.12.0",
	"minecraft:geometry": [
		{
			"description": {
				"identifier": "geometry.hallway_monitors_2",
				"texture_width": 64,
				"texture_height": 64,
				"visible_bounds_width": 3,
				"visible_bounds_height": 3.5,
				"visible_bounds_offset": [0, 1.25, 0]
			},
			"bones": [
				{
					"name": "bb_main",
					"pivot": [0, 0, 0],
					"cubes": [
						{
							"origin": [-10, 12, -2],
							"size": [8, 8, 8],
							"uv": {
								"north": {"uv": [54, 23], "uv_size": [8, 8]},
								"east": {"uv": [21, 45], "uv_size": [8, 8]},
								"south": {"uv": [18, 13], "uv_size": [8, 8]},
								"west": {"uv": [29, 45], "uv_size": [-8, 8]},
								"up": {"uv": [9, 45], "uv_size": [8, 8]},
								"down": {"uv": [30, 15], "uv_size": [8, -8]}
							}
						},
						{
							"origin": [-12, 0, -2],
							"size": [12, 12, 11],
							"uv": {
								"north": {"uv": [16, 0], "uv_size": [12, 12]},
								"east": {"uv": [19, 44], "uv_size": [11, 12]},
								"south": {"uv": [16, 12], "uv_size": [12, 12]},
								"west": {"uv": [30, 44], "uv_size": [-11, 12]},
								"up": {"uv": [7, 44], "uv_size": [12, 11]},
								"down": {"uv": [28, 10], "uv_size": [12, -4]}
							}
						},
						{
							"origin": [1, 0, -2],
							"size": [12, 10, 10],
							"uv": {
								"north": {"uv": [52, 0], "uv_size": [12, 10]},
								"east": {"uv": [19, 44], "uv_size": [10, 10]},
								"south": {"uv": [16, 12], "uv_size": [12, 10]},
								"west": {"uv": [29, 44], "uv_size": [-10, 10]},
								"up": {"uv": [7, 44], "uv_size": [12, 10]},
								"down": {"uv": [28, 16], "uv_size": [12, -10]}
							}
						}
					]
				}
			]
		}
	]
}