{
	"format_version": "1.12.0",
	"minecraft:geometry": [
		{
			"description": {
				"identifier": "geometry.hallway_monitors_4",
				"texture_width": 64,
				"texture_height": 64,
				"visible_bounds_width": 4,
				"visible_bounds_height": 3.5,
				"visible_bounds_offset": [0, 1.25, 0]
			},
			"bones": [
				{
					"name": "bb_main",
					"pivot": [0, 0, 0],
					"cubes": [
						{
							"origin": [3.5, 0, 0],
							"size": [4, 4, 4],
							"uv": {
								"north": {"uv": [54, 23], "uv_size": [8, 8]},
								"east": {"uv": [21, 45], "uv_size": [8, 8]},
								"south": {"uv": [18, 13], "uv_size": [8, 8]},
								"west": {"uv": [29, 45], "uv_size": [-8, 8]},
								"up": {"uv": [9, 45], "uv_size": [8, 8]},
								"down": {"uv": [30, 15], "uv_size": [8, -8]}
							}
						},
						{
							"origin": [-9, 0, -1.5],
							"size": [6, 6, 5.5],
							"uv": {
								"north": {"uv": [16, 0], "uv_size": [12, 12]},
								"east": {"uv": [19, 44], "uv_size": [11, 12]},
								"south": {"uv": [16, 12], "uv_size": [12, 12]},
								"west": {"uv": [30, 44], "uv_size": [-11, 12]},
								"up": {"uv": [7, 44], "uv_size": [12, 11]},
								"down": {"uv": [28, 10], "uv_size": [12, -4]}
							}
						},
						{
							"origin": [-2.5, 2.5, -1.5],
							"size": [6, 5, 5],
							"uv": {
								"north": {"uv": [52, 0], "uv_size": [12, 10]},
								"east": {"uv": [19, 44], "uv_size": [10, 10]},
								"south": {"uv": [16, 12], "uv_size": [12, 10]},
								"west": {"uv": [29, 44], "uv_size": [-10, 10]},
								"up": {"uv": [7, 44], "uv_size": [12, 10]},
								"down": {"uv": [28, 16], "uv_size": [12, -10]}
							}
						},
						{
							"origin": [-2.5, 0, -1.5],
							"size": [6, 2.5, 5],
							"uv": {
								"north": {"uv": [41, 40], "uv_size": [12, 5]},
								"east": {"uv": [20, 44], "uv_size": [10, 5]},
								"south": {"uv": [16, 14], "uv_size": [12, 5]},
								"west": {"uv": [30, 44], "uv_size": [-10, 5]},
								"up": {"uv": [7, 44], "uv_size": [12, 10]},
								"down": {"uv": [28, 16], "uv_size": [12, -10]}
							}
						}
					]
				}
			]
		}
	]
}