{
	"format_version": "1.12.0",
	"minecraft:geometry": [
		{
			"description": {
				"identifier": "geometry.hallway_monitors_1",
				"texture_width": 64,
				"texture_height": 64,
				"visible_bounds_width": 3,
				"visible_bounds_height": 3.5,
				"visible_bounds_offset": [0, 1.25, 0]
			},
			"bones": [
				{
					"name": "bb_main",
					"pivot": [0, 0, 0],
					"cubes": [
						{
							"origin": [-5, 11, -2],
							"size": [12, 11, 11],
							"pivot": [1, 7, 0],
							"rotation": [0, 0, 7.5],
							"uv": {
								"north": {"uv": [52, 10], "uv_size": [12, 11]},
								"east": {"uv": [19, 44], "uv_size": [11, 11]},
								"south": {"uv": [16, 12], "uv_size": [12, 11]},
								"west": {"uv": [30, 44], "uv_size": [-11, 11]},
								"up": {"uv": [7, 44], "uv_size": [12, 11]},
								"down": {"uv": [28, 10], "uv_size": [12, -4]}
							}
						},
						{
							"origin": [-12, 0, -2],
							"size": [12, 12, 11],
							"uv": {
								"north": {"uv": [16, 0], "uv_size": [12, 12]},
								"east": {"uv": [19, 44], "uv_size": [11, 12]},
								"south": {"uv": [16, 12], "uv_size": [12, 12]},
								"west": {"uv": [30, 44], "uv_size": [-11, 12]},
								"up": {"uv": [7, 44], "uv_size": [12, 11]},
								"down": {"uv": [28, 10], "uv_size": [12, -4]}
							}
						},
						{
							"origin": [1, 0, -2],
							"size": [12, 10, 11],
							"uv": {
								"north": {"uv": [52, 0], "uv_size": [12, 10]},
								"east": {"uv": [19, 44], "uv_size": [11, 10]},
								"south": {"uv": [16, 12], "uv_size": [12, 10]},
								"west": {"uv": [30, 44], "uv_size": [-11, 10]},
								"up": {"uv": [7, 44], "uv_size": [12, 11]},
								"down": {"uv": [28, 10], "uv_size": [12, -4]}
							}
						}
					]
				},
				{
					"name": "faz-soda",
					"pivot": [-7.83333, 16.5, 2],
					"rotation": [0, 15, 0],
					"cubes": [
						{
							"origin": [-10, 12, 0],
							"size": [4, 5, 4],
							"uv": {
								"north": {"uv": [47, 50], "uv_size": [4, 5]},
								"east": {"uv": [47, 50], "uv_size": [4, 5]},
								"south": {"uv": [47, 50], "uv_size": [4, 5]},
								"west": {"uv": [47, 50], "uv_size": [4, 5]},
								"up": {"uv": [13, 29], "uv_size": [4, 4]},
								"down": {"uv": [46, 64], "uv_size": [4, -4]}
							}
						},
						{
							"origin": [-10, 16, 0],
							"size": [4, 2, 4],
							"inflate": 0.1,
							"uv": {
								"north": {"uv": [59, 50], "uv_size": [4, 2]},
								"east": {"uv": [59, 50], "uv_size": [4, 2]},
								"south": {"uv": [59, 50], "uv_size": [4, 2]},
								"west": {"uv": [59, 50], "uv_size": [4, 2]},
								"up": {"uv": [54, 64], "uv_size": [-4, -4]},
								"down": {"uv": [59, 54], "uv_size": [-4, -4]}
							}
						},
						{
							"origin": [-10, 17, 2],
							"size": [5, 5, 0],
							"uv": {
								"north": {"uv": [42, 50], "uv_size": [5, 5]}
							}
						}
					]
				}
			]
		}
	]
}