{
	"format_version": "1.17.0",
	"minecraft:entity": {
		"description": {
			"identifier": "fr:bizabizow_foxy_plush_entity",
			"is_spawnable": false,
			"is_summonable": true,
			"is_experimental": false
		},
		"component_groups": {
			"kills": {
				"minecraft:instant_despawn": {}
			},
			"plush_idle": {
				"minecraft:variant": { "value": 0 }
			},
			"plush_clicked": {
				"minecraft:variant": { "value": 1 }
			}
		},
		"components": {
			"minecraft:variant": {
				"value": 0
			},
			"minecraft:type_family": {
				"family": ["inanimate"]
			},
			"minecraft:collision_box": {
				"width": 0.1,
				"height": 0.1
			},
			"minecraft:physics": {
				"has_collision": false,
				"has_gravity": false
			},
			"minecraft:fire_immune": {},
			"minecraft:damage_sensor": {
				"triggers": [
					{
						"cause": "all",
						"deals_damage": false,
						"on_damage_sound_event": ""
					}
				]
			},
			"minecraft:breathable": {
				"breathes_solids": true
			},
			"minecraft:conditional_bandwidth_optimization": {}
		},
		"events": {
			"kill": {
				"add": {
					"component_groups": ["kills"]
				}
			},
			"fr:plush_click": {
				"add": { "component_groups": ["plush_clicked"] },
				"remove": { "component_groups": ["plush_idle"] }
			},
			"fr:plush_idle": {
				"add": { "component_groups": ["plush_idle"] },
				"remove": { "component_groups": ["plush_clicked"] }
			}
		}
	}
}
