{
	"format_version": "1.13.0",
	"minecraft:entity": {
		"description": {
			"identifier": "fr:fnaf1_bonnie_entity",
			"is_spawnable": true,
			"is_summonable": true,
			"is_experimental": false,
			"properties": {
				"bonnie:attack_time": {
					"type": "float",
					"default": 0.0,
					"range": [0.0, 10.0]
				}
			},
			"animations": {
				"attack_animation": "controller.animation.fnaf1_bonnie.attack"
			},
			"scripts": {
				"animate": [
					"attack_animation"
				]
			}
		},
		"component_groups": {
			"bonnie_hostile": {
				"minecraft:behavior.nearest_attackable_target": {
					"priority": 1,
					"must_see": true,
					"reselect_targets": true,
					"entity_types": [
						{
							"filters": {
								"all_of": [
									{
										"test": "is_family",
										"subject": "other",
										"value": "player"
									},
									{
										"test": "has_tag",
										"subject": "self",
										"value": "ignore_player_now",
										"operator": "not"
									}
								]
							},
							"max_dist": 16
						}
					]
				},
				"minecraft:navigation.walk": {
					"can_path_over_water": false,
					"avoid_water": false,
					"avoid_damage_blocks": false
				},
				"minecraft:movement.basic": {
					"max_turn": 0
				},
				"minecraft:movement": {
					"value": 0.2
				},
				"minecraft:behavior.hurt_by_target": {
					"priority": 1
				},
				"minecraft:behavior.melee_attack": {
					"priority": 2,
					"speed_multiplier": 1.25,
					"reach_multiplier": 2.0
				},
				"minecraft:behavior.look_at_target": {
					"priority": 3
				}
			},
			"bonnie_chasing": {
				"minecraft:rideable": {
				"seat_count": 1,
				"seats": [
				  {
					"position": [0, 0.4, 1.0], "rotate_rider_by": 180, "lock_rider_rotation": 0
				  }
				]
			},
				"minecraft:movement": {
					"value": 0.152
				},
				"minecraft:navigation.walk": {
					"can_path_over_water": false,
					"avoid_water": true,
					"avoid_damage_blocks": true
				},
				"minecraft:movement.basic": {},
				"minecraft:behavior.nearest_attackable_target": {
					"priority": 1,
					"must_see": true,
					"reselect_targets": true,
					"within_radius": 16.0,
					"entity_types": [
						{
							"filters": {
								"all_of": [
									{
										"test": "is_family",
										"subject": "other",
										"value": "player"
									},
									{
										"test": "has_tag",
										"subject": "self",
										"value": "ignore_player_now",
										"operator": "not"
									}
								]
							},
							"max_dist": 16
						}
					]
				},
				"minecraft:behavior.hurt_by_target": {
					"priority": 1
				},
				"minecraft:behavior.melee_attack": {
					"priority": 2,
					"speed_multiplier": 1.5,
					"reach_multiplier": 2.0
				},
				"minecraft:behavior.random_stroll": {
					"priority": 8,
					"speed_multiplier": 0.8
				},
				"minecraft:behavior.look_at_target": {
					"priority": 9
				},
				"minecraft:behavior.random_look_around": {
					"priority": 10
				}
			},
			"bonnie_attacking": {
				"minecraft:variant": {
					"value": 1
				},
				"minecraft:rideable": {
				"seat_count": 1,
				"seats": [
				  {
					"position": [0, 0.4, 1.0], "rotate_rider_by": 180, "lock_rider_rotation": 0
				  }
				]
			},
				"minecraft:movement": {
					"value": 0.0
				},
				"minecraft:navigation.walk": {
					"can_path_over_water": false,
					"avoid_water": false,
					"avoid_damage_blocks": false
				},
				"minecraft:movement.basic": {
					"max_turn": 0
				},
				"minecraft:behavior.melee_attack": {
					"priority": 1,
					"speed_multiplier": 1.0,
					"reach_multiplier": 2.0,
					"on_attack": {
						"event": "bonnie_hit_particles",
						"target": "self"
					}
				}
			},
			"bonnie_attack_timer": {
								
				"minecraft:rideable": {
				"seat_count": 1,
				"seats": [
				  {
					"position": [0, 0.4, 1.0], "rotate_rider_by": 180, "lock_rider_rotation": 0
				  }
				]
			},
				"minecraft:movement": {
					"value": 0.0
				},
				"minecraft:navigation.walk": {
					"can_path_over_water": false,
					"avoid_water": false,
					"avoid_damage_blocks": false
				},
				"minecraft:movement.basic": {
					"max_turn": 0
				},
				"minecraft:timer": {
					"time": 3.8,
					"looping": false,
					"time_down_event": {
						"event": "bonnie_end_attack"
					}
				}
			},
			"bonnie_scare_cooldown": {
				"minecraft:timer": {
					"time": 8.0,
					"looping": false,
					"time_down_event": {
						"event": "bonnie_reset_scare"
					}
				}
			},
			"bonnie_normal": {
				"minecraft:variant": {
					"value": 0
				}
			},
			"bonnie_ignoring_player": {
				"minecraft:variant": {
					"value": 0
				},
				"minecraft:movement": {
					"value": 0.152
				},
				"minecraft:navigation.walk": {
					"can_path_over_water": false,
					"avoid_water": true,
					"avoid_damage_blocks": true
				},
				"minecraft:movement.basic": {},
				"minecraft:behavior.random_stroll": {
					"priority": 8,
					"speed_multiplier": 0.8
				},
				"minecraft:behavior.random_look_around": {
					"priority": 10
				}
			},
			"bonnie_post_attack": {
				"minecraft:variant": {
					"value": 1
				},
				"minecraft:interact": {
					"interactions": [
						{
							"on_interact": {
								"filters": {
									"all_of": [
										{
											"test": "is_family",
											"subject": "other",
											"value": "player"
										},
										{
											"test": "has_equipment",
											"subject": "other",
											"domain": "hand",
											"value": "minecraft:paper"
										}
									]
								},
								"event": "bonnie_clean_blood",
								"target": "self"
							},
							"use_item": true,
							"interact_text": "action.interact.clean_blood"
						}
					]
				}
			}
		},
		"components": {
			"minecraft:type_family": {
				"family": ["bonnie", "animatronic", "hostile"]
			},
			"minecraft:collision_box": {
				"width": 0.8,
				"height": 1.8
			},
			"minecraft:health": {
				"value": 100,
				"max": 100
			},
			"minecraft:movement": {
				"value": 0.2
			},
			"minecraft:navigation.walk": {
				"can_path_over_water": false,
				"avoid_water": true,
				"avoid_damage_blocks": true
			},
			"minecraft:movement.basic": {},
			"minecraft:behavior.float": {
				"priority": 0
			},
			"minecraft:knockback_resistance": {
				"value": 100,
				"max": 100
			},
			"minecraft:behavior.random_stroll": {
				"priority": 8,
				"speed_multiplier": 0.8
			},
			"minecraft:behavior.look_at_player": {
				"priority": 9,
				"look_distance": 8.0,
				"probability": 0.02
			},
			"minecraft:behavior.random_look_around": {
				"priority": 10
			},
			"minecraft:timer": {
				"time": [1.0, 2.0],
				"looping": true,
				"time_down_event": {
					"event": "bonnie_check_for_player"
				}
			},
			"minecraft:physics": {},
			"minecraft:pushable": {
				"is_pushable": true,
				"is_pushable_by_piston": true
			},
			"minecraft:conditional_bandwidth_optimization": {},
			"minecraft:attack": {
				"damage": 0
			}
		},
		"events": {
			"minecraft:entity_spawned": {
				"add": {
					"component_groups": ["bonnie_hostile", "bonnie_normal"]
				}
			},
			"bonnie_start_chase": {
				"add": {
					"component_groups": ["bonnie_chasing"]
				},
				"remove": {
					"component_groups": ["bonnie_hostile"]
				}
			},
			"bonnie_stop_chase": {
				"add": {
					"component_groups": ["bonnie_hostile"]
				},
				"remove": {
					"component_groups": ["bonnie_chasing", "bonnie_scare_cooldown"]
				},
				"queue_command": {
					"command": [
						"tag @s remove played_scare"
					]
				}
			},
			"bonnie_set_attack_time_1": {
				"set_property": {
					"bonnie:attack_time": "1.0"
				}
			},
			"bonnie_set_attack_time_0": {
				"set_property": {
					"bonnie:attack_time": "0.0"
				}
			},
			"bonnie_kill_player": {
				"queue_command": {
					"command": "kill @p"
				}
			},
			"bonnie_hit_particles": {
				"queue_command": {
					"command": [
						"execute at @p positioned ~ ~ ~ run particle minecraft:endrod ~ ~ ~"
					]
				}
			},
			"bonnie_start_attack": {
				"add": {
					"component_groups": ["bonnie_attacking", "bonnie_attack_timer"]
				},
				"remove": {
					"component_groups": ["bonnie_chasing", "bonnie_hostile"]
				},
				"set_property": {
					"bonnie:attack_time": "1.0"
				},
				"queue_command": {
					"command": [
						"effect @p slowness 5 5 true",
						"effect @p darkness 5 5 true",
						"ride @p start_riding @s teleport_ride",
						"camerashake add @p 0.05 3.4 rotational",
						"hud @p hide all",
						"execute at @p positioned ~ ~ ~ run particle fr:attack_blood_drip ~ ~0.6 ~",
						"execute at @p positioned ~ ~ ~ run tag @p add bonnie_hit"
					]
				}
			},
			"bonnie_sitting_player": {
				"queue_command": {
					"command": [
						"ride @p start_riding @s teleport_ride"
					]
				}
			},
			"bonnie_end_attack": {
				"remove": {
					"component_groups": ["bonnie_attacking", "bonnie_attack_timer", "bonnie_normal"]
				},
				"add": {
					"component_groups": ["bonnie_chasing", "bonnie_post_attack"]
				},
				"set_property": {
					"bonnie:attack_time": "0.0"
				},
				"queue_command": {
					"command": [
						"hud @p reset all",
						"execute at @p positioned ~ ~ ~ run particle fr:attack_blood_drip_final ~ ~0.6 ~",
						"kill @p[tag=bonnie_hit]",
						"execute at @p positioned ~ ~ ~ run tag @p remove bonnie_hit",
						"tag @s remove played_scare"
					]
				}
			},
			"bonnie_reset_scare": {
				"queue_command": {
					"command": [
						"tag @s remove played_scare"
					]
				},
				"remove": {
					"component_groups": ["bonnie_scare_cooldown"]
				}
			},
			"bonnie_clean_blood": {
				"remove": {
					"component_groups": ["bonnie_post_attack"]
				},
				"add": {
					"component_groups": ["bonnie_normal"]
				},
				"queue_command": {
					"command": [
						"execute at @p positioned ~ ~ ~ run particle minecraft:splash ~ ~1 ~ 0.5 0.5 0.5 0.1 10"
					]
				}
			},
			"bonnie_check_for_player": {
				"sequence": [
					{
						"filters": {
							"all_of": [
								{ "test": "has_target" },
								{ "test": "has_tag", "subject": "self", "value": "played_scare", "operator": "not" }
							]
						},
						"add": {
							"component_groups": ["bonnie_chasing", "bonnie_scare_cooldown"]
						},
						"remove": {
							"component_groups": ["bonnie_hostile"]
						},
						"queue_command": {
							"command": [
								"execute at @s run playsound fnaf1_bonnie_scare @a[r=16] ~ ~ ~ 1 1",
								"tag @s add played_scare"
							]
						}
					},
					{
						"filters": {
							"test": "has_target",
							"operator": "not"
						},
						"add": {
							"component_groups": ["bonnie_hostile"]
						},
						"remove": {
							"component_groups": ["bonnie_chasing"]
						},
						"queue_command": {
							"command": [
								"tag @s remove played_scare"
							]
						}
					}
				]
			},
			"bonnie_ignore_player": {
				"add": {
					"component_groups": ["bonnie_ignoring_player"]
				},
				"remove": {
					"component_groups": ["bonnie_hostile", "bonnie_chasing"]
				}
			},
			"bonnie_stop_ignore_player": {
				"sequence": [
					{
						"filters": {
							"test": "has_target"
						},
						"add": {
							"component_groups": ["bonnie_chasing"]
						},
						"remove": {
							"component_groups": ["bonnie_ignoring_player"]
						}
					},
					{
						"filters": {
							"test": "has_target",
							"operator": "not"
						},
						"add": {
							"component_groups": ["bonnie_hostile"]
						},
						"remove": {
							"component_groups": ["bonnie_ignoring_player"]
						}
					}
				]
			}
		}
	}
}
