{
	"format_version": "1.21.30",
	"minecraft:entity": {
		"description": {
			"identifier": "fr:ceiling_light_vfx",
			"is_spawnable": false,
			"is_summonable": true,
			"is_experimental": false
		},
		"component_groups": {
			"despawn_entity": {
				"minecraft:instant_despawn": {}
			}
		},
		"components": {
			"minecraft:inside_block_notifier": {
				"block_list": [
					{
						"block": {
							"name": "fr:ceiling_light"
						},
						"exited_block_event": {
							"event": "destroy",
							"target": "self"
						}
					}
				]
			},
			"minecraft:type_family": {
				"family": ["vfx", "inanimate"]
			},
			"minecraft:collision_box": {
				"height": 0,
				"width": 0
			},
			"minecraft:health": {
				"value": 1,
				"min": 1,
				"max": 1
			},
			"minecraft:fire_immune": {},
			"minecraft:damage_sensor": {
				"triggers": {
					"cause": "all",
					"deals_damage": false
				}
			},
			"minecraft:pushable": {
				"is_pushable": false,
				"is_pushable_by_piston": false
			},
			"minecraft:physics": {
				"has_collision": false,
				"has_gravity": false
			}
		},
		"events": {
			"destroy": {
				"add": {
					"component_groups": ["despawn_entity"]
				}
			}
		}
	}
}
