{
	"format_version": "1.13.0",
	"minecraft:entity": {
		"description": {
			"identifier": "fr:fnaf1_foxy_entity",
			"is_spawnable": true,
			"is_summonable": true,
			"is_experimental": false,
			"properties": {
				"foxy:attack_time": {
					"type": "float",
					"default": 0.0,
					"range": [
						0.0,
						10.0
					]
				}
			},
			"animations": {
				"attack_animation": "controller.animation.fnaf1_foxy.attack"
			},
			"scripts": {
				"animate": [
					"attack_animation"
				]
			}
		},
		"component_groups": {
			"foxy_hostile": {
				"minecraft:behavior.nearest_attackable_target": {
					"priority": 1,
					"must_see": true,
					"reselect_targets": true,
					"entity_types": [
						{
							"filters": {
								"all_of": [
									{
										"test": "is_family",
										"subject": "other",
										"value": "player"
									},
									{
										"test": "has_tag",
										"subject": "self",
										"value": "ignore_player_now",
										"operator": "not"
									}
								]
							},
							"max_dist": 16
						}
					]
				},
				"minecraft:navigation.walk": {
					"can_path_over_water": false,
					"avoid_water": false,
					"avoid_damage_blocks": false
				},
				"minecraft:movement.basic": {
					"max_turn": 0
				},
				"minecraft:movement": {
					"value": 0.15
				},
				"minecraft:behavior.hurt_by_target": {
					"priority": 1
				},
				"minecraft:behavior.melee_attack": {
					"priority": 2,
					"speed_multiplier": 1.25,
					"reach_multiplier": 2.0
				},
				"minecraft:behavior.look_at_target": {
					"priority": 3
				}
			},
			"foxy_chasing": {
				"minecraft:variant": {
					"value": 0
				},
				"minecraft:rideable": {
					"seat_count": 1,
					"seats": [
						{
							"position": [
								0,
								0.6,
								1.6
							],
							"rotate_rider_by": 180,
							"lock_rider_rotation": 0
						}
					]
				},
				"minecraft:movement": {
					"value": 0.32
				},
				"minecraft:navigation.walk": {
					"can_path_over_water": false,
					"avoid_water": true,
					"avoid_damage_blocks": true
				},
				"minecraft:movement.basic": {},
				"minecraft:behavior.nearest_attackable_target": {
					"priority": 1,
					"must_see": true,
					"reselect_targets": true,
					"within_radius": 16.0,
					"entity_types": [
						{
							"filters": {
								"all_of": [
									{
										"test": "is_family",
										"subject": "other",
										"value": "player"
									},
									{
										"test": "has_tag",
										"subject": "self",
										"value": "ignore_player_now",
										"operator": "not"
									}
								]
							},
							"max_dist": 16
						}
					]
				},
				"minecraft:behavior.hurt_by_target": {
					"priority": 1
				},
				"minecraft:behavior.melee_attack": {
					"priority": 2,
					"speed_multiplier": 1.5,
					"reach_multiplier": 2.0
				},
				"minecraft:behavior.random_stroll": {
					"priority": 8,
					"speed_multiplier": 0.8
				},
				"minecraft:behavior.look_at_target": {
					"priority": 9
				},
				"minecraft:behavior.random_look_around": {
					"priority": 10
				}
			},
			"foxy_attacking": {
				"minecraft:rideable": {
					"seat_count": 1,
					"seats": [
						{
							"position": [
								0,
								0.6,
								1.6
							],
							"rotate_rider_by": 180,
							"lock_rider_rotation": 0
						}
					]
				},
				"minecraft:variant": {
					"value": 1
				},
				"minecraft:movement": {
					"value": 0.0
				},
				"minecraft:navigation.walk": {
					"can_path_over_water": false,
					"avoid_water": false,
					"avoid_damage_blocks": false
				},
				"minecraft:movement.basic": {
					"max_turn": 0
				},
				"minecraft:behavior.melee_attack": {
					"priority": 1,
					"speed_multiplier": 1.0,
					"reach_multiplier": 2.0,
					"on_attack": {
						"event": "foxy_hit_particles",
						"target": "self"
					}
				}
			},
			"foxy_attack_timer": {
				"minecraft:rideable": {
					"seat_count": 1,
					"seats": [
						{
							"position": [
								0,
								0.6,
								1.6
							],
							"rotate_rider_by": 180,
							"lock_rider_rotation": 0
						}
					]
				},
				"minecraft:variant": {
					"value": 1
				},
				"minecraft:movement": {
					"value": 0.0
				},
				"minecraft:navigation.walk": {
					"can_path_over_water": false,
					"avoid_water": false,
					"avoid_damage_blocks": false
				},
				"minecraft:movement.basic": {
					"max_turn": 0
				},
				"minecraft:timer": {
					"time": 3.8,
					"looping": false,
					"time_down_event": {
						"event": "foxy_end_attack"
					}
				}
			},
			"foxy_ignoring_player": {
				"minecraft:variant": {
					"value": 0
				},
				"minecraft:movement": {
					"value": 0.32
				},
				"minecraft:navigation.walk": {
					"can_path_over_water": false,
					"avoid_water": true,
					"avoid_damage_blocks": true
				},
				"minecraft:movement.basic": {},
				"minecraft:behavior.random_stroll": {
					"priority": 8,
					"speed_multiplier": 0.8
				},
				"minecraft:behavior.random_look_around": {
					"priority": 10
				}
			},
			"foxy_scare_cooldown": {
				"minecraft:timer": {
					"time": 8.0,
					"looping": false,
					"time_down_event": {
						"event": "foxy_reset_scare"
					}
				}
			}
		},
		"components": {
			"minecraft:type_family": {
				"family": [
					"foxy",
					"animatronic",
					"hostile"
				]
			},
			"minecraft:collision_box": {
				"width": 0.8,
				"height": 1.8
			},
			"minecraft:health": {
				"value": 100,
				"max": 100
			},
			"minecraft:movement": {
				"value": 0.15
			},
			"minecraft:navigation.walk": {
				"can_path_over_water": false,
				"avoid_water": true,
				"avoid_damage_blocks": true
			},
			"minecraft:movement.basic": {},
			"minecraft:jump.static": {},
			"minecraft:can_climb": {},
			"minecraft:behavior.float": {
				"priority": 0
			},
			"minecraft:knockback_resistance": {
				"value": 100,
				"max": 100
			},
			"minecraft:behavior.panic": {
				"priority": 1,
				"speed_multiplier": 1.25
			},
			"minecraft:behavior.random_stroll": {
				"priority": 8,
				"speed_multiplier": 0.8
			},
			"minecraft:behavior.look_at_player": {
				"priority": 9,
				"look_distance": 8.0,
				"probability": 0.02
			},
			"minecraft:behavior.random_look_around": {
				"priority": 10
			},
			"minecraft:timer": {
				"time": [
					1.0,
					2.0
				],
				"looping": true,
				"time_down_event": {
					"event": "foxy_check_for_player"
				}
			},
			"minecraft:physics": {},
			"minecraft:pushable": {
				"is_pushable": true,
				"is_pushable_by_piston": true
			},
			"minecraft:conditional_bandwidth_optimization": {},
			"minecraft:attack": {
				"damage": 0
			}
		},
		"events": {
			"minecraft:entity_spawned": {
				"add": {
					"component_groups": [
						"foxy_hostile"
					]
				}
			},
			"foxy_start_chase": {
				"add": {
					"component_groups": [
						"foxy_chasing"
					]
				},
				"remove": {
					"component_groups": [
						"foxy_hostile"
					]
				}
			},
			"foxy_stop_chase": {
				"add": {
					"component_groups": [
						"foxy_hostile"
					]
				},
				"remove": {
					"component_groups": [
						"foxy_chasing",
						"foxy_scare_cooldown"
					]
				},
				"queue_command": {
					"command": [
						"tag @s remove played_scare"
					]
				}
			},
			"foxy_set_attack_time_1": {
				"set_property": {
					"foxy:attack_time": "1.0"
				}
			},
			"foxy_set_attack_time_0": {
				"set_property": {
					"foxy:attack_time": "0.0"
				}
			},
			"foxy_kill_player": {
				"queue_command": {
					"command": "kill @p"
				}
			},
			"foxy_hit_particles": {
				"queue_command": {
					"command": [
						"execute at @p positioned ~ ~ ~ run particle minecraft:endrod ~ ~ ~"
					]
				}
			},
			"foxy_start_attack": {
				"add": {
					"component_groups": [
						"foxy_attacking",
						"foxy_attack_timer"
					]
				},
				"remove": {
					"component_groups": [
						"foxy_chasing",
						"foxy_hostile"
					]
				},
				"set_property": {
					"foxy:attack_time": "1.0"
				},
				"queue_command": {
					"command": [
						"effect @p slowness 5 5 true",
						"effect @p darkness 5 5 true",
						"ride @p start_riding @s teleport_ride",
						"camerashake add @p 0.05 3.4 rotational",
						"hud @p hide all",
						"execute at @p positioned ~ ~ ~ run particle fr:attack_blood_drip ~ ~0.6 ~",
						"execute at @p positioned ~ ~ ~ run tag @p add foxy_hit"
					]
				}
			},
			"foxy_sitting_player": {
				"queue_command": {
					"command": [
						"ride @p start_riding @s teleport_ride"
					]
				}
			},
			"foxy_end_attack": {
				"remove": {
					"component_groups": [
						"foxy_attacking",
						"foxy_attack_timer"
					]
				},
				"add": {
					"component_groups": [
						"foxy_chasing"
					]
				},
				"set_property": {
					"foxy:attack_time": "0.0"
				},
				"queue_command": {
					"command": [
						"hud @p reset all",
						"execute at @p positioned ~ ~ ~ run particle fr:attack_blood_drip_final ~ ~0.6 ~",
						"kill @p[tag=foxy_hit]",
						"execute at @p positioned ~ ~ ~ run tag @p remove foxy_hit",
						"tag @s remove played_scare"
					]
				}
			},
			"foxy_reset_scare": {
				"queue_command": {
					"command": [
						"tag @s remove played_scare"
					]
				},
				"remove": {
					"component_groups": [
						"foxy_scare_cooldown"
					]
				}
			},
			"foxy_check_for_player": {
				"sequence": [
					{
						"filters": {
							"all_of": [
								{
									"test": "has_target"
								},
								{
									"test": "has_tag",
									"subject": "self",
									"value": "played_scare",
									"operator": "not"
								}
							]
						},
						"add": {
							"component_groups": [
								"foxy_chasing",
								"foxy_scare_cooldown"
							]
						},
						"remove": {
							"component_groups": [
								"foxy_hostile"
							]
						},
						"queue_command": {
							"command": [
								"execute at @s run playsound fnaf1_foxy_scare @a[r=16] ~ ~ ~ 1 1",
								"tag @s add played_scare"
							]
						}
					},
					{
						"filters": {
							"test": "has_target",
							"operator": "not"
						},
						"add": {
							"component_groups": [
								"foxy_hostile"
							]
						},
						"remove": {
							"component_groups": [
								"foxy_chasing"
							]
						},
						"queue_command": {
							"command": [
								"tag @s remove played_scare"
							]
						}
					}
				]
			},
			"foxy_ignore_player": {
				"add": {
					"component_groups": [
						"foxy_ignoring_player"
					]
				},
				"remove": {
					"component_groups": [
						"foxy_hostile",
						"foxy_chasing"
					]
				}
			},
			"foxy_stop_ignore_player": {
				"sequence": [
					{
						"filters": {
							"test": "has_target"
						},
						"add": {
							"component_groups": [
								"foxy_chasing"
							]
						},
						"remove": {
							"component_groups": [
								"foxy_ignoring_player"
							]
						}
					},
					{
						"filters": {
							"test": "has_target",
							"operator": "not"
						},
						"add": {
							"component_groups": [
								"foxy_hostile"
							]
						},
						"remove": {
							"component_groups": [
								"foxy_ignoring_player"
							]
						}
					}
				]
			}
		}
	}
}