{
	"format_version": "1.16.100",
	"minecraft:entity": {
		"description": {
			"identifier": "fr:locker_inventory",
			"is_spawnable": false,
			"is_summonable": true,
			"is_experimental": false
		},
		"component_groups": {
			"kills": {
				"minecraft:transformation": {
					"delay": {
						"value": 0
					},
					"drop_inventory": true,
					"into": "ef:nothing"
				}
			}
		},
		"components": {
			"minecraft:type_family": {
				"family": [
					"inanimate"
				]
			},
			"minecraft:collision_box": {
				"width": 0.5,
				"height": 1
			},
			"minecraft:inventory": {
				"can_be_siphoned_from": true,
				"container_type": "container",
				"private": false,
				"restrict_to_owner": false,
				"inventory_size": 25
			},
			"minecraft:physics": {
				"has_collision": false,
				"has_gravity": false
			},
			"minecraft:health": {
				"value": 1,
				"min": 1,
				"max": 1
			},
			"minecraft:nameable": {
				"allow_name_tag_renaming": false,
				"always_show": true
			},
			"minecraft:fire_immune": {},
			"minecraft:damage_sensor": {
				"triggers": {
					"cause": "all",
					"deals_damage": false
				}
			},
			"minecraft:breathable": {
				"breathes_solids": true
			},
			"minecraft:inside_block_notifier": {
				"block_list": [
					{
						"block": {
							"name": "fr:gray_locker"
						},
						"exited_block_event": {
							"event": "kill"
						}
					}
				]
			}
		},
		"events": {
			"kill": {
				"sequence": [
					{
						"add": {
							"component_groups": [
								"kills"
							]
						}
					}
				]
			}
		}
	}
}