{
	"format_version": "1.17.0",
	"minecraft:entity": {
		"description": {
			"identifier": "ef:nothing",
			"is_spawnable": false,
			"is_summonable": true,
			"is_experimental": false
		},
		"component_groups": {
			"kills": {
				"minecraft:instant_despawn": {}
			}
		},
		"components": {
			"minecraft:type_family": {
				"family": [
					"inanimate"
				]
			},
			"minecraft:collision_box": {
				"width": 0.25,
				"height": 0.4
			},
			"minecraft:physics": {
				"has_collision": false,
				"has_gravity": false
			},
			"minecraft:fire_immune": true,
			"minecraft:damage_sensor": {
				"triggers": [
					{
						"cause": "all",
						"deals_damage": false
					}
				]
			},
			"minecraft:breathable": {
				"breathes_solids": true
			},
			"minecraft:inside_block_notifier": {
				"block_list": [
					{
						"block": {
							"name": "minecraft:air"
						},
						"entered_block_event": {
							"event": "kill"
						}
					}
				]
			}
		},
		"events": {
			"kill": {
				"sequence": [
					{
						"add": {
							"component_groups": [
								"kills"
							]
						}
					}
				]
			}
		}
	}
}