{
	"format_version": "1.20.80",
	"minecraft:entity": {
		"description": {
			"identifier": "fr:stage_spotlight_vfx",
			"is_spawnable": false,
			"is_summonable": true,
			"is_experimental": false
		},
		"component_groups": {
			"despawn_entity": {
				"minecraft:instant_despawn": {}
			}
		},
		"components": {
			"minecraft:inside_block_notifier": {
				"block_list": [
					{
						"block": "fr:stage_spotlight",
						"exited_block_event": {
							"event": "destroy",
							"target": "self"
						}
					}
				]
			},
			"minecraft:type_family": {
				"family": [
					"book",
					"inanimate"
				]
			},
			"minecraft:is_dyeable": {
				"interact_text": "action.interact.dye"
			},
			"minecraft:color": {
				"value": 0
			},
			"minecraft:collision_box": {
				"height": 0,
				"width": 0
			},
			"minecraft:custom_hit_test": {
				"hitboxes": [
					{
						"width": 0.7,
						"height": 0.7,
						"pivot": [
							0,
							-0.05,
							0.6
						]
					}
				]
			},
			"minecraft:health": {
				"value": 1,
				"min": 1,
				"max": 1
			},
			"minecraft:fire_immune": {},
			"minecraft:damage_sensor": {
				"triggers": {
					"cause": "all",
					"deals_damage": false
				}
			}
		},
		"events": {
			"destroy": {
				"add": {
					"component_groups": [
						"despawn_entity"
					]
				}
			}
		}
	}
}