{
    "format_version": "1.21.30",
    "minecraft:block": {
        "description": {
            "identifier": "fr:ceiling_black",
            "menu_category": {
                "category": "construction"
            },
            "states": {}
        },
        "components": {
            "tag:minecraft:is_pickaxe_item_destructible": {},
            "minecraft:geometry": {
                "culling": "fbdr:blocks_culling",
                "identifier": "minecraft:geometry.full_block"
            },
            "minecraft:destructible_by_explosion": {
                "explosion_resistance": 5
            },
            "minecraft:destructible_by_mining": {
                "seconds_to_destroy": 3
            },
            "minecraft:flammable": false,
            "minecraft:map_color": "#222d75",
            "minecraft:light_dampening": 15,
            "minecraft:redstone_conductivity": {
                "allows_wire_to_step_down": true,
                "redstone_conductor": true
            },
            "minecraft:material_instances": {
                "*": {
                    "texture": "ceiling_black",
                    "render_method": "opaque",
                    "face_dimming": true,
                    "ambient_occlusion": true
                }
            }
        }
    }
}