{
	"format_version": "1.21.0",
	"minecraft:geometry": [
		{
			"description": {
				"identifier": "geometry.entrance_door",
				"texture_width": 130,
				"texture_height": 130,
				"visible_bounds_width": 5,
				"visible_bounds_height": 4.5,
				"visible_bounds_offset": [0, 1.75, 0]
			},
			"bones": [
				{
					"name": "big_door",
					"pivot": [0, 10.61111, 0]
				},
				{
					"name": "door_formL",
					"parent": "big_door",
					"pivot": [-21, 0, 0],
					"cubes": [
						{
							"origin": [-23, 0, -1.5],
							"size": [23, 47, 3],
							"uv": {
								"north": {"uv": [0, 0], "uv_size": [23, 47]},
								"east": {"uv": [64, 32], "uv_size": [4, 47]},
								"south": {"uv": [23, 0], "uv_size": [-23, 47]},
								"west": {"uv": [68, 32], "uv_size": [4, 47]},
								"up": {"uv": [68, 43], "uv_size": [4, 21], "uv_rotation": 90},
								"down": {"uv": [81, 36], "uv_size": [21, -4]}
							}
						}
					]
				},
				{
					"name": "door_windowR",
					"parent": "door_formL",
					"pivot": [-12, 18.16667, 0],
					"cubes": [
						{
							"origin": [-18, 8, -1.5],
							"size": [12, 35, 3],
							"uv": {
								"east": {"uv": [97, 42], "uv_size": [4, 35]},
								"west": {"uv": [97, 42], "uv_size": [4, 35]},
								"up": {"uv": [101, 42], "uv_size": [12, 4]},
								"down": {"uv": [101, 50], "uv_size": [12, -4]}
							}
						},
						{
							"origin": [-18, 8, 0],
							"size": [12, 35, 0],
							"uv": {
								"north": {"uv": [48, 0], "uv_size": [12, 35]}
							}
						}
					]
				},
				{
					"name": "door_hanldeL",
					"parent": "door_windowR",
					"pivot": [-2.5, 22, -0.3],
					"cubes": [
						{
							"origin": [-4, 16, 1.7],
							"size": [3, 12, 0],
							"pivot": [-2.5, 22, 1.7],
							"rotation": [-180, 0, 180],
							"uv": {
								"north": {"uv": [64, 32], "uv_size": [-3, 12]}
							}
						},
						{
							"origin": [-4, 16, -2.3],
							"size": [3, 12, 0],
							"uv": {
								"north": {"uv": [61, 32], "uv_size": [3, 12]}
							}
						}
					]
				},
				{
					"name": "door_formR",
					"parent": "big_door",
					"pivot": [21, 0, 0],
					"cubes": [
						{
							"origin": [0, 0, -1.5],
							"size": [23, 47, 3],
							"uv": {
								"north": {"uv": [23, 0], "uv_size": [23, 47]},
								"east": {"uv": [68, 32], "uv_size": [4, 47]},
								"south": {"uv": [46, 0], "uv_size": [-23, 47]},
								"west": {"uv": [64, 32], "uv_size": [4, 47]},
								"up": {"uv": [68, 43], "uv_size": [4, 21], "uv_rotation": 90},
								"down": {"uv": [102, 36], "uv_size": [21, -4]}
							}
						}
					]
				},
				{
					"name": "door_windowL",
					"parent": "door_formR",
					"pivot": [12, 18.16667, 0],
					"cubes": [
						{
							"origin": [6, 8, -1.5],
							"size": [12, 35, 3],
							"uv": {
								"east": {"uv": [97, 42], "uv_size": [4, 35]},
								"west": {"uv": [97, 42], "uv_size": [4, 35]},
								"up": {"uv": [101, 42], "uv_size": [12, 4]},
								"down": {"uv": [101, 50], "uv_size": [12, -4]}
							}
						},
						{
							"origin": [6, 8, 0],
							"size": [12, 35, 0],
							"uv": {
								"north": {"uv": [48, 0], "uv_size": [12, 35]}
							}
						}
					]
				},
				{
					"name": "door_hanldeR",
					"parent": "door_windowL",
					"pivot": [2.5, 22, -0.3],
					"cubes": [
						{
							"origin": [1, 16, 1.7],
							"size": [3, 12, 0],
							"pivot": [2.5, 22, 1.7],
							"rotation": [-180, 0, 180],
							"uv": {
								"north": {"uv": [61, 32], "uv_size": [3, 12]}
							}
						},
						{
							"origin": [1, 16, -2.3],
							"size": [3, 12, 0],
							"uv": {
								"north": {"uv": [64, 32], "uv_size": [-3, 12]}
							}
						}
					]
				},
				{
					"name": "door_frame",
					"parent": "big_door",
					"pivot": [0, 31.83333, 0],
					"rotation": [0, 180, 0],
					"cubes": [
						{
							"origin": [-26, 0, -9],
							"size": [3, 47, 18],
							"uv": {
								"north": {"uv": [72, 32], "uv_size": [3, 47]},
								"east": {"uv": [48, 47], "uv_size": [16, 47]},
								"south": {"uv": [78, 32], "uv_size": [3, 47]},
								"west": {"uv": [32, 47], "uv_size": [16, 47]},
								"up": {"uv": [81, 42], "uv_size": [3, 16]},
								"down": {"uv": [84, 58], "uv_size": [3, -16]}
							}
						},
						{
							"origin": [-26, 47, -9],
							"size": [52, 3, 18],
							"uv": {
								"north": {"uv": [78, 127], "uv_size": [52, 3]},
								"east": {"uv": [67, 83], "uv_size": [16, 3]},
								"south": {"uv": [78, 127], "uv_size": [52, 3]},
								"west": {"uv": [67, 83], "uv_size": [16, 3]},
								"up": {"uv": [48, 92], "uv_size": [-16, -43], "uv_rotation": 90},
								"down": {"uv": [48, 92], "uv_size": [-16, -43], "uv_rotation": 90}
							}
						},
						{
							"origin": [23, 0, -9],
							"size": [3, 47, 18],
							"uv": {
								"north": {"uv": [78, 32], "uv_size": [3, 47]},
								"east": {"uv": [32, 47], "uv_size": [16, 47]},
								"south": {"uv": [72, 32], "uv_size": [3, 47]},
								"west": {"uv": [48, 47], "uv_size": [16, 47]},
								"up": {"uv": [83, 83], "uv_size": [3, 16]},
								"down": {"uv": [84, 58], "uv_size": [3, -16]}
							}
						}
					]
				}
			]
		}
	]
}