{
	"format_version": "1.10.0",
	"minecraft:client_entity": {
		"description": {
			"identifier": "fr:entrance_door",
			"materials": {
				"default": "entity_alphatest"
			},
			"textures": {
				"default": "textures/entity/entrance_door"
			},
			"geometry": {
				"default": "geometry.entrance_door"
			},
			"animations": {
				"door_open": "animation.entrance_door.open",
				"door_closed": "animation.entrance_door.closed",
				"door_open_perm": "animation.entrance_door.open_idle",
				"controller.door_state": "controller.animation.entrance_door_state"
			},
			"scripts": {
				"animate": [
					"controller.door_state"
				]
			},
			"render_controllers": [
				"controller.render.skeleton"
			]
		}
	}
}