{
	"format_version": "1.8.0",
	"animations": {
		"animation.chica_stage": {
			"loop": true,
			"bones": {
				"head": {
					"rotation": [10, 0, 0]
				},
				"eyelid": {
					"position": [0, -0.1, 0]
				},
				"eyelid2": {
					"position": [0, -0.1, 0]
				},
				"armL": {
					"rotation": [7.49294, -0.32621, -50.02136]
				},
				"lower": {
					"rotation": [-92.32713, -50.04494, 43.29817]
				},
				"hand": {
					"rotation": [-7.5, 0, 0]
				},
				"fingers": {
					"rotation": [0, 0, -15]
				},
				"armR": {
					"rotation": [-25, -10, 65]
				},
				"lower2": {
					"rotation": [-92.10617, -27.31769, 117.44329]
				},
				"lower3": {
					"rotation": [0, 5, 0]
				},
				"lower4": {
					"rotation": [0, -7.5, 0]
				},
				"bone": {
					"rotation": [40, 0, 0]
				},
				"mr.cupcake": {
					"rotation": [90, 0, 0]
				},
				"mr.cupcake2": {
					"rotation": [90, 0, 0],
					"scale": 0
				},
				"Pizza4": {
					"scale": 0
				},
				"bone6": {
					"scale": 0
				},
				"bone7": {
					"scale": 0
				},
				"bone8": {
					"scale": 0
				},
				"bone9": {
					"scale": 0
				},
				"bone10": {
					"scale": 0
				}
			}
		},
		"animation.chica_stare": {
			"loop": true,
			"bones": {
				"head": {
					"rotation": [0.02022, 62.538, -0.41604]
				},
				"beakjaw": {
					"rotation": [0, 0, 0]
				},
				"eyelid": {
					"position": [0, -0.1, 0]
				},
				"eyelid2": {
					"position": [0, -0.1, 0]
				},
				"armL": {
					"rotation": [7.49294, -0.32621, -50.02136]
				},
				"lower": {
					"rotation": [-92.32713, -50.04494, 43.29817]
				},
				"hand": {
					"rotation": [-7.5, 0, 0]
				},
				"fingers": {
					"rotation": [0, 0, -15]
				},
				"armR": {
					"rotation": [-25, -10, 65]
				},
				"lower2": {
					"rotation": [-92.10617, -27.31769, 117.44329]
				},
				"lower3": {
					"rotation": [0, 5, 0]
				},
				"lower4": {
					"rotation": [0, -7.5, 0]
				},
				"bone": {
					"rotation": [40, 0, 0]
				},
				"mr.cupcake": {
					"rotation": [87.5, 0, 0]
				},
				"mr.cupcake2": {
					"rotation": [90, 0, 0]
				},
				"cupcake2": {
					"scale": 0
				},
				"Pizza4": {
					"scale": 0
				},
				"bone6": {
					"scale": 0
				},
				"bone7": {
					"scale": 0
				},
				"bone8": {
					"scale": 0
				},
				"bone9": {
					"scale": 0
				},
				"bone10": {
					"scale": 0
				}
			}
		},
		"animation.chica_merch_render": {
			"loop": true,
			"bones": {
				"head": {
					"rotation": [2.19131, -19.81524, 1.91898]
				},
				"beakjaw": {
					"rotation": [17.5, 0, 0]
				},
				"pupil": {
					"position": [-0.2, 0, 0]
				},
				"eyelid": {
					"position": [0, 0.2, 0]
				},
				"pupil2": {
					"position": [-0.2, 0, 0]
				},
				"eyelid2": {
					"position": [0, 0.2, 0]
				},
				"armL": {
					"rotation": [12.82972, 1.91378, -46.74516]
				},
				"lower": {
					"rotation": [-69.51385, -6.38499, 227.41095]
				},
				"hand": {
					"rotation": [0, 0, 0]
				},
				"armR": {
					"rotation": [-7.20694, -7.7662, 45.18735]
				},
				"lower2": {
					"rotation": [-70.95527, 56.41169, 0.49883]
				},
				"fingers3": {
					"rotation": [0, 0, 17.5]
				},
				"thumb4": {
					"rotation": [30, 0, 0]
				},
				"lower3": {
					"rotation": [0, 5, 0]
				},
				"lower4": {
					"rotation": [0, -7.5, 0]
				},
				"mr.cupcake": {
					"rotation": [90, 0, 0],
					"scale": 0
				},
				"mr.cupcake2": {
					"rotation": [80, 0, 0],
					"scale": 1
				},
				"cupcake2": {
					"scale": 1
				},
				"Pizza4": {
					"scale": 0
				},
				"bone6": {
					"scale": 0
				},
				"bone7": {
					"scale": 0
				},
				"bone8": {
					"scale": 0
				},
				"bone9": {
					"scale": 0
				},
				"bone10": {
					"scale": 0
				}
			}
		},
		"animation.chica_thank_you": {
			"loop": true,
			"bones": {
				"head": {
					"rotation": [0.66951, 0.04961, 7.47022]
				},
				"eyelid": {
					"position": [0, 0.2, 0]
				},
				"eyelid2": {
					"position": [0, 0.2, 0]
				},
				"armL": {
					"rotation": [6.10094, 2.73622, -62.09128]
				},
				"lower": {
					"rotation": [-73.32938, -7.53276, 241.74927]
				},
				"hand": {
					"rotation": [0, 0, 0]
				},
				"armR": {
					"rotation": [14.33408, -7.08823, 52.7055]
				},
				"lower2": {
					"rotation": [-85.27753, 58.28461, -33.49732]
				},
				"fingers3": {
					"rotation": [0, 0, 10]
				},
				"thumb4": {
					"rotation": [30, 0, 0]
				},
				"lower3": {
					"rotation": [0, 5, 0]
				},
				"lower4": {
					"rotation": [0, -7.5, 0]
				},
				"mr.cupcake": {
					"rotation": [90, 0, 0],
					"scale": 0
				},
				"mr.cupcake2": {
					"rotation": [80, 0, 0],
					"scale": 1
				},
				"cupcake2": {
					"scale": 1
				},
				"Pizza4": {
					"scale": 0
				},
				"bone6": {
					"scale": 0
				},
				"bone7": {
					"scale": 0
				},
				"bone8": {
					"scale": 0
				},
				"bone9": {
					"scale": 0
				},
				"bone10": {
					"scale": 0
				}
			}
		},
		"animation.chica_ar_render": {
			"loop": true,
			"bones": {
				"head": {
					"rotation": [4.8993, 0.95133, -11.85913]
				},
				"jaw": {
					"rotation": [5, 0, 0]
				},
				"pupil": {
					"position": [0.2, 0, 0]
				},
				"eyelid": {
					"position": [0, 0.2, 0]
				},
				"pupil2": {
					"position": [0.2, 0, 0]
				},
				"eyelid2": {
					"position": [0, 0.2, 0]
				},
				"armL": {
					"rotation": [6.10094, 2.73622, -62.09128]
				},
				"lower": {
					"rotation": [-121.89169, -27.06868, 253.51657]
				},
				"hand": {
					"rotation": [0, 0, 25]
				},
				"armR": {
					"rotation": [15.00182, -8.5625, 52.4983]
				},
				"lower2": {
					"rotation": [-37.35477, 40.26768, 12.29972]
				},
				"hand2": {
					"rotation": [0, 0, 12.5]
				},
				"fingers3": {
					"rotation": [0, 0, 10]
				},
				"thumb4": {
					"rotation": [30, 0, 0]
				},
				"lower3": {
					"rotation": [0, 5, 0]
				},
				"lower4": {
					"rotation": [0, -7.5, 0]
				},
				"mr.cupcake": {
					"rotation": [90, 0, 0],
					"scale": 0.1
				},
				"mr.cupcake2": {
					"rotation": [127.5, 0, 0],
					"scale": 1
				},
				"cupcake2": {
					"rotation": [0, -30, 0],
					"scale": 1
				},
				"Jaw2": {
					"rotation": [-32.5, 0, 0]
				},
				"Saw3": {
					"position": [0, 1, 0]
				},
				"bone2": {
					"position": [-0.1, -0.3, 0]
				},
				"Pizza4": {
					"scale": 0
				},
				"bone6": {
					"scale": 0
				},
				"bone7": {
					"scale": 0
				},
				"bone8": {
					"scale": 0
				},
				"bone9": {
					"scale": 0
				},
				"bone10": {
					"scale": 0
				}
			}
		},
		"animation.chica_teaser": {
			"loop": true,
			"bones": {
				"Chica": {
					"rotation": [0, 10, 0]
				},
				"upperpart": {
					"rotation": [0.43688, 4.98093, 5.019]
				},
				"ChicaHead": {
					"rotation": [0, -37.5, 0]
				},
				"head": {
					"rotation": [0, 17.5, 0]
				},
				"beakjaw": {
					"rotation": [17.5, 0, 0]
				},
				"eyelid": {
					"position": [0, -2.3, 0]
				},
				"eyelid2": {
					"position": [0, -2.3, 0]
				},
				"armL": {
					"rotation": [-180.92452, 66.94219, -115.50905]
				},
				"lower": {
					"rotation": [-7.5, 0, -12.5]
				},
				"fingers": {
					"rotation": [0, 0, -27.5]
				},
				"thumb": {
					"rotation": [1.81693, -19.92066, -5.3191]
				},
				"armR": {
					"rotation": [-36.54514, 9.06524, 12.0012]
				},
				"lower2": {
					"rotation": [-132.52862, -364.59326, -188.02314]
				},
				"fingers3": {
					"rotation": [0, 0, 12.5]
				},
				"thumb3": {
					"rotation": [-0.65748, 7.52773, 4.8713]
				},
				"legL": {
					"rotation": [0, 15, 0]
				},
				"legR": {
					"rotation": [0, -12.5, 0]
				},
				"mr.cupcake2": {
					"scale": 0
				},
				"cupcake2": {
					"rotation": [-5.5, 67.5, 0],
					"position": [-0.5, -1, 0]
				},
				"mr.cupcake": {
					"rotation": [90, 7.5, 0]
				},
				"Pizza4": {
					"scale": 0
				},
				"bone6": {
					"scale": 0
				},
				"bone7": {
					"scale": 0
				},
				"bone8": {
					"scale": 0
				},
				"bone9": {
					"scale": 0
				},
				"bone10": {
					"scale": 0
				}
			}
		},
		"animation.chica_wink": {
			"loop": true,
			"bones": {
				"head": {
					"rotation": [4.93623, 8.55346, -11.81028]
				},
				"jaw": {
					"rotation": [0, 0, 0]
				},
				"beakjaw": {
					"rotation": [15, 0, 0]
				},
				"eyelid": {
					"rotation": [90, 0, 0],
					"position": [0, 0.4, -1.3]
				},
				"eyelid2": {
					"position": [0, 0.2, 0]
				},
				"armL": {
					"rotation": [-27.27387, 5.60324, -56.7961]
				},
				"lower": {
					"rotation": [-21.68552, -48.69172, -16.51957]
				},
				"hand": {
					"rotation": [-7.5, 0, 0]
				},
				"fingers": {
					"rotation": [0, 0, -15]
				},
				"armR": {
					"rotation": [-5.49369, -3.56338, 59.8521]
				},
				"lower2": {
					"rotation": [-32.10923, 55.53982, 3.8435]
				},
				"fingers3": {
					"rotation": [0, 0, 17.5]
				},
				"thumb4": {
					"rotation": [27.5, 0, 0]
				},
				"lower3": {
					"rotation": [0, 5, 0]
				},
				"lower4": {
					"rotation": [0, -7.5, 0]
				},
				"bone": {
					"rotation": [40, 0, 0]
				},
				"mr.cupcake": {
					"rotation": [90, 0, 0],
					"scale": 0
				},
				"mr.cupcake2": {
					"rotation": [90, 0, 0],
					"scale": 0
				},
				"Pizza4": {
					"scale": 0
				},
				"bone6": {
					"scale": 0
				},
				"bone7": {
					"scale": 0
				},
				"bone8": {
					"scale": 0
				},
				"bone9": {
					"scale": 0
				},
				"bone10": {
					"scale": 0
				},
				"Chica": {
					"rotation": [0, -10, 0]
				},
				"upperpart": {
					"rotation": [7.47178, 0.65182, -4.95744]
				},
				"eyebrowL": {
					"rotation": [0, 0, -17.5]
				},
				"eyebrowR": {
					"rotation": [0, 0, 17.5]
				},
				"legR": {
					"rotation": [0, -12.5, -5]
				},
				"foot2": {
					"rotation": [2.5, 0, 5]
				}
			}
		},
		"animation.chica_eat_pizza": {
			"loop": true,
			"bones": {
				"head": {
					"rotation": [14.00433, 33.11024, 15.2706]
				},
				"jaw": {
					"rotation": [0, 0, 0]
				},
				"beakjaw": {
					"rotation": [25, 0, 0]
				},
				"eyelid": {
					"position": [0, 0.4, 0]
				},
				"eyelid2": {
					"position": [0, 0.4, 0]
				},
				"armL": {
					"rotation": [-12.27387, 5.60324, -56.7961]
				},
				"lower": {
					"rotation": [-111.87036, -9.28222, -43.13823]
				},
				"hand": {
					"rotation": [-23.65518, -4.29357, -34.76905]
				},
				"fingers": {
					"rotation": [0, 0, -15]
				},
				"armR": {
					"rotation": [9.04753, -6.76167, 44.9908]
				},
				"lower2": {
					"rotation": [-32.10923, 55.53982, 3.8435]
				},
				"fingers3": {
					"rotation": [0, 0, 17.5]
				},
				"thumb4": {
					"rotation": [27.5, 0, 0]
				},
				"lower3": {
					"rotation": [0, 5, 0]
				},
				"lower4": {
					"rotation": [0, -7.5, 0]
				},
				"bone": {
					"rotation": [40, 0, 0]
				},
				"mr.cupcake": {
					"rotation": [90, 0, 0],
					"scale": 0
				},
				"mr.cupcake2": {
					"rotation": [90, 0, 0],
					"scale": 0
				},
				"Pizza4": {
					"rotation": [0, 0, -7.5],
					"scale": 1
				},
				"bone6": {
					"scale": 0
				},
				"bone7": {
					"scale": 0
				},
				"bone8": {
					"scale": 0
				},
				"bone9": {
					"scale": 0
				},
				"bone10": {
					"scale": 0
				},
				"upperpart": {
					"rotation": [0, -12.5, 0]
				},
				"eyebrowL": {
					"rotation": [0, 0, -12.5]
				},
				"eyebrowR": {
					"rotation": [0, 0, 20]
				},
				"pupil": {
					"position": [0.2, 0, 0]
				},
				"pupil2": {
					"position": [0.2, 0, 0]
				},
				"legL": {
					"rotation": [0, 12.5, 7.5]
				},
				"foot": {
					"rotation": [2.49762, -0.10901, -7.50238]
				}
			}
		},
		"animation.chica_eat_pizza2": {
			"loop": true,
			"bones": {
				"head": {
					"rotation": [14.00433, 33.11024, 15.2706]
				},
				"jaw": {
					"rotation": [0, 0, 0]
				},
				"beakjaw": {
					"rotation": [25, 0, 0]
				},
				"eyelid": {
					"position": [0, 0.4, 0]
				},
				"eyelid2": {
					"position": [0, 0.4, 0]
				},
				"armL": {
					"rotation": [-12.27387, 5.60324, -56.7961]
				},
				"lower": {
					"rotation": [-111.87036, -9.28222, -43.13823]
				},
				"hand": {
					"rotation": [-23.65518, -4.29357, -34.76905]
				},
				"fingers": {
					"rotation": [0, 0, -15]
				},
				"armR": {
					"rotation": [9.04753, -6.76167, 44.9908]
				},
				"lower2": {
					"rotation": [-32.10923, 55.53982, 3.8435]
				},
				"fingers3": {
					"rotation": [0, 0, 17.5]
				},
				"thumb4": {
					"rotation": [27.5, 0, 0]
				},
				"lower3": {
					"rotation": [0, 5, 0]
				},
				"lower4": {
					"rotation": [0, -7.5, 0]
				},
				"bone": {
					"rotation": [40, 0, 0]
				},
				"mr.cupcake": {
					"rotation": [90, 0, 0],
					"position": [0, 30, 0],
					"scale": 0.9
				},
				"mr.cupcake2": {
					"rotation": [90, 0, 0],
					"scale": 0
				},
				"Pizza4": {
					"rotation": [0, 0, -7.5],
					"scale": 1
				},
				"bone6": {
					"scale": 0
				},
				"bone7": {
					"scale": 0
				},
				"bone8": {
					"scale": 0
				},
				"bone9": {
					"scale": 0
				},
				"bone10": {
					"scale": 0
				},
				"upperpart": {
					"rotation": [0, -12.5, 0]
				},
				"eyebrowL": {
					"rotation": [0, 0, -12.5]
				},
				"eyebrowR": {
					"rotation": [0, 0, 20]
				},
				"pupil": {
					"position": [0.2, 0, 0]
				},
				"pupil2": {
					"position": [0.2, 0, 0]
				},
				"legL": {
					"rotation": [0, 12.5, 7.5]
				},
				"foot": {
					"rotation": [2.49762, -0.10901, -7.50238]
				},
				"cupcake": {
					"rotation": [-70.70378, 36.67822, 123.9599],
					"position": [1, 0, -16]
				},
				"Plate": {
					"scale": 0.3
				},
				"Jaw6": {
					"rotation": [-20, 0, 0]
				}
			}
		},
		"animation.chica_stand": {
			"loop": true,
			"bones": {
				"head": {
					"rotation": [5, 0, 0]
				},
				"jaw": {
					"rotation": [0, 0, 0]
				},
				"beakjaw": {
					"rotation": [10, 0, 0]
				},
				"eyelid": {
					"position": [0, -0.1, 0]
				},
				"eyelid2": {
					"position": [0, -0.1, 0]
				},
				"armL": {
					"rotation": [7.72613, 5.60324, -56.7961]
				},
				"lower": {
					"rotation": [-25.55624, -55.56883, -11.62619]
				},
				"hand": {
					"rotation": [-7.5, 0, 0]
				},
				"fingers": {
					"rotation": [0, 0, -15]
				},
				"armR": {
					"rotation": [9.61382, -5.102, 57.30927]
				},
				"lower2": {
					"rotation": [-32.10923, 55.53982, 3.8435]
				},
				"fingers3": {
					"rotation": [0, 0, 17.5]
				},
				"thumb4": {
					"rotation": [27.5, 0, 0]
				},
				"lower3": {
					"rotation": [0, 5, 0]
				},
				"lower4": {
					"rotation": [0, -7.5, 0]
				},
				"bone": {
					"rotation": [40, 0, 0]
				},
				"mr.cupcake": {
					"rotation": [90, 0, 0],
					"scale": 0
				},
				"mr.cupcake2": {
					"rotation": [90, 0, 0],
					"scale": 0
				},
				"Pizza4": {
					"scale": 0
				},
				"bone6": {
					"scale": 0
				},
				"bone7": {
					"scale": 0
				},
				"bone8": {
					"scale": 0
				},
				"bone9": {
					"scale": 0
				},
				"bone10": {
					"scale": 0
				}
			}
		},
		"animation.chica_dining_room": {
			"loop": true,
			"bones": {
				"head": {
					"rotation": [-13.62178, 36.34062, -18.79235]
				},
				"beakjaw": {
					"rotation": [20, 0, 0]
				},
				"pupil": {
					"position": [-0.2, -0.1, 0]
				},
				"eyelid": {
					"position": [0, -0.1, 0]
				},
				"pupil2": {
					"position": [-0.2, -0.1, 0]
				},
				"eyelid2": {
					"position": [0, -0.1, 0]
				},
				"armL": {
					"rotation": [17.23885, 2.15146, -67.34519]
				},
				"lower": {
					"rotation": [-43.04095, -4.52149, -18.84107]
				},
				"hand": {
					"rotation": [30.76835, -23.44406, -14.69046]
				},
				"fingers": {
					"rotation": [0, 0, -15]
				},
				"armR": {
					"rotation": [15, -10, 65]
				},
				"lower2": {
					"rotation": [-36.71182, 14.71822, 15.96993]
				},
				"hand2": {
					"rotation": [22.46205, 0.06278, -0.42804]
				},
				"fingers3": {
					"rotation": [0, 0, 5]
				},
				"thumb4": {
					"rotation": [27.5, 0, 0]
				},
				"lower3": {
					"rotation": [0, 5, 0]
				},
				"lower4": {
					"rotation": [0, -7.5, 0]
				},
				"bone": {
					"rotation": [40, 0, 0]
				},
				"mr.cupcake": {
					"rotation": [90, 0, 0],
					"scale": 0
				},
				"mr.cupcake2": {
					"rotation": [90, 0, 0],
					"scale": 0
				},
				"Pizza4": {
					"scale": 0
				},
				"bone6": {
					"scale": 0
				},
				"bone7": {
					"scale": 0
				},
				"bone8": {
					"scale": 0
				},
				"bone9": {
					"scale": 0
				},
				"bone10": {
					"scale": 0
				}
			}
		},
		"animation.chica_west_hall": {
			"loop": true,
			"bones": {
				"head": {
					"rotation": [4.47371, 9.61357, -22.12563],
					"position": [0, 1, 0]
				},
				"jaw": {
					"rotation": [0, 0, 0]
				},
				"beakjaw": {
					"rotation": [40, 0, 0]
				},
				"pupil": {
					"position": [-0.2, 0, 0]
				},
				"eyelid": {
					"position": [0, -0.1, 0]
				},
				"pupil2": {
					"position": [-0.2, 0, 0]
				},
				"eyelid2": {
					"position": [0, -0.1, 0]
				},
				"armL": {
					"rotation": [7.72613, 5.60324, -56.7961]
				},
				"lower": {
					"rotation": [-25.55624, -55.56883, -11.62619]
				},
				"hand": {
					"rotation": [-7.5, 0, 0]
				},
				"fingers": {
					"rotation": [0, 0, -15]
				},
				"armR": {
					"rotation": [9.61382, -5.102, 57.30927]
				},
				"lower2": {
					"rotation": [-32.10923, 55.53982, 3.8435]
				},
				"fingers3": {
					"rotation": [0, 0, 17.5]
				},
				"thumb4": {
					"rotation": [27.5, 0, 0]
				},
				"lower3": {
					"rotation": [0, 5, 0]
				},
				"lower4": {
					"rotation": [0, -7.5, 0]
				},
				"bone": {
					"rotation": [40, 0, 0]
				},
				"mr.cupcake": {
					"rotation": [90, 0, 0],
					"scale": 0
				},
				"mr.cupcake2": {
					"rotation": [90, 0, 0],
					"scale": 0
				},
				"Pizza4": {
					"scale": 0
				},
				"bone6": {
					"scale": 0
				},
				"bone7": {
					"scale": 0
				},
				"bone8": {
					"scale": 0
				},
				"bone9": {
					"scale": 0
				},
				"bone10": {
					"scale": 0
				}
			}
		},
		"animation.chica_look_up": {
			"loop": true,
			"bones": {
				"head": {
					"rotation": [-29.61555, -20.8922, 20.64086]
				},
				"jaw": {
					"rotation": [0, 0, 0]
				},
				"beakjaw": {
					"rotation": [0, 0, 0]
				},
				"pupil": {
					"position": [0, 0.1, 0]
				},
				"eyelid": {
					"position": [0, -0.3, 0]
				},
				"pupil2": {
					"position": [0, 0.1, 0]
				},
				"eyelid2": {
					"position": [0, -0.3, 0]
				},
				"armL": {
					"rotation": [7.72613, 5.60324, -56.7961]
				},
				"lower": {
					"rotation": [-25.55624, -55.56883, -11.62619]
				},
				"hand": {
					"rotation": [-7.5, 0, 0]
				},
				"fingers": {
					"rotation": [0, 0, -15]
				},
				"armR": {
					"rotation": [9.61382, -5.102, 57.30927]
				},
				"lower2": {
					"rotation": [-32.10923, 55.53982, 3.8435]
				},
				"fingers3": {
					"rotation": [0, 0, 17.5]
				},
				"thumb4": {
					"rotation": [27.5, 0, 0]
				},
				"lower3": {
					"rotation": [0, 5, 0]
				},
				"lower4": {
					"rotation": [0, -7.5, 0]
				},
				"bone": {
					"rotation": [40, 0, 0]
				},
				"mr.cupcake": {
					"rotation": [90, 0, 0],
					"scale": 0
				},
				"mr.cupcake2": {
					"rotation": [90, 0, 0],
					"scale": 0
				},
				"Pizza4": {
					"scale": 0
				},
				"bone6": {
					"scale": 0
				},
				"bone7": {
					"scale": 0
				},
				"bone8": {
					"scale": 0
				},
				"bone9": {
					"scale": 0
				},
				"bone10": {
					"scale": 0
				}
			}
		},
		"animation.chica_floor_sit_cupcake": {
			"loop": true,
			"bones": {
				"Chica": {
					"position": [0, -10.5, 3]
				},
				"upperpart": {
					"rotation": [10, 0, 0],
					"position": [0, -1, 0]
				},
				"head": {
					"rotation": [7.87768, -8.19884, 18.56552],
					"position": [0, 0, -1]
				},
				"beakjaw": {
					"rotation": [25, 0, 0]
				},
				"pupil": {
					"position": [-0.2, 0, 0]
				},
				"eyelid": {
					"position": [0, 0.3, 0]
				},
				"pupil2": {
					"position": [-0.2, 0, 0]
				},
				"eyelid2": {
					"position": [0, 0.3, 0]
				},
				"armL": {
					"rotation": [7.49294, -0.32621, -50.02136]
				},
				"lower": {
					"rotation": [-74.08362, -25.18787, -7.21366]
				},
				"hand": {
					"rotation": [-7.15656, -2.24944, -17.35932]
				},
				"fingers": {
					"rotation": [0, 0, -15]
				},
				"armR": {
					"rotation": [-25, -10, 65]
				},
				"lower2": {
					"rotation": [-96.98909, -19.82246, 117.15113]
				},
				"pelvissuit": {
					"position": [0, -2, 0]
				},
				"legL": {
					"rotation": [-90, 6.79606, -4.76053],
					"position": [0, -2, -3]
				},
				"lower3": {
					"rotation": [5, -7.5, 0]
				},
				"foot": {
					"rotation": [17.5, 0, 0]
				},
				"legR": {
					"rotation": [-90, -12.5, 0],
					"position": [0, -2, -3]
				},
				"lower4": {
					"rotation": [5, 5, 0]
				},
				"foot2": {
					"rotation": [20, 0, 0]
				},
				"bone": {
					"rotation": [40, 0, 0]
				},
				"mr.cupcake": {
					"rotation": [90, 0, 0]
				},
				"mr.cupcake2": {
					"rotation": [90, 0, 0],
					"scale": 0
				},
				"Pizza4": {
					"scale": 0
				},
				"bone6": {
					"scale": 0
				},
				"bone7": {
					"scale": 0
				},
				"bone8": {
					"scale": 0
				},
				"bone9": {
					"scale": 0
				},
				"bone10": {
					"scale": 0
				}
			}
		},
		"animation.chica_twitch": {
			"loop": true,
			"bones": {
				"head": {
					"rotation": [-5.11623, -45.80718, -26.97943]
				},
				"jaw": {
					"rotation": [0, 0, 0]
				},
				"beakjaw": {
					"rotation": [37.5, 0, 0]
				},
				"pupil": {
					"position": [0, -0.1, 0]
				},
				"eyelid": {
					"position": [0, 0.1, 0]
				},
				"pupil2": {
					"position": [0, -0.1, 0]
				},
				"eyelid2": {
					"position": [0, 0.1, 0]
				},
				"armL": {
					"rotation": [7.72613, 5.60324, -56.7961]
				},
				"lower": {
					"rotation": [-25.55624, -55.56883, -11.62619]
				},
				"hand": {
					"rotation": [-7.5, 0, 0]
				},
				"fingers": {
					"rotation": [0, 0, -15]
				},
				"armR": {
					"rotation": [9.61382, -5.102, 57.30927]
				},
				"lower2": {
					"rotation": [-32.10923, 55.53982, 3.8435]
				},
				"fingers3": {
					"rotation": [0, 0, 17.5]
				},
				"thumb4": {
					"rotation": [27.5, 0, 0]
				},
				"lower3": {
					"rotation": [0, 5, 0]
				},
				"lower4": {
					"rotation": [0, -7.5, 0]
				},
				"bone": {
					"rotation": [40, 0, 0]
				},
				"mr.cupcake": {
					"rotation": [90, 0, 0],
					"scale": 0
				},
				"mr.cupcake2": {
					"rotation": [90, 0, 0],
					"scale": 0
				},
				"Pizza4": {
					"scale": 0
				},
				"bone6": {
					"scale": 0
				},
				"bone7": {
					"scale": 0
				},
				"bone8": {
					"scale": 0
				},
				"bone9": {
					"scale": 0
				},
				"bone10": {
					"scale": 0
				}
			}
		},
		"animation.chica_sit_cupcake": {
			"loop": true,
			"bones": {
				"Chica": {
					"position": [0, -12.5, -3]
				},
				"upperpart": {
					"rotation": [10, 0, 0],
					"position": [0, -1, 0]
				},
				"head": {
					"rotation": [7.87768, -8.19884, 18.56552],
					"position": [0, 0, -1]
				},
				"beakjaw": {
					"rotation": [25, 0, 0]
				},
				"pupil": {
					"position": [-0.2, 0, 0]
				},
				"eyelid": {
					"position": [0, 0.3, 0]
				},
				"pupil2": {
					"position": [-0.2, 0, 0]
				},
				"eyelid2": {
					"position": [0, 0.3, 0]
				},
				"armL": {
					"rotation": [7.49294, -0.32621, -50.02136]
				},
				"lower": {
					"rotation": [-74.08362, -25.18787, -7.21366]
				},
				"hand": {
					"rotation": [-7.15656, -2.24944, -17.35932]
				},
				"fingers": {
					"rotation": [0, 0, -15]
				},
				"armR": {
					"rotation": [-25, -10, 65]
				},
				"lower2": {
					"rotation": [-96.98909, -19.82246, 117.15113]
				},
				"pelvissuit": {
					"position": [0, -2, 0]
				},
				"legL": {
					"rotation": [-90, 6.79606, -4.76053],
					"position": [0, -2, -3]
				},
				"lower3": {
					"rotation": [90, -7.5, 0]
				},
				"foot": {
					"rotation": [15, 0, 0]
				},
				"legR": {
					"rotation": [-90, -12.5, 0],
					"position": [0, -2, -3]
				},
				"lower4": {
					"rotation": [90, 5, 0]
				},
				"foot2": {
					"rotation": [17.5, 0, 0]
				},
				"bone": {
					"rotation": [40, 0, 0]
				},
				"mr.cupcake": {
					"rotation": [90, 0, 0]
				},
				"mr.cupcake2": {
					"rotation": [90, 0, 0],
					"scale": 0
				},
				"Pizza4": {
					"scale": 0
				},
				"bone6": {
					"scale": 0
				},
				"bone7": {
					"scale": 0
				},
				"bone8": {
					"scale": 0
				},
				"bone9": {
					"scale": 0
				},
				"bone10": {
					"scale": 0
				}
			}
		},
		"animation.chica_sit_slab_cupcake": {
			"loop": true,
			"bones": {
				"Chica": {
					"position": [0, -19.5, -3]
				},
				"upperpart": {
					"rotation": [10, 0, 0],
					"position": [0, -1, 0]
				},
				"head": {
					"rotation": [7.87768, -8.19884, 18.56552],
					"position": [0, 0, -1]
				},
				"beakjaw": {
					"rotation": [25, 0, 0]
				},
				"pupil": {
					"position": [-0.2, 0, 0]
				},
				"eyelid": {
					"position": [0, 0.3, 0]
				},
				"pupil2": {
					"position": [-0.2, 0, 0]
				},
				"eyelid2": {
					"position": [0, 0.3, 0]
				},
				"armL": {
					"rotation": [7.49294, -0.32621, -50.02136]
				},
				"lower": {
					"rotation": [-74.08362, -25.18787, -7.21366]
				},
				"hand": {
					"rotation": [-7.15656, -2.24944, -17.35932]
				},
				"fingers": {
					"rotation": [0, 0, -15]
				},
				"armR": {
					"rotation": [-25, -10, 65]
				},
				"lower2": {
					"rotation": [-96.98909, -19.82246, 117.15113]
				},
				"pelvissuit": {
					"position": [0, -2, 0]
				},
				"legL": {
					"rotation": [-90, 6.79606, -4.76053],
					"position": [0, -2, -3]
				},
				"lower3": {
					"rotation": [90, -7.5, 0]
				},
				"foot": {
					"rotation": [22.5, 0, 0]
				},
				"legR": {
					"rotation": [-90, -12.5, 0],
					"position": [0, -2, -3]
				},
				"lower4": {
					"rotation": [90, 5, 0]
				},
				"foot2": {
					"rotation": [20, 0, 0]
				},
				"bone": {
					"rotation": [40, 0, 0]
				},
				"mr.cupcake": {
					"rotation": [90, 0, 0]
				},
				"mr.cupcake2": {
					"rotation": [90, 0, 0],
					"scale": 0
				},
				"Pizza4": {
					"scale": 0
				},
				"bone6": {
					"scale": 0
				},
				"bone7": {
					"scale": 0
				},
				"bone8": {
					"scale": 0
				},
				"bone9": {
					"scale": 0
				},
				"bone10": {
					"scale": 0
				}
			}
		},
		"animation.chica_floor_sit": {
			"loop": true,
			"bones": {
				"Chica": {
					"position": [0, -10.5, 3]
				},
				"upperpart": {
					"rotation": [10, 0, 0],
					"position": [0, -1, 0]
				},
				"head": {
					"rotation": [7.87768, -8.19884, 18.56552],
					"position": [0, 0, -1]
				},
				"beakjaw": {
					"rotation": [25, 0, 0]
				},
				"pupil": {
					"position": [-0.2, 0, 0]
				},
				"eyelid": {
					"position": [0, 0.3, 0]
				},
				"pupil2": {
					"position": [-0.2, 0, 0]
				},
				"eyelid2": {
					"position": [0, 0.3, 0]
				},
				"armL": {
					"rotation": [7.49294, -0.32621, -50.02136]
				},
				"lower": {
					"rotation": [-74.08362, -25.18787, -7.21366]
				},
				"hand": {
					"rotation": [-7.15656, -2.24944, -17.35932]
				},
				"fingers": {
					"rotation": [0, 0, -15]
				},
				"armR": {
					"rotation": [-11.88331, -12.51563, 55.21926]
				},
				"lower2": {
					"rotation": [-81.02202, 39.89693, -22.28915]
				},
				"fingers3": {
					"rotation": [0, 0, 12.5]
				},
				"thumb4": {
					"rotation": [35, 0, 0]
				},
				"pelvissuit": {
					"position": [0, -2, 0]
				},
				"legL": {
					"rotation": [-90, 6.79606, -4.76053],
					"position": [0, -2, -3]
				},
				"lower3": {
					"rotation": [0, -7.5, 0]
				},
				"foot": {
					"rotation": [30, 0, 0]
				},
				"legR": {
					"rotation": [-90, -12.5, 0],
					"position": [0, -2, -3]
				},
				"lower4": {
					"rotation": [5, 5, 0]
				},
				"foot2": {
					"rotation": [20, 0, 0]
				},
				"bone": {
					"rotation": [40, 0, 0]
				},
				"mr.cupcake": {
					"rotation": [90, 0, 0],
					"scale": 0
				},
				"mr.cupcake2": {
					"rotation": [90, 0, 0],
					"scale": 0
				},
				"Pizza4": {
					"scale": 0
				},
				"bone6": {
					"scale": 0
				},
				"bone7": {
					"scale": 0
				},
				"bone8": {
					"scale": 0
				},
				"bone9": {
					"scale": 0
				},
				"bone10": {
					"scale": 0
				}
			}
		},
		"animation.chica_sit": {
			"loop": true,
			"bones": {
				"Chica": {
					"position": [0, -12.5, -3]
				},
				"upperpart": {
					"rotation": [10, 0, 0],
					"position": [0, -1, 0]
				},
				"head": {
					"rotation": [7.87768, -8.19884, 18.56552],
					"position": [0, 0, -1]
				},
				"beakjaw": {
					"rotation": [25, 0, 0]
				},
				"pupil": {
					"position": [-0.2, 0, 0]
				},
				"eyelid": {
					"position": [0, 0.3, 0]
				},
				"pupil2": {
					"position": [-0.2, 0, 0]
				},
				"eyelid2": {
					"position": [0, 0.3, 0]
				},
				"armL": {
					"rotation": [7.49294, -0.32621, -50.02136]
				},
				"lower": {
					"rotation": [-74.08362, -25.18787, -7.21366]
				},
				"hand": {
					"rotation": [-7.15656, -2.24944, -17.35932]
				},
				"fingers": {
					"rotation": [0, 0, -15]
				},
				"armR": {
					"rotation": [-11.88331, -12.51563, 55.21926]
				},
				"lower2": {
					"rotation": [-81.02202, 39.89693, -22.28915]
				},
				"fingers3": {
					"rotation": [0, 0, 12.5]
				},
				"thumb4": {
					"rotation": [35, 0, 0]
				},
				"pelvissuit": {
					"position": [0, -2, 0]
				},
				"legL": {
					"rotation": [-90, 6.79606, -4.76053],
					"position": [0, -2, -3]
				},
				"lower3": {
					"rotation": [90, -7.5, 0]
				},
				"foot": {
					"rotation": [15, 0, 0]
				},
				"legR": {
					"rotation": [-90, -12.5, 0],
					"position": [0, -2, -3]
				},
				"lower4": {
					"rotation": [90, 5, 0]
				},
				"foot2": {
					"rotation": [20, 0, 0]
				},
				"bone": {
					"rotation": [40, 0, 0]
				},
				"mr.cupcake": {
					"rotation": [0, 0, 0],
					"scale": 0
				},
				"mr.cupcake2": {
					"rotation": [90, 0, 0],
					"scale": 0
				},
				"Pizza4": {
					"scale": 0
				},
				"bone6": {
					"scale": 0
				},
				"bone7": {
					"scale": 0
				},
				"bone8": {
					"scale": 0
				},
				"bone9": {
					"scale": 0
				},
				"bone10": {
					"scale": 0
				}
			}
		},
		"animation.chica_slab_sit": {
			"loop": true,
			"bones": {
				"Chica": {
					"position": [0, -19.5, -3]
				},
				"upperpart": {
					"rotation": [10, 0, 0],
					"position": [0, -1, 0]
				},
				"head": {
					"rotation": [7.87768, -8.19884, 18.56552],
					"position": [0, 0, -1]
				},
				"beakjaw": {
					"rotation": [25, 0, 0]
				},
				"pupil": {
					"position": [-0.2, 0, 0]
				},
				"eyelid": {
					"position": [0, 0.3, 0]
				},
				"pupil2": {
					"position": [-0.2, 0, 0]
				},
				"eyelid2": {
					"position": [0, 0.3, 0]
				},
				"armL": {
					"rotation": [7.49294, -0.32621, -50.02136]
				},
				"lower": {
					"rotation": [-74.08362, -25.18787, -7.21366]
				},
				"hand": {
					"rotation": [-7.15656, -2.24944, -17.35932]
				},
				"fingers": {
					"rotation": [0, 0, -15]
				},
				"armR": {
					"rotation": [-11.88331, -12.51563, 55.21926]
				},
				"lower2": {
					"rotation": [-81.02202, 39.89693, -22.28915]
				},
				"fingers3": {
					"rotation": [0, 0, 12.5]
				},
				"thumb4": {
					"rotation": [35, 0, 0]
				},
				"pelvissuit": {
					"position": [0, -2, 0]
				},
				"legL": {
					"rotation": [-90, 6.79606, -4.76053],
					"position": [0, -2, -3]
				},
				"lower3": {
					"rotation": [90, -7.5, 0]
				},
				"foot": {
					"rotation": [20, 0, 0]
				},
				"legR": {
					"rotation": [-90, -12.5, 0],
					"position": [0, -2, -3]
				},
				"lower4": {
					"rotation": [90, 5, 0]
				},
				"foot2": {
					"rotation": [20, 0, 0]
				},
				"bone": {
					"rotation": [40, 0, 0]
				},
				"mr.cupcake": {
					"rotation": [90, 0, 0],
					"scale": 0
				},
				"mr.cupcake2": {
					"rotation": [90, 0, 0],
					"scale": 0
				},
				"Pizza4": {
					"scale": 0
				},
				"bone6": {
					"scale": 0
				},
				"bone7": {
					"scale": 0
				},
				"bone8": {
					"scale": 0
				},
				"bone9": {
					"scale": 0
				},
				"bone10": {
					"scale": 0
				}
			}
		},
		"animation.chica_lay": {
			"loop": true,
			"bones": {
				"Chica": {
					"rotation": [-90, 0, 0],
					"position": [0, 6, -23]
				},
				"head": {
					"rotation": [-3.48303, -24.77164, 8.26511]
				},
				"eyebrowL": {
					"rotation": [0, 0, 5]
				},
				"eyebrowR": {
					"rotation": [0, 0, 10]
				},
				"beakjaw": {
					"rotation": [22.0051, -11.86792, -4.22985]
				},
				"eyelid": {
					"position": [0, -0.5, 0]
				},
				"pupil2": {
					"position": [0.3, 0, 0]
				},
				"eyelid2": {
					"position": [0, 0, 0]
				},
				"armL": {
					"rotation": [-688.00103, -63.17628, -799.99913]
				},
				"lower": {
					"rotation": [-16.44407, -29.18742, 1.75907]
				},
				"hand": {
					"rotation": [8.90674, -2.0461, 7.18261]
				},
				"mr.cupcake2": {
					"scale": 0
				},
				"bone": {
					"rotation": [25, 0, 0]
				},
				"armR": {
					"rotation": [20, 0, 42.5]
				},
				"lower2": {
					"rotation": [-21.24828, 2.06194, 12.41025]
				},
				"hand2": {
					"rotation": [0, 32.5, 0]
				},
				"fingers3": {
					"rotation": [0, 0, 27.5]
				},
				"thumb4": {
					"rotation": [0, 37.5, 0]
				},
				"legL": {
					"rotation": [5, 0, 20]
				},
				"lower3": {
					"rotation": [5, 0, 0]
				},
				"foot": {
					"rotation": [25, 0, 0]
				},
				"legR": {
					"rotation": [-30.89296, -4.37218, -24.21895]
				},
				"lower4": {
					"rotation": [87.5, 0, 0]
				},
				"foot2": {
					"rotation": [34.97437, 1.43364, -2.04831]
				},
				"Pizza4": {
					"scale": 0
				},
				"bone6": {
					"scale": 0
				},
				"bone7": {
					"scale": 0
				},
				"bone8": {
					"scale": 0
				},
				"bone9": {
					"scale": 0
				},
				"bone10": {
					"scale": 0
				},
				"mr.cupcake": {
					"scale": [0, 0, -0.7]
				}
			}
		},
		"animation.chica_dismantled": {
			"loop": true,
			"bones": {
				"Chica": {
					"rotation": [0, 90, 90],
					"position": [-22, 6, 0]
				},
				"head": {
					"rotation": [90.36464, 6.80301, -57.10347],
					"position": [0, 9, 4]
				},
				"beakjaw": {
					"rotation": [0.3179, -42.30229, 7.01942],
					"position": [3, -0.3, -4]
				},
				"pupil": {
					"position": [-0.2, -0.2, 0]
				},
				"eyelid": {
					"position": [0, -0.3, 0]
				},
				"eyelid2": {
					"position": [0, -0.5, 0]
				},
				"endobody": {
					"rotation": [12.5, 0, 0]
				},
				"armL": {
					"rotation": [0, 0, 90],
					"position": [-7, -9, 2]
				},
				"lower": {
					"rotation": [0, 0, 7.5]
				},
				"hand": {
					"rotation": [0, 0, -57.5]
				},
				"mr.cupcake2": {
					"scale": 0
				},
				"fingers": {
					"rotation": [0, 0, 27.5]
				},
				"bone": {
					"rotation": [0, -50, 0]
				},
				"armR": {
					"rotation": [0, 0, 167.5],
					"position": [9, -21, 2]
				},
				"lower2": {
					"rotation": [0, 0, 20]
				},
				"hand2": {
					"rotation": [-625.41139, 61.07715, -598.50407]
				},
				"fingers3": {
					"rotation": [0, 0, -45]
				},
				"thumb3": {
					"rotation": [0, -20, 0]
				},
				"thumb4": {
					"rotation": [27.5, 0, 0]
				},
				"mr.cupcake": {
					"rotation": [-273.7548, 362.82916, 149.86725],
					"position": [12, -17, -43]
				},
				"pelvissuit": {
					"rotation": [89.77327, 0.34996, -32.77321],
					"position": [-10, 24, 1]
				},
				"legL": {
					"rotation": [0, 0, -160],
					"position": [17, 16, 0]
				},
				"upper3": {
					"position": [13, 33, 0]
				},
				"lower3": {
					"position": [0, 0, 2]
				},
				"knee": {
					"rotation": [0, 0, -27.5],
					"position": [-2, 3, 4]
				},
				"foot": {
					"rotation": [30.40773, 24.1782, 13.51584]
				},
				"legR": {
					"rotation": [0, 0, 7.5],
					"position": [13, 10, 2]
				},
				"lower4": {
					"rotation": [0, 0, -22.5]
				},
				"foot2": {
					"rotation": [0, -30, 7.5]
				},
				"Pizza4": {
					"scale": 0
				},
				"bone6": {
					"scale": 0
				},
				"bone7": {
					"scale": 0
				},
				"bone8": {
					"scale": 0
				},
				"bone9": {
					"scale": 0
				},
				"bone10": {
					"scale": 0
				}
			}
		},
		"animation.chica_bite_and_wipe_jumpscare": {
			"animation_length": 5.5,
			"bones": {
				"Chica": {
					"position": {
						"0.0": [0, 0, 6.2],
						"0.0417": [0, 0.075, 5.48],
						"0.0833": [0, 0.095, 4.76],
						"0.125": [0, 0.115, 4.04],
						"0.1667": [0, 0.135, 3.32],
						"0.25": [0, 0.02, 1.89],
						"0.2917": [0, -0.08, 1.17],
						"0.3333": [0, -0.245, 0.45],
						"0.375": [0, -0.445, -0.27],
						"0.4167": [0, -0.275, -0.98],
						"0.4583": [0, -0.09, -1.69],
						"0.5": [0, 0.095, -2.41],
						"0.5417": [0, 0.13, -3.12],
						"0.5833": [0, 0.175, -3.84],
						"0.625": [0, 0.18, -4.55],
						"0.6667": [0, 0.145, -5.27],
						"0.75": [0, -0.2, -6.7],
						"3.8333": [0, -0.2, -6.7],
						"3.875": [0, -0.13, -6.22],
						"3.9167": [0, -0.07, -5.74],
						"3.9583": [0, -0.02, -5.25],
						"4.0": [0, 0.02, -4.77],
						"4.0417": [0, 0.05, -4.28],
						"4.0833": [0, -0.03, -3.8],
						"4.125": [0, -0.01, -3.31],
						"4.1667": [0, -0.11, -2.82],
						"4.2083": [0, -0.21, -2.34],
						"4.25": [0, -0.31, -1.85],
						"4.2917": [0, -0.41, -1.37],
						"4.3333": [0, -0.5, -0.89],
						"4.375": [0, -0.6, -0.4]
					}
				},
				"upperpart": {
					"rotation": {
						"0.0": [2.51684, 9.99761, 0.11069],
						"0.0833": [2.51684, 9.99761, 0.11069],
						"0.375": [2.5, -10, 0],
						"0.4583": [2.5, -10, 0],
						"0.75": [2.48, 0.01, -0.33],
						"0.875": [21.73, 0.01, -0.33],
						"1.2083": [5.48, 0.01, -0.33],
						"1.3333": [30.73, 0.01, -0.33],
						"1.375": [27.73, 0.01, -0.33],
						"1.4167": [30.73, 0.01, -0.33],
						"1.8333": [30.73, 0.01, -0.33],
						"1.9583": [25.82875, 0.01, -0.33],
						"2.5417": [25.82875, 0.01, -0.33],
						"2.6667": [30.73, 0.01, -0.33],
						"3.5": [30.73, 0.01, -0.33],
						"3.7083": [6.73, 0.01, -0.33],
						"3.75": [8.48, 0.01, -0.33],
						"3.7917": [6.73, 0.01, -0.33],
						"3.875": [6.73, 0.01, -0.33],
						"4.0417": [3.73, 0.01, -0.33],
						"4.0833": [4.98, 0.01, -0.33],
						"4.125": [3.73, 0.01, -0.33]
					},
					"position": {
						"0.0": [0, 0, 0],
						"0.0417": [0, -0.5, 0],
						"0.0833": [0, 0, 0],
						"0.375": [0, 0, 0],
						"0.4167": [0, -0.5, 0],
						"0.4583": [0, 0, 0],
						"4.375": [0, 0, 0],
						"4.4167": [0, -0.5, 0],
						"4.4583": [0, 0, 0]
					}
				},
				"ChicaHead": {
					"rotation": {
						"0.0": [8.83991, -10.23987, -7.61481],
						"0.3333": [11.40442, 4.18424, -6.38041],
						"0.75": [8.69897, -0.85042, -6.16127],
						"0.9167": [8.7, -0.85, -6.16],
						"1.0": {
							"pre": [16.95, -0.85, -6.16],
							"post": [16.95, -0.85, -6.16],
							"lerp_mode": "catmullrom"
						},
						"1.0833": {
							"post": [16.95, -0.85, -6.16],
							"lerp_mode": "catmullrom"
						},
						"1.1667": {
							"post": [-21.01634, 1.48509, -0.0934],
							"lerp_mode": "catmullrom"
						},
						"1.25": {
							"post": [-22.76634, 1.48509, -0.0934],
							"lerp_mode": "catmullrom"
						},
						"1.3333": [22.23366, 1.48509, -0.0934],
						"1.375": [19.73366, 1.48509, -0.0934],
						"1.4167": [22.23366, 1.48509, -0.0934],
						"1.5833": [22.23, 1.49, -0.09],
						"1.625": [18.57736, 5.423, 1.52385],
						"1.6667": [20.4, 3.46, 0.72],
						"1.7083": [18.57736, 5.423, 1.52385],
						"1.75": [20.4, 3.46, 0.72],
						"1.7917": [18.57736, 5.423, 1.52385],
						"1.8333": [20.4, 3.46, 0.72],
						"1.9583": [14.42195, 67.84189, 13.78981],
						"2.0": [12.03228, 63.21676, 11.16652],
						"2.0417": [14.42195, 67.84189, 13.78981],
						"2.25": [14.42, 67.84, 13.79],
						"2.375": [5.39971, 3.45799, 0.72198],
						"3.5": [5.4, 3.46, 0.72],
						"3.7083": [0, 0, 0],
						"4.25": [0, 0, 0],
						"4.3333": [0, 10, 0],
						"4.4583": [0, 0, 0]
					}
				},
				"head": {
					"rotation": {
						"0.0": [0, 15, 27.5],
						"1.0": [0, 0, 0],
						"1.0417": [3.25, 0, 0],
						"1.2083": [-7.75, 0, 0],
						"2.5417": [-7.75, 0, 0],
						"2.625": [-21.30961, 2.92376, 7.44982],
						"2.7083": [-12.85655, 3.31691, 13.74542],
						"2.75": [-14.35655, 3.31691, 13.74542],
						"2.7917": [-12.85655, 3.31691, 13.74542],
						"3.0417": [-7.75, 0, 0],
						"3.125": [-21.30961, 2.92376, 7.44982],
						"3.2083": [-12.85655, 3.31691, 13.74542],
						"3.25": [-14.35655, 3.31691, 13.74542],
						"3.2917": [-12.85655, 3.31691, 13.74542],
						"3.5": [-12.86, 3.32, 13.75],
						"3.7083": [0, 0, 0]
					},
					"position": {
						"1.0833": [0, 0, 0],
						"1.2083": [0, -0.24273, 1.78356],
						"1.3333": [0, 0.19152, -1.39077],
						"2.25": [0, 0.19, -1.39],
						"2.4167": [0, 0, 0],
						"2.5417": [0, -0.25622, 1.88265],
						"2.7083": [0, 0.19, -1.39],
						"2.9167": [0, 0, 0],
						"3.0417": [0, -0.25622, 1.88265],
						"3.2083": [0, 0.19, -1.39],
						"3.5": [0, 0.19, -1.39],
						"3.7083": [0, 0, 0]
					}
				},
				"jaw": {
					"rotation": {
						"2.5417": [0, 0, 0],
						"2.625": [18.25, 0, 0],
						"2.7083": [0, 0, 0],
						"3.0417": [0, 0, 0],
						"3.125": [18.25, 0, 0],
						"3.2083": [0, 0, 0],
						"3.8333": [0, 0, 0],
						"4.1667": [0, 0, 0]
					}
				},
				"beakjaw": {
					"rotation": {
						"0.0": [20, 0, 0],
						"0.0833": [24.75, 0, 0],
						"0.1667": [20, 0, 0],
						"0.5833": [20, 0, 0],
						"0.6667": [24.75, 0, 0],
						"0.7917": [7.5, 0, 0],
						"1.0833": [7.5, 0, 0],
						"1.25": [0, 0, 0],
						"1.9167": [0, 0, 0],
						"2.0": [17, 0, 0],
						"4.0417": [17, 0, 0],
						"4.1667": [0, 0, 0]
					},
					"scale": {
						"0.0": [1, 1, 1],
						"1.375": [1, 1, 1]
					}
				},
				"pupil": {
					"position": {
						"0.0": [0.2, -0.3, 0],
						"4.1667": [0.2, -0.3, 0],
						"4.375": [0, 0, 0]
					}
				},
				"pupil2": {
					"position": {
						"0.0": [0, -0.2, 0],
						"4.1667": [0, -0.2, 0],
						"4.375": [0, 0, 0]
					}
				},
				"armL": {
					"rotation": {
						"0.0": [20, 0, -80],
						"0.0417": [20, 0, -80],
						"0.375": [-15, 0, -80],
						"0.4167": [-15, 0, -80],
						"0.75": [-9.71639, -12.24733, -5.18595],
						"0.875": [-80.59849, -12.24733, -5.18595],
						"1.0": [-80.6, -12.25, -5.19],
						"1.2083": [-90.6, -12.25, -5.19],
						"1.3333": [-80.6, -12.25, -5.19],
						"1.8333": [-80.6, -12.25, -5.19],
						"1.9583": [-87.6, -12.25, -5.19],
						"3.5": [-87.6, -12.25, -5.19],
						"3.7083": [-13.83097, -24.30392, -39.9348],
						"3.75": [-17.08097, -24.30392, -39.9348],
						"3.7917": [-13.83097, -24.30392, -39.9348],
						"3.875": [-13.83097, -24.30392, -39.9348],
						"4.0417": [17.5, 0, -72.5],
						"4.0833": [17.44933, -1.35191, -68.20748],
						"4.125": [17.5, 0, -72.5]
					},
					"scale": {
						"0.75": [1, 1, 1],
						"0.875": [1, 1.1, 1],
						"1.0": [1, 1.1, 1],
						"1.2083": [1, 1.2, 1],
						"1.3333": [1, 1.1, 1],
						"1.8333": [1, 1.1, 1],
						"1.9583": [1, 1.2, 1]
					}
				},
				"lower": {
					"rotation": {
						"0.0": [-30, 0, 0],
						"0.375": [-60, 0, 0],
						"0.75": [-100, 0, 0],
						"0.875": [-22.5, 0, 0],
						"1.0": [-22.5, 0, 0],
						"1.2083": [-5, 0, 0],
						"1.3333": [-25, 0, 0],
						"1.8333": [-25, 0, 0],
						"1.9583": [-5, 0, 0],
						"3.5": [-5, 0, 0],
						"3.7083": [-90, 0, 0],
						"3.875": [-90, 0, 0],
						"4.0417": [-44.31282, -8.80348, -8.90928]
					}
				},
				"hand": {
					"rotation": {
						"0.75": [0, 0, 0],
						"0.875": [0, 38, 0],
						"3.5": [0, 38, 0],
						"3.7083": [0, 0, 0]
					}
				},
				"armR": {
					"rotation": {
						"0.0": [-20, 0, 80],
						"0.0417": [-20, 0, 80],
						"0.125": [-20, 0, 80],
						"0.375": [29.78729, 3.74196, 73.49554],
						"0.4167": [29.78729, 3.74196, 73.49554],
						"0.75": [5.74416, 6.07612, 8.16332],
						"0.875": [-80.79615, 13.57252, 7.92759],
						"1.2083": [-84.8, 13.57, 7.93],
						"1.3333": [-80.8, 13.57, 7.93],
						"1.8333": [-80.8, 13.57, 7.93],
						"1.9583": [-87.8, 13.57, 7.93],
						"3.5": [-87.8, 13.57, 7.93],
						"3.7083": [-16.07514, 21.15724, 30.1572],
						"3.75": [-20.32514, 21.15724, 30.1572],
						"3.7917": [-16.07514, 21.15724, 30.1572],
						"3.875": [-16.07514, 21.15724, 30.1572],
						"4.0417": [-24.42749, -12.26607, 11.14001],
						"4.1667": [-86.92749, -12.26607, 11.14001],
						"4.25": [-86.93, -12.27, 11.14],
						"4.375": [-104.43, -12.27, 11.14],
						"4.5": [-86.96042, -9.27426, 11.30272],
						"4.8333": [0, 0, 65],
						"4.9167": [-2.24966, -0.03926, 64.00077],
						"5.0": [0, 0, 65]
					},
					"scale": {
						"0.75": [1, 1, 1],
						"0.875": [1, 1.1, 1],
						"1.2083": [1, 1.1, 1],
						"1.3333": [1, 1.1, 1],
						"1.8333": [1, 1.1, 1],
						"1.9583": [1, 1.1, 1]
					}
				},
				"lower2": {
					"rotation": {
						"0.0": [-42.5, 0, 0],
						"0.375": [-25, 0, 0],
						"0.75": [-100, 0, 0],
						"0.875": [-20, 0, 0],
						"1.0": [-20, 0, 0],
						"1.2083": [-2.5, 0, 0],
						"1.3333": [-25, 0, 0],
						"1.8333": [-25, 0, 0],
						"1.9583": [-2.5, 0, 0],
						"3.5": [-2.5, 0, 0],
						"3.7083": [-70, 0, 0],
						"3.875": [-70, 0, 0],
						"4.1667": [-59.51995, -11.86554, 19.25656],
						"4.25": [-59.52, -11.87, 19.26],
						"4.375": [-29.52, -11.87, 19.26]
					}
				},
				"hand2": {
					"rotation": {
						"0.75": [0, 0, 0],
						"0.875": [0, -35.5, 0],
						"3.5": [0, -35.5, 0],
						"3.7083": [0, 0, 0]
					}
				},
				"legL": {
					"rotation": {
						"0.0": [-15, 0, 0],
						"0.375": [12.5, 0, 0],
						"0.5833": [-38.75, 0, 0],
						"0.75": [-15, 0, 0],
						"3.8333": [-15, 0, 0],
						"4.0417": [-38.75, 0, 0],
						"4.375": [12.5, 0, 0]
					}
				},
				"lower3": {
					"rotation": {
						"0.0": [10, 0, 0],
						"0.375": [10, 0, 0],
						"0.4583": [58.75, 0, 0],
						"0.5833": [37.5, 0, 0],
						"0.75": [10, 0, 0],
						"3.8333": [10, 0, 0],
						"4.0417": [37.5, 0, 0],
						"4.25": [58.75, 0, 0],
						"4.375": [10, 0, 0]
					}
				},
				"foot": {
					"rotation": {
						"0.0": [5, 0, 0],
						"0.375": [-22.5, 0, 0],
						"0.4583": [-26.87, 0, 0],
						"0.5833": [-1.25, 0, 0],
						"0.75": [5, 0, 0],
						"3.8333": [5, 0, 0],
						"4.125": [-1.25, 0, 0],
						"4.25": [-26.87, 0, 0],
						"4.375": [-22.5, 0, 0]
					}
				},
				"legR": {
					"rotation": {
						"0.0": [12.5, 0, 0],
						"0.0833": [-38.12, 0, 0],
						"0.2083": [-38.75, 0, 0],
						"0.375": [-22.5, 0, 0],
						"0.75": [12.5, 0, 0],
						"3.8333": [12.5, 0, 0],
						"4.375": [-22.5, 0, 0]
					}
				},
				"lower4": {
					"rotation": {
						"0.0": [10, 0, 0],
						"0.0833": [58.75, 0, 0],
						"0.2083": [37.5, 0, 0],
						"0.375": [10, 0, 0],
						"0.75": [-2.5, 0, 0],
						"3.8333": [-2.5, 0, 0],
						"4.375": [10, 0, 0]
					}
				},
				"foot2": {
					"rotation": {
						"0.0": [-22.5, 0, 0],
						"0.0833": [-6.87, 0, 0],
						"0.2083": [-1.25, 0, 0],
						"0.375": [12.5, 0, 0],
						"0.75": [-10, 0, 0],
						"3.8333": [-10, 0, 0],
						"4.375": [12.5, 0, 0]
					}
				},
				"eyelid": {
					"position": [0, 0, 0]
				},
				"eyelid2": {
					"position": [0, 0, 0]
				},
				"mr.cupcake2": {
					"scale": 0
				},
				"Pizza4": {
					"scale": 0
				},
				"bone6": {
					"position": {
						"0.0": [0, 0, 0],
						"1.375": [0, 0, 0],
						"1.4583": [3, 3, 2],
						"1.5417": [7, 5, 3],
						"1.625": [12, 2, 5],
						"1.75": [16, -14, 5],
						"1.8333": [16, -21, 5],
						"2.75": [0, 0, 0],
						"2.8333": [3, 2, 0],
						"2.9167": [6, 1, 0],
						"3.125": [11, -15, -10],
						"3.2083": [0, 0, 0],
						"3.2917": [3, 2, 0],
						"3.375": [6, 1, 0],
						"3.5833": [11, -15, -10]
					},
					"scale": {
						"0.0": [0, 0, 0],
						"1.3333": [0, 0, 0],
						"1.375": [1, 1, 1],
						"1.75": [1, 1, 1],
						"1.8333": [1, 0, 1],
						"2.7083": [0, 0, 0],
						"2.75": [1, 1, 1],
						"2.8333": [1, 1, 1],
						"3.125": [1, 0, 1],
						"3.1667": [0, 0, 0],
						"3.2083": [1, 1, 1],
						"3.2917": [1, 1, 1],
						"3.5833": [1, 0, 1]
					}
				},
				"bone7": {
					"position": {
						"0.0": [0, 0, 0],
						"1.375": [0, 0, 0],
						"1.4583": [-3, 2.67, 2],
						"1.5417": [-6, 4, 3],
						"1.625": [-9, 1, 5],
						"1.75": [-14, -17, 5],
						"1.8333": [-14, -21, 5],
						"2.75": [0, 0, 0],
						"2.8333": [-3, 1, 0],
						"2.9167": [-6, 0, 0],
						"3.125": [-6, -12, -9],
						"3.2083": [0, 0, 0],
						"3.2917": [-3, 1, 0],
						"3.375": [-6, 0, 0],
						"3.5833": [-6, -12, -9]
					},
					"scale": {
						"0.0": [0, 0, 0],
						"1.3333": [0, 0, 0],
						"1.375": [1, 1, 1],
						"1.75": [1, 1, 1],
						"1.8333": [1, 0, 1],
						"2.7083": [1, 0, 1],
						"2.75": [1, 1, 1],
						"2.8333": [1, 1, 1],
						"3.125": [1, 0, 1],
						"3.1667": [1, 0, 1],
						"3.2083": [1, 1, 1],
						"3.2917": [1, 1, 1],
						"3.5833": [1, 0, 1]
					}
				},
				"bone8": {
					"scale": {
						"0.0": [0, 0, 0],
						"1.3333": [0, 0, 0],
						"1.375": [1, 1, 1],
						"4.25": [1, 1, 1]
					}
				},
				"bone9": {
					"scale": {
						"0.0": [0, 0, 0],
						"1.3333": [0, 0, 0],
						"1.375": [1, 1, 1],
						"4.25": [1, 1, 1]
					}
				},
				"bone10": {
					"scale": {
						"0.0": [0, 0, 0],
						"1.3333": [0, 0, 0],
						"1.375": [1, 1, 1],
						"4.25": [1, 1, 1]
					}
				},
				"bone4": {
					"scale": 1
				},
				"mr.cupcake": {
					"scale": 0
				}
			}
		},
		"animation.chica_walk": {
			"loop": true,
			"animation_length": 1.5,
			"bones": {
				"Chica": {
					"position": {
						"0.0": [0, 0, 0],
						"0.375": [0, 0.1, 0],
						"0.75": [0, -0.4, 0],
						"1.125": [0, 0.1, 0],
						"1.2917": [0, -0.15, 0],
						"1.5": [0, 0, 0]
					}
				},
				"upperpart": {
					"rotation": {
						"0.0": [2.51684, 9.99761, 0.11069],
						"0.125": [2.51684, 9.99761, 0.11069],
						"0.75": [2.5, -10, 0],
						"0.875": [2.5, -10, 0],
						"1.5": [2.51684, 9.99761, 0.11069]
					},
					"position": {
						"0.0": [0, 0, 0],
						"0.0833": [0, -0.5, 0],
						"0.1667": [0, 0, 0],
						"0.75": [0, 0, 0],
						"0.8333": [0, -0.5, 0],
						"0.9167": [0, 0, 0]
					}
				},
				"ChicaHead": {
					"rotation": {
						"0.0": [-2.5, -10, 0],
						"0.75": [-2.5, 10, 0],
						"1.5": [-2.5, -10, 0]
					}
				},
				"jaw": {
					"rotation": {
						"0.0": [5, 0, 0],
						"0.125": [10, 0, 0],
						"0.25": [5, 0, 0],
						"0.75": [5, 0, 0],
						"0.875": [10, 0, 0],
						"1.0": [5, 0, 0]
					}
				},
				"eyelid": {
					"position": {
						"0.0": [-0.00114, -0.2, 0.00007],
						"0.125": [-0.0012, -0.5, 0.00006],
						"0.25": [-0.00114, -0.2, 0.00007],
						"0.75": [-0.00114, -0.2, 0.00007],
						"0.875": [-0.0012, -0.5, 0.00006],
						"1.0": [-0.00114, -0.2, 0.00007]
					}
				},
				"eyelid2": {
					"position": {
						"0.0": [-0.00114, -0.2, 0.00007],
						"0.125": [-0.0012, -0.5, 0.00006],
						"0.25": [-0.00114, -0.2, 0.00007],
						"0.75": [-0.00114, -0.2, 0.00007],
						"0.875": [-0.0012, -0.5, 0.00006],
						"1.0": [-0.00114, -0.2, 0.00007]
					}
				},
				"armL": {
					"rotation": {
						"0.0": [20, 0, -80],
						"0.125": [20, 0, -80],
						"0.75": [-15, 0, -80],
						"0.875": [-15, 0, -80],
						"1.5": [20, 0, -80]
					}
				},
				"lower": {
					"rotation": {
						"0.0": [-30, 0, 0],
						"0.75": [-60, 0, 0],
						"1.5": [-30, 0, 0]
					}
				},
				"hand": {
					"rotation": [0, -7.5, 0]
				},
				"armR": {
					"rotation": {
						"0.0": [-20, 0, 80],
						"0.125": [-20, 0, 80],
						"0.25": [-20, 0, 80],
						"0.75": [29.78729, 3.74196, 73.49554],
						"0.875": [29.78729, 3.74196, 73.49554],
						"1.5": [-20, 0, 80]
					}
				},
				"lower2": {
					"rotation": {
						"0.0": [-42.5, 0, 0],
						"0.75": [-25, 0, 0],
						"1.5": [-42.5, 0, 0]
					}
				},
				"hand2": {
					"rotation": [0, 17.5, 0]
				},
				"legL": {
					"rotation": {
						"0.0": [-15, 0, 0],
						"0.75": [12.5, 0, 0],
						"1.125": [-38.75, 0, 0],
						"1.5": [-15, 0, 0]
					}
				},
				"lower3": {
					"rotation": {
						"0.0": [10, 0, 0],
						"0.75": [10, 0, 0],
						"0.9167": [58.75, 0, 0],
						"1.125": [37.5, 0, 0],
						"1.5": [10, 0, 0]
					}
				},
				"foot": {
					"rotation": {
						"0.0": [5, 0, 0],
						"0.75": [-22.5, 0, 0],
						"0.9167": [-26.87, 0, 0],
						"1.125": [-1.25, 0, 0],
						"1.5": [5, 0, 0]
					}
				},
				"legR": {
					"rotation": {
						"0.0": [12.5, 0, 0],
						"0.1667": [-38.12, 0, 0],
						"0.375": [-38.75, 0, 0],
						"0.75": [-22.5, 0, 0],
						"1.5": [12.5, 0, 0]
					}
				},
				"lower4": {
					"rotation": {
						"0.0": [10, 0, 0],
						"0.1667": [58.75, 0, 0],
						"0.375": [37.5, 0, 0],
						"0.75": [10, 0, 0],
						"1.5": [17.5, 0, 0]
					}
				},
				"foot2": {
					"rotation": {
						"0.0": [-22.5, 0, 0],
						"0.1667": [-6.87, 0, 0],
						"0.375": [-1.25, 0, 0],
						"0.75": [12.5, 0, 0],
						"1.5": [-30, 0, 0]
					}
				},
				"cupcake2": {
					"scale": 0
				},
				"Pizza4": {
					"scale": 0
				},
				"bone6": {
					"scale": 0
				},
				"bone7": {
					"scale": 0
				},
				"bone8": {
					"scale": 0
				},
				"bone9": {
					"scale": 0
				},
				"bone10": {
					"scale": 0
				},
				"mr.cupcake": {
					"scale": 0
				}
			}
		},
		"animation.chica_walk_cupcake": {
			"loop": true,
			"animation_length": 1.5,
			"bones": {
				"upperpart": {
					"rotation": {
						"0.0": [2.51684, 9.99761, 0.11069],
						"0.125": [2.51684, 9.99761, 0.11069],
						"0.75": [2.5, -10, 0],
						"0.875": [2.5, -10, 0],
						"1.5": [2.51684, 9.99761, 0.11069]
					},
					"position": {
						"0.0": [0, 0, 0],
						"0.0833": [0, -0.5, 0],
						"0.1667": [0, 0, 0],
						"0.75": [0, 0, 0],
						"0.8333": [0, -0.5, 0],
						"0.9167": [0, 0, 0]
					}
				},
				"jaw": {
					"rotation": {
						"0.0": [5, 0, 0],
						"0.125": [10, 0, 0],
						"0.25": [5, 0, 0],
						"0.75": [5, 0, 0],
						"0.875": [10, 0, 0],
						"1.0": [5, 0, 0]
					}
				},
				"eyelid": {
					"position": {
						"0.0": [-0.00114, -0.2, 0.00007],
						"0.125": [-0.0012, -0.5, 0.00006],
						"0.25": [-0.00114, -0.2, 0.00007],
						"0.75": [-0.00114, -0.2, 0.00007],
						"0.875": [-0.0012, -0.5, 0.00006],
						"1.0": [-0.00114, -0.2, 0.00007]
					}
				},
				"eyelid2": {
					"position": {
						"0.0": [-0.00114, -0.2, 0.00007],
						"0.125": [-0.0012, -0.5, 0.00006],
						"0.25": [-0.00114, -0.2, 0.00007],
						"0.75": [-0.00114, -0.2, 0.00007],
						"0.875": [-0.0012, -0.5, 0.00006],
						"1.0": [-0.00114, -0.2, 0.00007]
					}
				},
				"armL": {
					"rotation": {
						"0.0": [20, 0, -80],
						"0.125": [20, 0, -80],
						"0.75": [-15, 0, -80],
						"0.875": [-15, 0, -80],
						"1.5": [20, 0, -80]
					}
				},
				"lower": {
					"rotation": {
						"0.0": [-30, 0, 0],
						"0.75": [-60, 0, 0],
						"1.5": [-30, 0, 0]
					}
				},
				"hand": {
					"rotation": [0, -7.5, 0]
				},
				"armR": {
					"rotation": [-27.67989, -3.35048, 73.48507]
				},
				"lower2": {
					"rotation": [-54.01713, -2.76734, 9.91876]
				},
				"hand2": {
					"rotation": [-121.73367, -81.03156, 122.37516]
				},
				"legL": {
					"rotation": {
						"0.0": [-15, 0, 0],
						"0.75": [12.5, 0, 0],
						"1.125": [-38.75, 0, 0],
						"1.5": [-15, 0, 0]
					}
				},
				"lower3": {
					"rotation": {
						"0.0": [10, 0, 0],
						"0.75": [10, 0, 0],
						"0.9167": [58.75, 0, 0],
						"1.125": [37.5, 0, 0],
						"1.5": [10, 0, 0]
					}
				},
				"foot": {
					"rotation": {
						"0.0": [5, 0, 0],
						"0.75": [-22.5, 0, 0],
						"0.9167": [-26.87, 0, 0],
						"1.125": [-1.25, 0, 0],
						"1.5": [5, 0, 0]
					}
				},
				"legR": {
					"rotation": {
						"0.0": [12.5, 0, 0],
						"0.1667": [-38.12, 0, 0],
						"0.375": [-38.75, 0, 0],
						"0.75": [-22.5, 0, 0],
						"1.5": [12.5, 0, 0]
					}
				},
				"lower4": {
					"rotation": {
						"0.0": [10, 0, 0],
						"0.1667": [58.75, 0, 0],
						"0.375": [37.5, 0, 0],
						"0.75": [10, 0, 0],
						"1.5": [17.5, 0, 0]
					}
				},
				"foot2": {
					"rotation": {
						"0.0": [-22.5, 0, 0],
						"0.1667": [-6.87, 0, 0],
						"0.375": [-1.25, 0, 0],
						"0.75": [12.5, 0, 0],
						"1.5": [-30, 0, 0]
					}
				},
				"Chica": {
					"position": {
						"0.0": [0, 0, 0],
						"0.375": [0, 0.1, 0],
						"0.75": [0, -0.4, 0],
						"1.125": [0, 0.1, 0],
						"1.2917": [0, -0.15, 0],
						"1.5": [0, 0, 0]
					}
				},
				"ChicaHead": {
					"rotation": {
						"0.0": [-2.5, -10, 0],
						"0.75": [-2.5, 10, 0],
						"1.5": [-2.5, -10, 0]
					}
				},
				"bone8": {
					"scale": 0
				},
				"bone9": {
					"scale": 0
				},
				"bone6": {
					"scale": 0
				},
				"bone7": {
					"scale": 0
				},
				"bone10": {
					"scale": 0
				},
				"Pizza4": {
					"scale": 0
				},
				"mr.cupcake2": {
					"scale": 0
				}
			}
		},
		"animation.Chica_the_Chicken_idle1_normal": {
			"loop": true,
			"animation_length": 13.625,
			"bones": {
				"upperpart": {
					"rotation": {
						"0.0": [0.75, 0, -1.25],
						"1.0833": [0.75, 0, -1.25],
						"1.375": [0, 0, 0],
						"1.4167": [0.57, 0, -0.29],
						"1.4583": [0, 0, 0],
						"2.625": [0, 0, 0],
						"2.8333": [1.25, 0, 2.5],
						"2.875": [1, 0, 2],
						"2.9167": [1.25, 0, 2.5],
						"4.0": [1.25, 0, 2.5],
						"4.25": [0, 0, 0],
						"4.2917": [0.25, 0, 0.5],
						"4.3333": [0, 0, 0],
						"12.625": [0, 0, 0],
						"12.8333": [0.75, 0, -1.25],
						"12.875": [0.6, 0, -1],
						"12.9167": [0.75, 0, -1.25]
					}
				},
				"ChicaHead": {
					"rotation": {
						"4.8333": [0, 0, 0],
						"5.0417": [0, -7.5, 0],
						"5.3333": [0, -7.5, 0],
						"5.9167": [0, -132.5, 0],
						"6.0": [0, -127.5, 0],
						"6.125": [0, -132.5, 0],
						"7.875": [0, -132.5, 0],
						"8.25": [0, -215, 0],
						"8.3333": [0, -213, 0],
						"8.4167": [0, -215, 0],
						"10.5833": [0, -215, 0],
						"11.4167": [0, -360, 0],
						"11.4583": [0, -358, 0],
						"11.5": [0, -360, 0]
					}
				},
				"head": {
					"rotation": {
						"0.0": [2.4905, 0.21782, -4.99527],
						"0.4167": [2.49, 0.22, -5],
						"0.5417": [2.99094, 0.20914, -4.75023],
						"0.9583": [2.99094, 0.20914, -4.75023],
						"1.3333": [0, 0, 0],
						"1.4167": [0.33, 0.02, -0.53],
						"1.5": [0, 0, 0],
						"2.375": [0, 0, 0],
						"2.625": [1, 0, 1.75],
						"2.7917": [5.99027, -0.13917, 9.7488],
						"2.875": [5.99186, 0.0174, 8.25699],
						"3.0": [5.99027, -0.13917, 9.7488],
						"3.875": [5.99, -0.14, 9.75],
						"4.125": [0, 0, 0],
						"4.1667": [0.75, -0.02, 1.22],
						"4.2083": [0, 0, 0],
						"8.6667": [0, 0, 0],
						"8.9583": [0, 0, -12.5],
						"9.0417": [0, 0, -10.75],
						"9.125": [0, 0, -12.5],
						"10.1667": [0, 0, -12.5],
						"10.4583": [0, 0, -1.56],
						"10.5": [0, 0, 0],
						"10.5417": [0, 0, -1.56],
						"12.5833": [0, 0, -1.56],
						"12.7083": [2.4905, 0.21782, -4.99527],
						"12.75": [1.66, 0.15, -3.85],
						"12.7917": [2.4905, 0.21782, -4.99527]
					}
				},
				"bone8": {
					"scale": 0
				},
				"beakjaw": {
					"rotation": {
						"0.0": [15, 0, 0],
						"1.25": [15, 0, 0],
						"1.5833": [25, 0, 0],
						"1.6667": [23.5, 0, 0],
						"1.75": [25, 0, 0],
						"4.0833": [25, 0, 0],
						"4.2917": [5, 0, 0],
						"4.3333": [6.5, 0, 0],
						"4.375": [5, 0, 0],
						"6.5833": [5, 0, 0],
						"6.75": [15, 0, 0],
						"7.0833": [15, 0, 0],
						"7.4583": [5, 0, 0],
						"8.875": [5, 0, 0],
						"9.125": [27.5, 0, 0],
						"9.1667": [25, 0, 0],
						"9.2083": [27.5, 0, 0],
						"10.3333": [27.5, 0, 0],
						"10.5": [0, 0, 0],
						"12.625": [0, 0, 0],
						"12.7083": [15, 0, 0]
					}
				},
				"bone9": {
					"scale": 0
				},
				"bone6": {
					"scale": 0
				},
				"bone7": {
					"scale": 0
				},
				"bone10": {
					"scale": 0
				},
				"pupil": {
					"position": {
						"8.7917": [0, 0, 0],
						"8.9583": [-0.1, -0.2, 0],
						"11.7917": [-0.1, -0.2, 0],
						"11.9167": [0, 0, 0]
					}
				},
				"eyelid": {
					"position": {
						"0.75": [0, 0, 0],
						"1.0": [0, 0.4, 0],
						"2.2917": [0, 0.4, 0],
						"2.625": [0, -0.2, 0],
						"2.6667": [0, -0.125, 0],
						"2.9583": [0, -0.12, 0],
						"3.0": [0, 0.08, 0],
						"3.0833": [0, -0.12, 0],
						"4.0": [0, -0.12, 0],
						"4.1667": [0, 0.2, 0],
						"11.625": [0, 0.2, 0],
						"11.8333": [0, -1.2, 0],
						"12.0833": [0, 0.2, 0],
						"12.5833": [0, 0.2, 0],
						"12.75": [0, 0, 0]
					},
					"scale": {
						"11.625": [1, 1, 1],
						"11.8333": [1, 1.51, 1],
						"12.0833": [1, 1, 1]
					}
				},
				"eyelid2": {
					"position": {
						"0.75": [0, 0, 0],
						"1.0": [0, 0.4, 0],
						"2.2917": [0, 0.4, 0],
						"2.625": [0, 0.2, 0],
						"4.0": [0, 0.2, 0],
						"4.1667": [0, 0.2, 0],
						"11.7083": [0, 0.2, 0],
						"11.9167": [0, -1.2, 0],
						"12.1667": [0, 0.2, 0],
						"12.5833": [0, 0.2, 0],
						"12.75": [0, 0, 0]
					},
					"scale": {
						"11.7083": [1, 1, 1],
						"11.9167": [1, 1.51, 1],
						"12.1667": [1, 1, 1]
					}
				},
				"armL": {
					"rotation": {
						"0.0": {
							"post": [0, 0, -67.5],
							"lerp_mode": "catmullrom"
						},
						"2.625": {
							"post": [0, 0, -67.5],
							"lerp_mode": "catmullrom"
						},
						"2.75": {
							"post": [0, 0, -66],
							"lerp_mode": "catmullrom"
						},
						"3.0": {
							"post": [0, 0, -72.5],
							"lerp_mode": "catmullrom"
						},
						"3.2083": {
							"post": [0, 0, -72.5],
							"lerp_mode": "catmullrom"
						},
						"12.5833": {
							"post": [0, 0, -72.5],
							"lerp_mode": "catmullrom"
						},
						"12.9167": {
							"post": [0, 0, -67.5],
							"lerp_mode": "catmullrom"
						},
						"13.125": {
							"post": [0, 0, -67.5],
							"lerp_mode": "catmullrom"
						},
						"13.625": {
							"post": [0, 0, -67.5],
							"lerp_mode": "catmullrom"
						}
					}
				},
				"lower": {
					"rotation": [-24.41778, -4.91742, -10.00173]
				},
				"Pizza4": {
					"scale": 0
				},
				"cupcake2": {
					"scale": 0
				},
				"armR": {
					"rotation": {
						"0.0": [-20.17989, -3.35048, 73.48507],
						"1.1667": [-20.18, -3.35, 73.49],
						"1.5417": [-25.18, -3.35, 73.49],
						"1.5833": [-24.62, -3.35, 73.49],
						"1.625": [-25.18, -3.35, 73.49],
						"12.5833": [-25.18, -3.35, 73.49],
						"12.8333": [-20.17989, -3.35048, 73.48507],
						"12.875": [-21.01, -3.35, 73.49],
						"12.9167": [-20.17989, -3.35048, 73.48507]
					}
				},
				"lower2": {
					"rotation": [-54.01713, -2.76734, 9.91876]
				},
				"hand2": {
					"rotation": [-121.73367, -81.03156, 122.37516]
				},
				"cupcake": {
					"rotation": [0, 90, 0],
					"position": [-0.2, 0, 0]
				},
				"bone3": {
					"position": {
						"3.375": [0, 0, 0],
						"3.7083": [0, -1.1, 0],
						"3.9167": [0, -1.1, 0],
						"4.25": [0, 0, 0],
						"9.3333": [0, 0, 0],
						"9.6667": [0, -1.1, 0],
						"9.875": [0, -1.1, 0],
						"10.2083": [0, 0, 0]
					},
					"scale": {
						"3.375": [1, 1, 1],
						"3.7083": [1, 1.9, 1],
						"3.9167": [1, 1.9, 1],
						"4.25": [1, 1, 1],
						"9.3333": [1, 1, 1],
						"9.6667": [1, 1.9, 1],
						"9.875": [1, 1.9, 1],
						"10.2083": [1, 1, 1]
					}
				},
				"legL": {
					"rotation": [0, 7.5, 0]
				},
				"foot": {
					"rotation": [0, 5, 0]
				},
				"legR": {
					"rotation": [0, -7.5, 0]
				},
				"foot2": {
					"rotation": [0, -5, 0]
				}
			}
		},
		"animation.chica_walk_blood": {
			"loop": true,
			"animation_length": 1.5,
			"bones": {
				"Chica": {
					"position": {
						"0.0": [0, 0, 0],
						"0.375": [0, 0.1, 0],
						"0.75": [0, -0.4, 0],
						"1.125": [0, 0.1, 0],
						"1.2917": [0, -0.15, 0],
						"1.5": [0, 0, 0]
					}
				},
				"upperpart": {
					"rotation": {
						"0.0": [2.51684, 9.99761, 0.11069],
						"0.125": [2.51684, 9.99761, 0.11069],
						"0.75": [2.5, -10, 0],
						"0.875": [2.5, -10, 0],
						"1.5": [2.51684, 9.99761, 0.11069]
					},
					"position": {
						"0.0": [0, 0, 0],
						"0.0833": [0, -0.5, 0],
						"0.1667": [0, 0, 0],
						"0.75": [0, 0, 0],
						"0.8333": [0, -0.5, 0],
						"0.9167": [0, 0, 0]
					}
				},
				"ChicaHead": {
					"rotation": {
						"0.0": [-2.5, -10, 0],
						"0.75": [-2.5, 10, 0],
						"1.5": [-2.5, -10, 0]
					}
				},
				"jaw": {
					"rotation": {
						"0.0": [5, 0, 0],
						"0.125": [10, 0, 0],
						"0.25": [5, 0, 0],
						"0.75": [5, 0, 0],
						"0.875": [10, 0, 0],
						"1.0": [5, 0, 0]
					}
				},
				"eyelid": {
					"position": {
						"0.0": [-0.00114, -0.2, 0.00007],
						"0.125": [-0.0012, -0.5, 0.00006],
						"0.25": [-0.00114, -0.2, 0.00007],
						"0.75": [-0.00114, -0.2, 0.00007],
						"0.875": [-0.0012, -0.5, 0.00006],
						"1.0": [-0.00114, -0.2, 0.00007]
					}
				},
				"eyelid2": {
					"position": {
						"0.0": [-0.00114, -0.2, 0.00007],
						"0.125": [-0.0012, -0.5, 0.00006],
						"0.25": [-0.00114, -0.2, 0.00007],
						"0.75": [-0.00114, -0.2, 0.00007],
						"0.875": [-0.0012, -0.5, 0.00006],
						"1.0": [-0.00114, -0.2, 0.00007]
					}
				},
				"armL": {
					"rotation": {
						"0.0": [20, 0, -80],
						"0.125": [20, 0, -80],
						"0.75": [-15, 0, -80],
						"0.875": [-15, 0, -80],
						"1.5": [20, 0, -80]
					}
				},
				"lower": {
					"rotation": {
						"0.0": [-30, 0, 0],
						"0.75": [-60, 0, 0],
						"1.5": [-30, 0, 0]
					}
				},
				"hand": {
					"rotation": [0, -7.5, 0]
				},
				"armR": {
					"rotation": {
						"0.0": [-20, 0, 80],
						"0.125": [-20, 0, 80],
						"0.25": [-20, 0, 80],
						"0.75": [29.78729, 3.74196, 73.49554],
						"0.875": [29.78729, 3.74196, 73.49554],
						"1.5": [-20, 0, 80]
					}
				},
				"lower2": {
					"rotation": {
						"0.0": [-42.5, 0, 0],
						"0.75": [-25, 0, 0],
						"1.5": [-42.5, 0, 0]
					}
				},
				"hand2": {
					"rotation": [0, 17.5, 0]
				},
				"legL": {
					"rotation": {
						"0.0": [-15, 0, 0],
						"0.75": [12.5, 0, 0],
						"1.125": [-38.75, 0, 0],
						"1.5": [-15, 0, 0]
					}
				},
				"lower3": {
					"rotation": {
						"0.0": [10, 0, 0],
						"0.75": [10, 0, 0],
						"0.9167": [58.75, 0, 0],
						"1.125": [37.5, 0, 0],
						"1.5": [10, 0, 0]
					}
				},
				"foot": {
					"rotation": {
						"0.0": [5, 0, 0],
						"0.75": [-22.5, 0, 0],
						"0.9167": [-26.87, 0, 0],
						"1.125": [-1.25, 0, 0],
						"1.5": [5, 0, 0]
					}
				},
				"legR": {
					"rotation": {
						"0.0": [12.5, 0, 0],
						"0.1667": [-38.12, 0, 0],
						"0.375": [-38.75, 0, 0],
						"0.75": [-22.5, 0, 0],
						"1.5": [12.5, 0, 0]
					}
				},
				"lower4": {
					"rotation": {
						"0.0": [10, 0, 0],
						"0.1667": [58.75, 0, 0],
						"0.375": [37.5, 0, 0],
						"0.75": [10, 0, 0],
						"1.5": [17.5, 0, 0]
					}
				},
				"foot2": {
					"rotation": {
						"0.0": [-22.5, 0, 0],
						"0.1667": [-6.87, 0, 0],
						"0.375": [-1.25, 0, 0],
						"0.75": [12.5, 0, 0],
						"1.5": [-30, 0, 0]
					}
				},
				"cupcake2": {
					"scale": 0
				},
				"Pizza4": {
					"scale": 0
				},
				"bone6": {
					"scale": 0
				},
				"bone7": {
					"scale": 0
				},
				"bone8": {
					"scale": 1
				},
				"bone9": {
					"scale": 1
				},
				"bone10": {
					"scale": 1
				},
				"mr.cupcake": {
					"scale": 0
				}
			}
		},
		"animation.Chica_the_Chicken_idle1_normal_nocupcake": {
			"loop": true,
			"animation_length": 13.625,
			"bones": {
				"upperpart": {
					"rotation": {
						"0.0": [0.75, 0, -1.25],
						"1.0833": [0.75, 0, -1.25],
						"1.375": [0, 0, 0],
						"1.4167": [0.57, 0, -0.29],
						"1.4583": [0, 0, 0],
						"2.625": [0, 0, 0],
						"2.8333": [1.25, 0, 2.5],
						"2.875": [1, 0, 2],
						"2.9167": [1.25, 0, 2.5],
						"4.0": [1.25, 0, 2.5],
						"4.25": [0, 0, 0],
						"4.2917": [0.25, 0, 0.5],
						"4.3333": [0, 0, 0],
						"12.625": [0, 0, 0],
						"12.8333": [0.75, 0, -1.25],
						"12.875": [0.6, 0, -1],
						"12.9167": [0.75, 0, -1.25]
					}
				},
				"ChicaHead": {
					"rotation": {
						"4.8333": [0, 0, 0],
						"5.0417": [0, -7.5, 0],
						"5.3333": [0, -7.5, 0],
						"5.9167": [0, -132.5, 0],
						"6.0": [0, -127.5, 0],
						"6.125": [0, -132.5, 0],
						"7.875": [0, -132.5, 0],
						"8.25": [0, -215, 0],
						"8.3333": [0, -213, 0],
						"8.4167": [0, -215, 0],
						"10.5833": [0, -215, 0],
						"11.4167": [0, -360, 0],
						"11.4583": [0, -358, 0],
						"11.5": [0, -360, 0]
					}
				},
				"head": {
					"rotation": {
						"0.0": [2.4905, 0.21782, -4.99527],
						"0.4167": [2.49, 0.22, -5],
						"0.5417": [2.99094, 0.20914, -4.75023],
						"0.9583": [2.99094, 0.20914, -4.75023],
						"1.3333": [0, 0, 0],
						"1.4167": [0.33, 0.02, -0.53],
						"1.5": [0, 0, 0],
						"2.375": [0, 0, 0],
						"2.625": [1, 0, 1.75],
						"2.7917": [5.99027, -0.13917, 9.7488],
						"2.875": [5.99186, 0.0174, 8.25699],
						"3.0": [5.99027, -0.13917, 9.7488],
						"3.875": [5.99, -0.14, 9.75],
						"4.125": [0, 0, 0],
						"4.1667": [0.75, -0.02, 1.22],
						"4.2083": [0, 0, 0],
						"8.6667": [0, 0, 0],
						"8.9583": [0, 0, -12.5],
						"9.0417": [0, 0, -10.75],
						"9.125": [0, 0, -12.5],
						"10.1667": [0, 0, -12.5],
						"10.4583": [0, 0, -1.56],
						"10.5": [0, 0, 0],
						"10.5417": [0, 0, -1.56],
						"12.5833": [0, 0, -1.56],
						"12.7083": [2.4905, 0.21782, -4.99527],
						"12.75": [1.66, 0.15, -3.85],
						"12.7917": [2.4905, 0.21782, -4.99527]
					}
				},
				"bone8": {
					"scale": 0
				},
				"beakjaw": {
					"rotation": {
						"0.0": [15, 0, 0],
						"1.25": [15, 0, 0],
						"1.5833": [25, 0, 0],
						"1.6667": [23.5, 0, 0],
						"1.75": [25, 0, 0],
						"4.0833": [25, 0, 0],
						"4.2917": [5, 0, 0],
						"4.3333": [6.5, 0, 0],
						"4.375": [5, 0, 0],
						"6.5833": [5, 0, 0],
						"6.75": [15, 0, 0],
						"7.0833": [15, 0, 0],
						"7.4583": [5, 0, 0],
						"8.875": [5, 0, 0],
						"9.125": [27.5, 0, 0],
						"9.1667": [25, 0, 0],
						"9.2083": [27.5, 0, 0],
						"10.3333": [27.5, 0, 0],
						"10.5": [0, 0, 0],
						"12.625": [0, 0, 0],
						"12.7083": [15, 0, 0]
					}
				},
				"bone9": {
					"scale": 0
				},
				"bone6": {
					"scale": 0
				},
				"bone7": {
					"scale": 0
				},
				"bone10": {
					"scale": 0
				},
				"pupil": {
					"position": {
						"8.7917": [0, 0, 0],
						"8.9583": [-0.1, -0.2, 0],
						"11.7917": [-0.1, -0.2, 0],
						"11.9167": [0, 0, 0]
					}
				},
				"eyelid": {
					"position": {
						"0.75": [0, 0, 0],
						"1.0": [0, 0.4, 0],
						"2.2917": [0, 0.4, 0],
						"2.625": [0, -0.2, 0],
						"2.6667": [0, -0.125, 0],
						"2.9583": [0, -0.12, 0],
						"3.0": [0, 0.08, 0],
						"3.0833": [0, -0.12, 0],
						"4.0": [0, -0.12, 0],
						"4.1667": [0, 0.2, 0],
						"11.625": [0, 0.2, 0],
						"11.8333": [0, -1.2, 0],
						"12.0833": [0, 0.2, 0],
						"12.5833": [0, 0.2, 0],
						"12.75": [0, 0, 0]
					},
					"scale": {
						"11.625": [1, 1, 1],
						"11.8333": [1, 1.51, 1],
						"12.0833": [1, 1, 1]
					}
				},
				"eyelid2": {
					"position": {
						"0.75": [0, 0, 0],
						"1.0": [0, 0.4, 0],
						"2.2917": [0, 0.4, 0],
						"2.625": [0, 0.2, 0],
						"4.0": [0, 0.2, 0],
						"4.1667": [0, 0.2, 0],
						"11.7083": [0, 0.2, 0],
						"11.9167": [0, -1.2, 0],
						"12.1667": [0, 0.2, 0],
						"12.5833": [0, 0.2, 0],
						"12.75": [0, 0, 0]
					},
					"scale": {
						"11.7083": [1, 1, 1],
						"11.9167": [1, 1.51, 1],
						"12.1667": [1, 1, 1]
					}
				},
				"armL": {
					"rotation": {
						"0.0": {
							"post": [0, 0, -67.5],
							"lerp_mode": "catmullrom"
						},
						"2.625": {
							"post": [0, 0, -67.5],
							"lerp_mode": "catmullrom"
						},
						"2.75": {
							"post": [0, 0, -66],
							"lerp_mode": "catmullrom"
						},
						"3.0": {
							"post": [0, 0, -72.5],
							"lerp_mode": "catmullrom"
						},
						"3.2083": {
							"post": [0, 0, -72.5],
							"lerp_mode": "catmullrom"
						},
						"12.5833": {
							"post": [0, 0, -72.5],
							"lerp_mode": "catmullrom"
						},
						"12.9167": {
							"post": [0, 0, -67.5],
							"lerp_mode": "catmullrom"
						},
						"13.125": {
							"post": [0, 0, -67.5],
							"lerp_mode": "catmullrom"
						},
						"13.625": {
							"post": [0, 0, -67.5],
							"lerp_mode": "catmullrom"
						}
					}
				},
				"lower": {
					"rotation": [-24.41778, -4.91742, -10.00173]
				},
				"Pizza4": {
					"scale": 0
				},
				"cupcake2": {
					"scale": 0
				},
				"armR": {
					"rotation": [0, 0, 67.5]
				},
				"lower2": {
					"rotation": [-24.41778, 4.91742, 10.00173]
				},
				"cupcake": {
					"rotation": [0, 90, 0],
					"position": [-0.2, 0, 0],
					"scale": 0
				},
				"bone3": {
					"position": {
						"3.375": [0, 0, 0],
						"3.7083": [0, -1.1, 0],
						"3.9167": [0, -1.1, 0],
						"4.25": [0, 0, 0],
						"9.3333": [0, 0, 0],
						"9.6667": [0, -1.1, 0],
						"9.875": [0, -1.1, 0],
						"10.2083": [0, 0, 0]
					},
					"scale": {
						"3.375": [1, 1, 1],
						"3.7083": [1, 1.9, 1],
						"3.9167": [1, 1.9, 1],
						"4.25": [1, 1, 1],
						"9.3333": [1, 1, 1],
						"9.6667": [1, 1.9, 1],
						"9.875": [1, 1.9, 1],
						"10.2083": [1, 1, 1]
					}
				},
				"legL": {
					"rotation": [0, 7.5, 0]
				},
				"foot": {
					"rotation": [0, 5, 0]
				},
				"legR": {
					"rotation": [0, -7.5, 0]
				},
				"foot2": {
					"rotation": [0, -5, 0]
				}
			}
		},
		"animation.Chica_the_Chicken_idle1_normal_nocupcake_blood": {
			"loop": true,
			"animation_length": 13.625,
			"bones": {
				"upperpart": {
					"rotation": {
						"0.0": [0.75, 0, -1.25],
						"1.0833": [0.75, 0, -1.25],
						"1.375": [0, 0, 0],
						"1.4167": [0.57, 0, -0.29],
						"1.4583": [0, 0, 0],
						"2.625": [0, 0, 0],
						"2.8333": [1.25, 0, 2.5],
						"2.875": [1, 0, 2],
						"2.9167": [1.25, 0, 2.5],
						"4.0": [1.25, 0, 2.5],
						"4.25": [0, 0, 0],
						"4.2917": [0.25, 0, 0.5],
						"4.3333": [0, 0, 0],
						"12.625": [0, 0, 0],
						"12.8333": [0.75, 0, -1.25],
						"12.875": [0.6, 0, -1],
						"12.9167": [0.75, 0, -1.25]
					}
				},
				"ChicaHead": {
					"rotation": {
						"4.8333": [0, 0, 0],
						"5.0417": [0, -7.5, 0],
						"5.3333": [0, -7.5, 0],
						"5.9167": [0, -132.5, 0],
						"6.0": [0, -127.5, 0],
						"6.125": [0, -132.5, 0],
						"7.875": [0, -132.5, 0],
						"8.25": [0, -215, 0],
						"8.3333": [0, -213, 0],
						"8.4167": [0, -215, 0],
						"10.5833": [0, -215, 0],
						"11.4167": [0, -360, 0],
						"11.4583": [0, -358, 0],
						"11.5": [0, -360, 0]
					}
				},
				"head": {
					"rotation": {
						"0.0": [2.4905, 0.21782, -4.99527],
						"0.4167": [2.49, 0.22, -5],
						"0.5417": [2.99094, 0.20914, -4.75023],
						"0.9583": [2.99094, 0.20914, -4.75023],
						"1.3333": [0, 0, 0],
						"1.4167": [0.33, 0.02, -0.53],
						"1.5": [0, 0, 0],
						"2.375": [0, 0, 0],
						"2.625": [1, 0, 1.75],
						"2.7917": [5.99027, -0.13917, 9.7488],
						"2.875": [5.99186, 0.0174, 8.25699],
						"3.0": [5.99027, -0.13917, 9.7488],
						"3.875": [5.99, -0.14, 9.75],
						"4.125": [0, 0, 0],
						"4.1667": [0.75, -0.02, 1.22],
						"4.2083": [0, 0, 0],
						"8.6667": [0, 0, 0],
						"8.9583": [0, 0, -12.5],
						"9.0417": [0, 0, -10.75],
						"9.125": [0, 0, -12.5],
						"10.1667": [0, 0, -12.5],
						"10.4583": [0, 0, -1.56],
						"10.5": [0, 0, 0],
						"10.5417": [0, 0, -1.56],
						"12.5833": [0, 0, -1.56],
						"12.7083": [2.4905, 0.21782, -4.99527],
						"12.75": [1.66, 0.15, -3.85],
						"12.7917": [2.4905, 0.21782, -4.99527]
					}
				},
				"bone8": {
					"scale": 1
				},
				"beakjaw": {
					"rotation": {
						"0.0": [15, 0, 0],
						"1.25": [15, 0, 0],
						"1.5833": [25, 0, 0],
						"1.6667": [23.5, 0, 0],
						"1.75": [25, 0, 0],
						"4.0833": [25, 0, 0],
						"4.2917": [5, 0, 0],
						"4.3333": [6.5, 0, 0],
						"4.375": [5, 0, 0],
						"6.5833": [5, 0, 0],
						"6.75": [15, 0, 0],
						"7.0833": [15, 0, 0],
						"7.4583": [5, 0, 0],
						"8.875": [5, 0, 0],
						"9.125": [27.5, 0, 0],
						"9.1667": [25, 0, 0],
						"9.2083": [27.5, 0, 0],
						"10.3333": [27.5, 0, 0],
						"10.5": [0, 0, 0],
						"12.625": [0, 0, 0],
						"12.7083": [15, 0, 0]
					}
				},
				"bone9": {
					"scale": 1
				},
				"bone6": {
					"scale": 0
				},
				"bone7": {
					"scale": 0
				},
				"bone10": {
					"scale": 1
				},
				"pupil": {
					"position": {
						"8.7917": [0, 0, 0],
						"8.9583": [-0.1, -0.2, 0],
						"11.7917": [-0.1, -0.2, 0],
						"11.9167": [0, 0, 0]
					}
				},
				"eyelid": {
					"position": {
						"0.75": [0, 0, 0],
						"1.0": [0, 0.4, 0],
						"2.2917": [0, 0.4, 0],
						"2.625": [0, -0.2, 0],
						"2.6667": [0, -0.125, 0],
						"2.9583": [0, -0.12, 0],
						"3.0": [0, 0.08, 0],
						"3.0833": [0, -0.12, 0],
						"4.0": [0, -0.12, 0],
						"4.1667": [0, 0.2, 0],
						"11.625": [0, 0.2, 0],
						"11.8333": [0, -1.2, 0],
						"12.0833": [0, 0.2, 0],
						"12.5833": [0, 0.2, 0],
						"12.75": [0, 0, 0]
					},
					"scale": {
						"11.625": [1, 1, 1],
						"11.8333": [1, 1.51, 1],
						"12.0833": [1, 1, 1]
					}
				},
				"eyelid2": {
					"position": {
						"0.75": [0, 0, 0],
						"1.0": [0, 0.4, 0],
						"2.2917": [0, 0.4, 0],
						"2.625": [0, 0.2, 0],
						"4.0": [0, 0.2, 0],
						"4.1667": [0, 0.2, 0],
						"11.7083": [0, 0.2, 0],
						"11.9167": [0, -1.2, 0],
						"12.1667": [0, 0.2, 0],
						"12.5833": [0, 0.2, 0],
						"12.75": [0, 0, 0]
					},
					"scale": {
						"11.7083": [1, 1, 1],
						"11.9167": [1, 1.51, 1],
						"12.1667": [1, 1, 1]
					}
				},
				"armL": {
					"rotation": {
						"0.0": {
							"post": [0, 0, -67.5],
							"lerp_mode": "catmullrom"
						},
						"2.625": {
							"post": [0, 0, -67.5],
							"lerp_mode": "catmullrom"
						},
						"2.75": {
							"post": [0, 0, -66],
							"lerp_mode": "catmullrom"
						},
						"3.0": {
							"post": [0, 0, -72.5],
							"lerp_mode": "catmullrom"
						},
						"3.2083": {
							"post": [0, 0, -72.5],
							"lerp_mode": "catmullrom"
						},
						"12.5833": {
							"post": [0, 0, -72.5],
							"lerp_mode": "catmullrom"
						},
						"12.9167": {
							"post": [0, 0, -67.5],
							"lerp_mode": "catmullrom"
						},
						"13.125": {
							"post": [0, 0, -67.5],
							"lerp_mode": "catmullrom"
						},
						"13.625": {
							"post": [0, 0, -67.5],
							"lerp_mode": "catmullrom"
						}
					}
				},
				"lower": {
					"rotation": [-24.41778, -4.91742, -10.00173]
				},
				"Pizza4": {
					"scale": 0
				},
				"cupcake2": {
					"scale": 0
				},
				"armR": {
					"rotation": [0, 0, 67.5]
				},
				"lower2": {
					"rotation": [-24.41778, 4.91742, 10.00173]
				},
				"cupcake": {
					"rotation": [0, 90, 0],
					"position": [-0.2, 0, 0],
					"scale": 0
				},
				"bone3": {
					"position": {
						"3.375": [0, 0, 0],
						"3.7083": [0, -1.1, 0],
						"3.9167": [0, -1.1, 0],
						"4.25": [0, 0, 0],
						"9.3333": [0, 0, 0],
						"9.6667": [0, -1.1, 0],
						"9.875": [0, -1.1, 0],
						"10.2083": [0, 0, 0]
					},
					"scale": {
						"3.375": [1, 1, 1],
						"3.7083": [1, 1.9, 1],
						"3.9167": [1, 1.9, 1],
						"4.25": [1, 1, 1],
						"9.3333": [1, 1, 1],
						"9.6667": [1, 1.9, 1],
						"9.875": [1, 1.9, 1],
						"10.2083": [1, 1, 1]
					}
				},
				"legL": {
					"rotation": [0, 7.5, 0]
				},
				"foot": {
					"rotation": [0, 5, 0]
				},
				"legR": {
					"rotation": [0, -7.5, 0]
				},
				"foot2": {
					"rotation": [0, -5, 0]
				}
			}
		},
		"animation.chica_the_chicken.base": {
			"loop": true,
			"bones": {
				"mr.cupcake2": {
					"scale": 0
				},
				"mr.cupcake": {
					"scale": 0
				}
			}
		},
		"animation.chica_showtime": {
			"loop": true,
			"animation_length": 18.7917,
			"bones": {
				"upperpart": {
					"rotation": {
						"0.0": [0, 0, 0],
						"2.7917": [0, 0, 0],
						"3.2083": [0, -10, 0],
						"3.2917": [0, -12.5, 0],
						"3.375": [0, -10, 0],
						"3.9583": [0, -10, 0],
						"4.25": [0, -4, 0],
						"4.2917": [0, -4.86, 0],
						"4.3333": [0, -4, 0],
						"4.5833": [0, -4, 0],
						"5.2083": [0, 21, 0],
						"5.2917": [0, 19.33, 0],
						"5.375": [0, 21, 0],
						"9.4167": [0, 21, 0],
						"10.0417": [0, 6, 0],
						"10.0833": [0, 8, 0],
						"10.125": [0, 6, 0],
						"10.4167": [0, 6, 0],
						"11.0": [0, 0, 0],
						"11.0417": [0, 1.25, 0],
						"11.0833": [0, 0, 0],
						"14.875": [0, 0, 0],
						"15.6667": [0, 15, 0],
						"15.75": [0, 13, 0],
						"15.8333": [0, 15, 0],
						"16.5": [0, 15, 0],
						"17.125": [0, -15, 0],
						"17.25": [0, -14, 0],
						"17.4167": [0, -15, 0],
						"17.7917": [0, -15, 0],
						"18.5": [0, 0, 0],
						"18.5833": [0, -2.5, 0],
						"18.6667": [0, 0, 0]
					}
				},
				"ChicaHead": {
					"rotation": {
						"0.0": [0, 0, 0],
						"0.0833": [0, 0, 0],
						"0.125": [-0.29151, 0, 0],
						"0.6667": [-8.15654, 0, 0],
						"0.9167": [-11.72978, 0, 0],
						"0.9583": [-12.20849, 0, 0],
						"1.0": [-12.5, 0, 0],
						"1.125": [-10.00933, 2.462, -0.43439],
						"1.25": [-12.54624, 4.88119, -1.08482],
						"1.9167": [0, 20, 0],
						"2.0417": [-2.54277, 22.49758, -0.11799],
						"2.1667": [0, 25, 0],
						"2.2917": [0, 20, 0],
						"2.9167": [0, 30, 0],
						"3.125": [0, 37.5, 0],
						"3.3333": [0, 37.5, 0],
						"3.5833": [0, 27.5, 0],
						"3.6667": [0, 30, 0],
						"3.75": [0, 27.5, 0],
						"4.3333": [0, 27.5, 0],
						"5.2917": [-7.20254, -10.07778, 0],
						"5.3333": [-6.89, -8.44, 0],
						"5.375": [-7.20254, -10.07778, 0],
						"12.0": [-7.2, -10.08, 0],
						"12.4583": [10.29567, -2.5801, 0.0392],
						"12.5": [8.54567, -2.5801, 0.0392],
						"12.5417": [10.29567, -2.5801, 0.0392],
						"13.2083": [10.3, -2.58, 0.04],
						"13.5833": [0, 0, 0],
						"13.625": [1, 0, 0],
						"13.7083": [0, 0, 0],
						"14.5833": [0, 0, 0],
						"15.4167": [0, 25, 0],
						"16.3333": [0, 25, 0],
						"17.0": [0, -25, 0],
						"18.0833": [0, -25, 0],
						"18.5833": [0, 0, 0],
						"18.625": [0, -1.25, 0],
						"18.6667": [0, 0, 0]
					}
				},
				"head": {
					"rotation": {
						"5.7083": [0, 0, 0],
						"5.9583": [0, 0, -12.5],
						"6.0": [0, 0, -11.5],
						"6.0417": [0, 0, -12.5],
						"6.9167": [0, 0, -12.5],
						"7.2083": [0, 0, -8.5],
						"7.25": [0, 0, -9.25],
						"7.2917": [0, 0, -8.5],
						"9.375": [0, 0, -8.5],
						"9.9167": [9.99067, 0.43399, 11.53793],
						"9.9583": [9.22, 0.4, 10],
						"10.0": [9.99067, 0.43399, 11.53793],
						"10.4583": [9.99, 0.43, 11.54],
						"10.9583": [-1.57071, 1.70869, -10.63427],
						"11.0": [-1.52545, 1.74922, -9.13414],
						"11.0417": [-1.57071, 1.70869, -10.63427],
						"12.0": [-1.57, 1.71, -10.63],
						"12.4583": [0, 0, 0]
					}
				},
				"bone8": {
					"scale": 0
				},
				"beakjaw": {
					"rotation": {
						"0.0": [7.5, 0, 0],
						"0.2917": [35, 0, 0],
						"0.625": [7.5, 0, 0],
						"0.9167": [35, 0, 0],
						"1.25": [7.5, 0, 0],
						"1.5417": [35, 0, 0],
						"1.875": [0, 0, 0],
						"2.5833": [0, 0, 0],
						"2.875": [35, 0, 0],
						"4.5": [35, 0, 0],
						"4.875": [0, 0, 0],
						"5.1667": [0, 0, 0],
						"5.4167": [17.5, 0, 0],
						"5.6667": [0, 0, 0],
						"5.9167": [17.5, 0, 0],
						"6.1667": [0, 0, 0],
						"7.0": [0, 0, 0],
						"7.25": [7.5, 0, 0],
						"9.5833": [7.5, 0, 0],
						"9.7917": [27.5, 0, 0],
						"9.9583": [7.5, 0, 0],
						"10.1667": [27.5, 0, 0],
						"10.3333": [7.5, 0, 0],
						"10.5417": [27.5, 0, 0],
						"10.7083": [7.5, 0, 0],
						"10.9167": [27.5, 0, 0],
						"11.0833": [7.5, 0, 0],
						"11.2917": [27.5, 0, 0],
						"11.4583": [7.5, 0, 0],
						"14.3333": [7.5, 0, 0],
						"14.5417": [26.5, 0, 0],
						"14.75": [7.5, 0, 0],
						"14.9583": [26.5, 0, 0],
						"15.1667": [7.5, 0, 0],
						"15.375": [26.5, 0, 0],
						"15.5833": [7.5, 0, 0],
						"15.7917": [26.5, 0, 0],
						"16.0": [7.5, 0, 0],
						"16.2083": [26.5, 0, 0],
						"16.4167": [7.5, 0, 0],
						"16.625": [26.5, 0, 0],
						"16.8333": [7.5, 0, 0],
						"17.0417": [26.5, 0, 0],
						"17.25": [7.5, 0, 0],
						"17.4583": [26.5, 0, 0],
						"17.6667": [22.5, 0, 0],
						"17.9583": [22.5, 0, 0],
						"18.3333": [7.5, 0, 0]
					}
				},
				"bone9": {
					"scale": 0
				},
				"bone6": {
					"scale": 0
				},
				"bone7": {
					"scale": 0
				},
				"bone10": {
					"scale": 0
				},
				"pupil": {
					"position": {
						"0.0": [0, 0, 0],
						"0.9167": [0, 0, 0],
						"1.6667": [-0.3, 0, 0],
						"2.5": [-0.3, 0, 0],
						"3.1667": [-0.3, 0, 0],
						"3.6667": [0, 0, 0],
						"4.5833": [0, 0, 0],
						"5.3333": [0.3, -0.2, 0],
						"6.1667": [0.3, -0.2, 0],
						"6.2083": [0.2, -0.3, 0],
						"6.7917": [0.2, -0.3, 0],
						"6.875": [0.4, -0.1, 0],
						"9.375": [0.4, -0.1, 0],
						"9.875": [0.3, -0.3, 0],
						"10.4167": [0.3, -0.3, 0],
						"11.0": [0.4, -0.475, 0],
						"12.4167": [0.4, -0.47, 0],
						"12.625": [0, 0, 0],
						"14.9167": [0, 0, 0],
						"15.1667": [-0.3, 0, 0],
						"16.625": [-0.3, 0, 0],
						"17.0": [0.3, 0, 0],
						"17.7917": [0.3, 0, 0],
						"18.5417": [0, 0, 0]
					}
				},
				"eyelid": {
					"position": {
						"0.0": [0, 0, 0],
						"0.25": [0, -1.2, 0],
						"0.875": [0, -1.2, 0],
						"1.125": [0, -1.2, 0],
						"1.75": [0, 0, 0],
						"2.0833": [0, -1.2, 0],
						"2.875": [0, -1.2, 0],
						"3.25": [0, 0, 0],
						"5.0417": [0, 0, 0],
						"5.25": [0, -1.2, 0],
						"5.5417": [0, -1.2, 0],
						"5.75": [0, 0.4, 0],
						"7.1667": [0, 0.4, 0],
						"7.375": [0, -1.2, 0],
						"7.6667": [0, -1.2, 0],
						"7.875": [0, 0.4, 0],
						"9.3333": [0, 0.4, 0],
						"9.875": [0, 0, 0],
						"10.4583": [0, 0, 0],
						"11.0": [0, -1.2, 0],
						"13.0": [0, -1.2, 0],
						"13.375": [0, 0, 0],
						"13.9583": [0, 0, 0],
						"14.1667": [0, 0.4, 0],
						"16.0417": [0, 0.4, 0],
						"16.375": [0, -1.2, 0],
						"17.0417": [0, -1.2, 0],
						"17.2917": [0, 0, 0]
					},
					"scale": {
						"0.0": [1, 1, 1],
						"0.25": [1, 1.5, 1],
						"0.875": [1, 1.5, 1],
						"1.125": [1, 1.5, 1],
						"1.75": [1, 1, 1],
						"2.0833": [1, 1.5, 1],
						"2.875": [1, 1.5, 1],
						"3.25": [1, 1, 1],
						"5.0417": [1, 1, 1],
						"5.25": [1, 1.5, 1],
						"5.5417": [1, 1.5, 1],
						"5.75": [1, 1, 1],
						"7.1667": [1, 1, 1],
						"7.375": [1, 1.5, 1],
						"7.6667": [1, 1.5, 1],
						"7.875": [1, 1, 1],
						"10.4583": [1, 1, 1],
						"11.0": [1, 1.5, 1],
						"13.0": [1, 1.5, 1],
						"13.375": [1, 1, 1],
						"16.0417": [1, 1, 1],
						"16.375": [1, 1.5, 1],
						"17.0417": [1, 1.5, 1],
						"17.2917": [1, 1, 1]
					}
				},
				"pupil2": {
					"position": {
						"0.0": [0, 0, 0],
						"0.9167": [0, 0, 0],
						"1.6667": [-0.3, 0, 0],
						"2.5": [-0.3, 0, 0],
						"3.1667": [-0.3, 0, 0],
						"3.6667": [0, 0, 0],
						"4.5833": [0, 0, 0],
						"5.3333": [0.3, -0.2, 0],
						"6.1667": [0.3, -0.2, 0],
						"6.2083": [0.2, -0.3, 0],
						"6.7917": [0.2, -0.3, 0],
						"6.875": [0.4, -0.1, 0],
						"9.375": [0.4, -0.1, 0],
						"9.875": [0.3, -0.3, 0],
						"10.4167": [0.3, -0.3, 0],
						"11.0": [0.4, -0.475, 0],
						"12.4167": [0.4, -0.47, 0],
						"12.625": [0, 0, 0],
						"14.9167": [0, 0, 0],
						"15.1667": [-0.3, 0, 0],
						"16.625": [-0.3, 0, 0],
						"17.0": [0.3, 0, 0],
						"17.7917": [0.3, 0, 0],
						"18.5417": [0, 0, 0]
					}
				},
				"eyelid2": {
					"position": {
						"0.0": [0, 0, 0],
						"0.25": [0, -1.2, 0],
						"0.875": [0, -1.2, 0],
						"1.125": [0, -1.2, 0],
						"1.75": [0, 0, 0],
						"2.0833": [0, -1.2, 0],
						"2.875": [0, -1.2, 0],
						"3.25": [0, 0, 0],
						"5.0417": [0, 0, 0],
						"5.25": [0, -1.2, 0],
						"5.5417": [0, -1.2, 0],
						"5.75": [0, 0.4, 0],
						"7.1667": [0, 0.4, 0],
						"7.375": [0, -1.2, 0],
						"7.6667": [0, -1.2, 0],
						"7.875": [0, 0.4, 0],
						"9.3333": [0, 0.4, 0],
						"9.875": [0, 0, 0],
						"12.0": [0, 0, 0],
						"12.3333": [0, -1.2, 0],
						"13.0": [0, -1.2, 0],
						"13.375": [0, 0, 0],
						"13.9583": [0, 0, 0],
						"14.1667": [0, 0.4, 0],
						"16.0417": [0, 0.4, 0],
						"16.375": [0, -1.2, 0],
						"17.0417": [0, -1.2, 0],
						"17.2917": [0, 0, 0]
					},
					"scale": {
						"0.0": [1, 1, 1],
						"0.25": [1, 1.5, 1],
						"0.875": [1, 1.5, 1],
						"1.125": [1, 1.5, 1],
						"1.75": [1, 1, 1],
						"2.0833": [1, 1.5, 1],
						"2.875": [1, 1.5, 1],
						"3.25": [1, 1, 1],
						"5.0417": [1, 1, 1],
						"5.25": [1, 1.5, 1],
						"5.5417": [1, 1.5, 1],
						"5.75": [1, 1, 1],
						"7.1667": [1, 1, 1],
						"7.375": [1, 1.5, 1],
						"7.6667": [1, 1.5, 1],
						"7.875": [1, 1, 1],
						"12.0": [1, 1, 1],
						"12.3333": [1, 1.5, 1],
						"13.0": [1, 1.5, 1],
						"13.375": [1, 1, 1],
						"16.0417": [1, 1, 1],
						"16.375": [1, 1.5, 1],
						"17.0417": [1, 1.5, 1],
						"17.2917": [1, 1, 1]
					}
				},
				"armL": {
					"rotation": {
						"0.0": [0, 0, -65],
						"4.625": [0, 0, -65],
						"5.125": [0, 15, -52.5],
						"9.4583": [0, 15, -52.5],
						"10.0417": [0, -10, -52.5],
						"12.0": [0, -10, -52.5],
						"12.375": [0, 0, -65]
					}
				},
				"lower": {
					"rotation": [-87.49046, -4.99523, -0.21865]
				},
				"Pizza4": {
					"scale": 0
				},
				"cupcake2": {
					"scale": 0
				},
				"fingers": {
					"rotation": [0, 0, -17.5]
				},
				"bone": {
					"rotation": [0, -25, 0]
				},
				"armR": {
					"rotation": {
						"0.0": [0, 0, 62.5],
						"4.3333": [0, 0, 62.5],
						"5.0": [-70, -27.5, 87.5],
						"5.0833": [-67, -27.5, 87.5],
						"5.1667": [-70, -27.5, 87.5],
						"9.4583": [-70, -27.5, 87.5],
						"10.0": [-32.67, -12.83, 74.17],
						"10.0833": [-33.67, -12.83, 74.17],
						"10.2083": [-32.67, -12.83, 74.17],
						"10.4167": [-32.67, -12.83, 74.17],
						"11.0": [0, 0, 62.5]
					}
				},
				"lower2": {
					"rotation": {
						"0.0": [-89.13035, -6.86379, 26.69458],
						"4.3333": [-89.13, -6.86, 26.69],
						"5.0": [-67.5, 0, 0],
						"9.4583": [-67.5, 0, 0],
						"10.0": [-79.04, -3.66, 14.23],
						"10.4167": [-79.04, -3.66, 14.23],
						"11.0": [-89.13, -6.86, 26.69]
					}
				},
				"hand2": {
					"rotation": {
						"0.0": [0, -90, 0],
						"4.3333": [0, -90, 0],
						"4.7083": [78.24276, -70.68495, -84.80433],
						"5.0": [90, -40, -90],
						"9.5417": [90, -40, -90],
						"10.0": [93.84866, -70.14219, -97.36923],
						"10.4167": [93.84866, -70.14219, -97.36923],
						"11.0": [0, -90, 0]
					}
				},
				"cupcake": {
					"rotation": [0, 97.5, 0],
					"position": [0, 0.09137, 0.69401]
				},
				"Jaw3": {
					"rotation": {
						"7.0833": [0, 0, 0],
						"7.125": [-0.43059, 0, 0],
						"7.1667": [-1.42217, 0, 0],
						"7.2083": [-2.73156, 0, 0],
						"7.25": [-4.23431, 0, 0],
						"7.4167": [-10.79929, 0, 0],
						"7.4583": [-12.26229, 0, 0],
						"7.5": [-13.43959, 0, 0],
						"7.5417": [-14, 0, 0],
						"7.8333": [0, 0, 0],
						"8.0": [0, 0, 0],
						"8.1667": [-14, 0, 0],
						"8.375": [0, 0, 0],
						"8.625": [-14, 0, 0],
						"8.6667": [-12.75, 0, 0],
						"8.7083": [-14, 0, 0],
						"8.9583": [-14, 0, 0],
						"9.0": [-13.10945, 0, 0],
						"9.0417": [-10.28523, 0, 0],
						"9.0833": [-6.21646, 0, 0],
						"9.125": [-2.66137, 0, 0],
						"9.1667": [-0.61045, 0, 0],
						"9.2083": [0, 0, 0],
						"9.25": [-0.5, 0, 0],
						"9.2917": [0, 0, 0]
					}
				},
				"bone3": {
					"position": {
						"5.75": [0, 0, 0],
						"5.875": [0, -1.1, 0],
						"6.125": [0, 0, 0],
						"8.875": [0, 0, 0],
						"9.25": [0, -1.1, 0],
						"9.5": [0, 0, 0]
					},
					"scale": {
						"5.75": [1, 1, 1],
						"5.875": [1, 1.9, 1],
						"6.125": [1, 1, 1],
						"8.875": [1, 1, 1],
						"9.25": [1, 1.9, 1],
						"9.5": [1, 1, 1]
					}
				},
				"legL": {
					"rotation": [0, 2.5, 0]
				},
				"foot": {
					"rotation": [0, 10, 0]
				},
				"foot2": {
					"rotation": [0, -7.5, 0]
				},
				"Pupils": {
					"position": {
						"0.0": [0, 0, 0],
						"5.875": [0, 0, 0],
						"6.2083": [-0.4, 0, 0],
						"6.5833": [-0.4, 0, 0],
						"6.625": [-0.4, -0.2, 0],
						"7.0417": [-0.4, -0.2, 0],
						"7.0833": [-0.3, -0.2, 0],
						"7.4167": [-0.3, -0.2, 0],
						"7.8333": [-0.3, -0.5, 0],
						"9.0": [-0.3, -0.5, 0],
						"9.25": [0, 0, 0],
						"10.0417": [0, 0, 0],
						"10.375": [-0.3, 0.3, 0],
						"12.0": [-0.3, 0.3, 0],
						"12.375": [0, 0, 0]
					}
				}
			}
		}
	}
}