{
	"format_version": "1.8.0",
	"animations": {
		"animation.endo_stand": {
			"loop": true,
			"bones": {
				"jaw": {
					"rotation": [5, 0, 0]
				},
				"armL": {
					"rotation": [4.92442, 0.86717, -57.46271]
				},
				"lower": {
					"rotation": [-71.07851, -45.21197, 17.73382]
				},
				"hand": {
					"rotation": [12.5, 0, 0]
				},
				"fingers": {
					"rotation": [0, 0, -20]
				},
				"thumb": {
					"rotation": [37.5, 0, 0]
				},
				"armR": {
					"rotation": [4.92442, -0.86717, 57.46271]
				},
				"lower2": {
					"rotation": [-71.07851, 45.21197, -17.73382]
				},
				"fingers3": {
					"rotation": [0, 0, 20]
				},
				"thumb4": {
					"rotation": [37.5, 0, 0]
				},
				"foot": {
					"rotation": [0, 10, 0]
				},
				"foot2": {
					"rotation": [0, -10, 0]
				}
			}
		},
		"animation.endo_wave": {
			"loop": true,
			"bones": {
				"jaw": {
					"rotation": [5, 0, 0]
				},
				"armL": {
					"rotation": [0, 0, 40]
				},
				"lower": {
					"rotation": [-360, 90, -310]
				},
				"hand": {
					"rotation": [12.5, 0, 0]
				},
				"fingers": {
					"rotation": [0, 0, -20]
				},
				"thumb": {
					"rotation": [37.5, 0, 0]
				},
				"armR": {
					"rotation": [4.92442, -0.86717, 57.46271]
				},
				"lower2": {
					"rotation": [-71.07851, 45.21197, -17.73382]
				},
				"fingers3": {
					"rotation": [0, 0, 20]
				},
				"thumb4": {
					"rotation": [37.5, 0, 0]
				},
				"foot": {
					"rotation": [0, 10, 0]
				},
				"foot2": {
					"rotation": [0, -10, 0]
				}
			}
		},
		"animation.endo_reach": {
			"loop": true,
			"bones": {
				"feddy": {
					"rotation": [17.5, 0, 0],
					"position": [0, -1.3, 0]
				},
				"upperpart": {
					"rotation": [0, -15, 0]
				},
				"head": {
					"rotation": [-13.60739, 16.50117, -3.96491]
				},
				"jaw": {
					"rotation": [25, 0, 0]
				},
				"eyelid": {
					"position": [0, 0.3, 0]
				},
				"eyelid2": {
					"position": [0, 0.3, 0]
				},
				"armL": {
					"rotation": [-49.56754, -7.64427, -6.46635]
				},
				"lower": {
					"rotation": [0, 52.5, 52.5]
				},
				"hand": {
					"rotation": [0, 0, 15]
				},
				"fingers": {
					"rotation": [0, 0, 10]
				},
				"thumb": {
					"rotation": [37.5, 0, 0]
				},
				"armR": {
					"rotation": [40, 0, 47.5]
				},
				"lower2": {
					"rotation": [-92.24234, -11.2531, 22.47096]
				},
				"hand2": {
					"rotation": [0, 0, -22.5]
				},
				"fingers3": {
					"rotation": [0, 0, 20]
				},
				"thumb4": {
					"rotation": [37.5, 0, 0]
				},
				"legL": {
					"rotation": [-43.30854, 16.27014, 11.79198]
				},
				"lower3": {
					"rotation": [35, 0, 0]
				},
				"foot": {
					"rotation": [-5.53513, 9.53274, -17.75313]
				},
				"legR": {
					"rotation": [-53.02988, -23.12492, 3.99322]
				},
				"lower4": {
					"rotation": [25, 0, 0]
				},
				"foot2": {
					"rotation": [9.98399, -9.56601, 0.03847]
				}
			}
		},
		"animation.endo_floor_sit": {
			"loop": true,
			"bones": {
				"feddy": {
					"position": [0, -14, 5]
				},
				"upperpart": {
					"rotation": [25, 0, 0]
				},
				"jaw": {
					"rotation": [22.5, 0, 0]
				},
				"eyelid": {
					"rotation": [90, 0, 0],
					"position": [0, -0.2, -1.8]
				},
				"eyelid2": {
					"rotation": [90, 0, 0],
					"position": [0, -0.2, -1.8]
				},
				"armL": {
					"rotation": [0, 0, -90]
				},
				"lower": {
					"rotation": [-67.42266, 4.61854, 1.91757]
				},
				"fingers": {
					"rotation": [0, 0, -20]
				},
				"thumb": {
					"rotation": [37.5, 0, 0]
				},
				"armR": {
					"rotation": [0, 0, 90]
				},
				"lower2": {
					"rotation": [-67.42266, -4.61854, -1.91757]
				},
				"fingers3": {
					"rotation": [0, 0, 20]
				},
				"thumb4": {
					"rotation": [37.5, 0, 0]
				},
				"legL": {
					"rotation": [-90, 2.5, 0]
				},
				"foot": {
					"rotation": [0, 10, 0]
				},
				"legR": {
					"rotation": [-90, -2.5, 0]
				},
				"foot2": {
					"rotation": [0, -10, 0]
				}
			}
		},
		"animation.endo_sit": {
			"loop": true,
			"bones": {
				"feddy": {
					"position": [0, -14, -5]
				},
				"upperpart": {
					"rotation": [25, 0, 0]
				},
				"jaw": {
					"rotation": [22.5, 0, 0]
				},
				"eyelid": {
					"rotation": [90, 0, 0],
					"position": [0, -0.2, -1.8]
				},
				"eyelid2": {
					"rotation": [90, 0, 0],
					"position": [0, -0.2, -1.8]
				},
				"armL": {
					"rotation": [0, 0, -90]
				},
				"lower": {
					"rotation": [-67.42266, 4.61854, 1.91757]
				},
				"fingers": {
					"rotation": [0, 0, -20]
				},
				"thumb": {
					"rotation": [37.5, 0, 0]
				},
				"armR": {
					"rotation": [0, 0, 90]
				},
				"lower2": {
					"rotation": [-67.42266, -4.61854, -1.91757]
				},
				"fingers3": {
					"rotation": [0, 0, 20]
				},
				"thumb4": {
					"rotation": [37.5, 0, 0]
				},
				"legL": {
					"rotation": [-90, 2.5, 0]
				},
				"lower3": {
					"rotation": [90, 0, 0]
				},
				"foot": {
					"rotation": [0, 10, 0]
				},
				"legR": {
					"rotation": [-90, -2.5, 0]
				},
				"lower4": {
					"rotation": [90, 0, 0]
				},
				"foot2": {
					"rotation": [0, -10, 0]
				}
			}
		},
		"animation.endo_sit_stare": {
			"loop": true,
			"bones": {
				"feddy": {
					"position": [0, -14, -5]
				},
				"upperpart": {
					"rotation": [25, 0, 0]
				},
				"head": {
					"rotation": [-36.9811, -18.12315, 17.62961]
				},
				"jaw": {
					"rotation": [35, 0, 0]
				},
				"armL": {
					"rotation": [0, 0, -90]
				},
				"lower": {
					"rotation": [-67.42266, 4.61854, 1.91757]
				},
				"fingers": {
					"rotation": [0, 0, -20]
				},
				"thumb": {
					"rotation": [37.5, 0, 0]
				},
				"armR": {
					"rotation": [0, 0, 90]
				},
				"lower2": {
					"rotation": [-67.42266, -4.61854, -1.91757]
				},
				"fingers3": {
					"rotation": [0, 0, 20]
				},
				"thumb4": {
					"rotation": [37.5, 0, 0]
				},
				"legL": {
					"rotation": [-90, 2.5, 0]
				},
				"lower3": {
					"rotation": [90, 0, 0]
				},
				"foot": {
					"rotation": [0, 10, 0]
				},
				"legR": {
					"rotation": [-90, -2.5, 0]
				},
				"lower4": {
					"rotation": [90, 0, 0]
				},
				"foot2": {
					"rotation": [0, -10, 0]
				}
			}
		},
		"animation.endo_lay": {
			"loop": true,
			"bones": {
				"feddy": {
					"rotation": [-92.5, 0, 0],
					"position": [0, 4, -19]
				},
				"upperpart": {
					"rotation": [0, 0, 0]
				},
				"head": {
					"rotation": [0, 0, -2.5]
				},
				"jaw": {
					"rotation": [22.5, 0, 0]
				},
				"eyelid": {
					"rotation": [90, 0, 0],
					"position": [0, -0.2, -1.8]
				},
				"eyelid2": {
					"rotation": [90, 0, 0],
					"position": [0, -0.2, -1.8]
				},
				"armL": {
					"rotation": [0, 0, -72.5]
				},
				"lower": {
					"rotation": [0, -90, -17.5]
				},
				"fingers": {
					"rotation": [0, 0, -20]
				},
				"thumb": {
					"rotation": [37.5, 0, 0]
				},
				"armR": {
					"rotation": [0, 0, 80]
				},
				"lower2": {
					"rotation": [-7.38733, 1.29876, 9.91615]
				},
				"fingers3": {
					"rotation": [0, 0, 20]
				},
				"thumb4": {
					"rotation": [37.5, 0, 0]
				},
				"legL": {
					"rotation": [0, 0, 0]
				},
				"foot": {
					"rotation": [0, 10, 0]
				},
				"legR": {
					"rotation": [0, 0, 0]
				},
				"foot2": {
					"rotation": [0, -10, 0]
				}
			}
		},
		"animation.endo_dismantled": {
			"loop": true,
			"bones": {
				"head": {
					"rotation": [0, 25, 0],
					"position": [5, -31, -6]
				},
				"jaw": {
					"rotation": [12.58807, -14.98539, -0.66963]
				},
				"eyelid": {
					"position": [0, -0.4, 0]
				},
				"eyelid2": {
					"position": [0, -0.4, 0]
				},
				"endobody": {
					"rotation": [22.5, 0, 0],
					"position": [1, -18, -2]
				},
				"armL": {
					"rotation": [0, 0, 0]
				},
				"upper": {
					"position": [26, 5, 5]
				},
				"lower": {
					"rotation": [-70, 0, 0],
					"position": [26, 13, -4]
				},
				"fingers": {
					"rotation": [0, 0, -20]
				},
				"thumb": {
					"rotation": [37.5, 0, 0]
				},
				"armR": {
					"rotation": [25, 0, 0],
					"position": [-7, -26, 2]
				},
				"lower2": {
					"rotation": [-35, 0, 0]
				},
				"fingers3": {
					"rotation": [0, 0, 20]
				},
				"thumb4": {
					"rotation": [37.5, 0, 0]
				},
				"pelvissuit": {
					"rotation": [0, 47.5, 0],
					"position": [-6, -14, 0]
				},
				"legL": {
					"rotation": [-133.90813, 17.60566, -0.21807],
					"position": [0, -11.8, 0]
				},
				"lower3": {
					"rotation": [135, 0, 0]
				},
				"foot": {
					"rotation": [0, 10, 0]
				},
				"legR": {
					"rotation": [-90, -22.5, 0],
					"position": [3, -14, 0]
				},
				"foot2": {
					"rotation": [0, -10, 0]
				}
			}
		}
	}
}