{
	"format_version": "1.8.0",
	"animations": {
		"animation.hammer.first_person_hold": {
			"loop": true,
			"bones": {
				"root_item": {
					"rotation": [86, 60, -60],
					"position": [-7, 26, 0]
				}
			}
		},
		"animation.hammer.third_person_hold2": {
			"loop": true,
			"bones": {
				"root_item": {
					"rotation": [102.5, 0, 0],
					"position": [5.5, 22.5, -0.5]
				},
				"leftArm": {
					"rotation": [-17.5, 0, 0]
				}
			}
		},
		"animation.hammer.third_person_hold": {
			"loop": true,
			"animation_length": 2.1667,
			"bones": {
				"root_item": {
					"rotation": [87.5, 0, 0],
					"position": [0.5, 22.5, -0.5],
					"scale": [1, 0.9, 0.9]
				},
				"test": {
					"position": [0.5, 21, -11]
				}
			}
		},
		"animation.faz-diver.first_person_hold": {
			"loop": true,
			"bones": {
				"root_item": {
					"rotation": [86, 60, -60],
					"position": [-7, 26, 0]
				}
			}
		},
		"animation.faz-diver.third_person_hold": {
			"loop": true,
			"animation_length": 2.1667,
			"bones": {
				"root_item": {
					"rotation": [87.5, 0, 0],
					"position": [0.5, 22.5, -0.5],
					"scale": [1, 0.9, 0.9]
				},
				"test": {
					"position": [0.5, 21, -11]
				}
			}
		}
	}
}