{
	"format_version": "1.8.0",
	"animations": {
		"animation.foxy_stand": {
			"loop": true,
			"bones": {
				"head": {
					"rotation": [0, 0, 15]
				},
				"jaw": {
					"rotation": [4.55556, 0.39517, 0.23322]
				},
				"armL": {
					"rotation": [-38.73521, 30.89218, -42.59441]
				},
				"lower": {
					"rotation": [-106.32661, -5.29667, -98.89872]
				},
				"armR": {
					"rotation": [14.58438, 20.73575, 77.12434]
				},
				"lower2": {
					"rotation": [-35.68672, 22.91934, -15.62633]
				},
				"fingers3": {
					"rotation": [0, 0, 27.5]
				},
				"thumb3": {
					"rotation": [0, 60, 0]
				},
				"foot": {
					"rotation": [0, 7.5, 0]
				},
				"foot2": {
					"rotation": [0, -10, 0]
				},
				"jaw2": {
					"rotation": [12.5, 0, 0]
				},
				"pupil2": {
					"position": [0, 0, 0]
				},
				"eyelid2": {
					"position": [0, -0.2, 0]
				},
				"bone3": {
					"scale": 0
				},
				"Foxy": {
					"scale": 1
				}
			}
		},
		"animation.foxy_mugshot": {
			"loop": true,
			"bones": {
				"head": {
					"rotation": [12.67544, 14.94159, 1.3378]
				},
				"jaw": {
					"rotation": [4.55556, 0.39517, 0.23322]
				},
				"armL": {
					"rotation": [-38.73521, 30.89218, -42.59441]
				},
				"lower": {
					"rotation": [-106.32661, -5.29667, -98.89872]
				},
				"armR": {
					"rotation": [14.58438, 20.73575, 77.12434]
				},
				"lower2": {
					"rotation": [-35.68672, 22.91934, -15.62633]
				},
				"fingers3": {
					"rotation": [0, 0, 27.5]
				},
				"thumb3": {
					"rotation": [0, 60, 0]
				},
				"foot": {
					"rotation": [0, 7.5, 0]
				},
				"foot2": {
					"rotation": [0, -10, 0]
				},
				"pupil2": {
					"position": [0.1, 0, 0]
				},
				"eyelid2": {
					"position": [0, -0.2, 0]
				},
				"bone3": {
					"scale": 0
				}
			}
		},
		"animation.foxy_hw2_render": {
			"loop": true,
			"bones": {
				"head": {
					"rotation": [5.00661, 3.386, -7.43423]
				},
				"jaw": {
					"rotation": [4.55556, 0.39517, 0.23322]
				},
				"armL": {
					"rotation": [-28.43435, 24.54987, -57.97453]
				},
				"lower": {
					"rotation": [-72.93927, 1.69279, -266.90513]
				},
				"armR": {
					"rotation": [2.17224, -8.95118, 67.40389]
				},
				"lower2": {
					"rotation": [-67.45154, 11.28608, -18.23647]
				},
				"fingers3": {
					"rotation": [0, 0, 27.5]
				},
				"thumb3": {
					"rotation": [0, 60, 0]
				},
				"foot": {
					"rotation": [-0.6574, 7.4713, -5.04292]
				},
				"foot2": {
					"rotation": [0, -10, 0]
				},
				"Foxy": {
					"rotation": [0, -12.5, 0]
				},
				"pupil2": {
					"position": [-0.1, 0, 0]
				},
				"eyelid2": {
					"position": [0, 0, 0]
				},
				"legL": {
					"rotation": [2.3273, 24.89837, 5.51385]
				},
				"bone3": {
					"scale": 0
				}
			}
		},
		"animation.foxy_peek": {
			"loop": true,
			"bones": {
				"upperpart": {
					"rotation": [2.5, 0, 7.5]
				},
				"head": {
					"rotation": [0, 0, -5]
				},
				"jaw2": {
					"rotation": [15, 0, 0]
				},
				"eyepatch": {
					"rotation": [-112.5, 0, 0]
				},
				"armL": {
					"rotation": [8.2162, -12.04561, -64.19088]
				},
				"lower": {
					"rotation": [-38.13019, -10.83402, 14.68602]
				},
				"armR": {
					"rotation": [12.45392, -1.08089, 59.88206]
				},
				"lower2": {
					"rotation": [-44.27027, 42.5528, 6.16636]
				},
				"hand2": {
					"rotation": [0, 7.5, 0]
				},
				"fingers3": {
					"rotation": [0, 0, 20]
				},
				"thumb4": {
					"rotation": [20, 0, 0]
				},
				"foot": {
					"rotation": [0, 10, 0]
				},
				"foot2": {
					"rotation": [0, -12.5, 0]
				},
				"bone3": {
					"scale": 0
				}
			}
		},
		"animation.foxy_exit_cove": {
			"loop": true,
			"bones": {
				"Foxy": {
					"rotation": [0, 50, 0]
				},
				"upperpart": {
					"rotation": [0, 0, 10]
				},
				"head": {
					"rotation": [-27.24531, 13.50819, 43.38532],
					"position": [0, 1, 0]
				},
				"jaw2": {
					"rotation": [15, 0, 0]
				},
				"bone2": {
					"rotation": [5, 0, 0]
				},
				"eyepatch": {
					"rotation": [-112.5, 0, 0]
				},
				"armL": {
					"rotation": [-58.22291, 6.2843, -84.80658]
				},
				"lower": {
					"rotation": [-98.53659, -11.10699, -70.4807]
				},
				"armR": {
					"rotation": [12.45392, -1.08089, 59.88206]
				},
				"lower2": {
					"rotation": [-44.27027, 42.5528, 6.16636]
				},
				"hand2": {
					"rotation": [0, 7.5, 0]
				},
				"fingers3": {
					"rotation": [0, 0, 20]
				},
				"thumb4": {
					"rotation": [20, 0, 0]
				},
				"foot": {
					"rotation": [0, 10, 0]
				},
				"foot2": {
					"rotation": [0, -12.5, 0]
				},
				"bone3": {
					"scale": 0
				}
			}
		},
		"animation.foxy_jumpscare": {
			"loop": true,
			"bones": {
				"upperpart": {
					"rotation": [2.41492, -0.64686, 22.48637]
				},
				"head": {
					"rotation": [0, 0, -5]
				},
				"jaw2": {
					"rotation": [15, 0, 0]
				},
				"eyepatch": {
					"rotation": [-112.5, 0, 0]
				},
				"armL": {
					"rotation": [9.23727, -11.2865, -69.23727]
				},
				"lower": {
					"rotation": [-20.22359, -5.88066, 29.00207]
				},
				"armR": {
					"rotation": [12.45392, -1.08089, 59.88206]
				},
				"lower2": {
					"rotation": [-44.27027, 42.5528, 6.16636]
				},
				"hand2": {
					"rotation": [0, 7.5, 0]
				},
				"fingers3": {
					"rotation": [0, 0, 20]
				},
				"thumb4": {
					"rotation": [20, 0, 0]
				},
				"foot": {
					"rotation": [0, 10, 0]
				},
				"foot2": {
					"rotation": [0, -12.5, 0]
				},
				"bone3": {
					"scale": 0
				}
			}
		},
		"animation.foxy_ar_render1": {
			"loop": true,
			"bones": {
				"head": {
					"rotation": [14.6037, 0.62112, 8.38178]
				},
				"jaw": {
					"rotation": [4.55556, 0.39517, 0.23322]
				},
				"armL": {
					"rotation": [-26.84166, 26.0366, -49.10094]
				},
				"lower": {
					"rotation": [-116.32661, -5.29667, -98.89872]
				},
				"armR": {
					"rotation": [-6.69381, -30.16672, 63.76459]
				},
				"lower2": {
					"rotation": [-66.78186, -2.00962, 68.086]
				},
				"fingers3": {
					"rotation": [0, 0, 27.5]
				},
				"thumb3": {
					"rotation": [0, 60, 0]
				},
				"foot": {
					"rotation": [0, 7.5, 0]
				},
				"foot2": {
					"rotation": [0, -10, 0]
				},
				"pupil2": {
					"position": [0, 0, 0]
				},
				"eyelid2": {
					"rotation": [0, 0, -5],
					"position": [0, -0.2, 0]
				},
				"hand2": {
					"rotation": [0, 0, -40]
				},
				"bone3": {
					"scale": 0
				}
			}
		},
		"animation.foxy_ar_render_2": {
			"loop": true,
			"bones": {
				"head": {
					"rotation": [-16.35162, -20.0327, -0.38863]
				},
				"jaw": {
					"rotation": [4.55556, 0.39517, 0.23322]
				},
				"armL": {
					"rotation": [-26.84166, 26.0366, -49.10094]
				},
				"lower": {
					"rotation": [-116.32661, -5.29667, -98.89872]
				},
				"armR": {
					"rotation": [-14.19381, -30.16672, 63.76459]
				},
				"lower2": {
					"rotation": [-93.09856, -17.79348, 82.52027]
				},
				"fingers3": {
					"rotation": [0, 0, -25]
				},
				"thumb3": {
					"rotation": [0, 60, 0]
				},
				"foot": {
					"rotation": [0, 7.5, 0]
				},
				"foot2": {
					"rotation": [-19.52656, -11.40033, 28.41347]
				},
				"Foxy": {
					"rotation": [12.32426, 17.62221, 1.34898],
					"position": [0, -1.4, 0]
				},
				"upperpart": {
					"rotation": [17.5, 0, 0]
				},
				"jaw2": {
					"rotation": [12.5, 0, 0]
				},
				"pupil2": {
					"position": [0, 0, 0]
				},
				"eyelid2": {
					"rotation": [0, 0, -5],
					"position": [0, -0.2, 0]
				},
				"hand2": {
					"rotation": [0, 0, -25]
				},
				"thumb4": {
					"rotation": [0, -80, 0]
				},
				"legL": {
					"rotation": [-37.16585, 20.37335, 14.45079]
				},
				"lower3": {
					"rotation": [30.72149, 12.43055, -15.76905]
				},
				"legR": {
					"rotation": [-10, -17.5, -25]
				},
				"lower4": {
					"rotation": [27.47766, -1.15408, 2.21783]
				},
				"bone3": {
					"scale": 0
				}
			}
		},
		"animation.foxy_look_up": {
			"loop": true,
			"bones": {
				"upperpart": {
					"rotation": [0, 0, 0]
				},
				"head": {
					"rotation": [-14.93906, 1.39708, 4.80009]
				},
				"jaw2": {
					"rotation": [0, 0, 0]
				},
				"eyepatch": {
					"rotation": [0, 0, 0]
				},
				"armL": {
					"rotation": [8.2162, -12.04561, -64.19088]
				},
				"lower": {
					"rotation": [-43.46603, -32.28828, 22.00111]
				},
				"armR": {
					"rotation": [12.45392, -1.08089, 59.88206]
				},
				"lower2": {
					"rotation": [-39.27027, 42.5528, 6.16636]
				},
				"hand2": {
					"rotation": [0, 7.5, 0]
				},
				"fingers3": {
					"rotation": [0, 0, 20]
				},
				"thumb4": {
					"rotation": [20, 0, 0]
				},
				"foot": {
					"rotation": [0, 10, 0]
				},
				"foot2": {
					"rotation": [0, -12.5, 0]
				},
				"bone3": {
					"scale": 0
				}
			}
		},
		"animation.foxy_crouch_look_up": {
			"loop": true,
			"bones": {
				"Foxy": {
					"rotation": [24.55184, -14.63608, -4.14715],
					"position": [0, -3.8, 3]
				},
				"upperpart": {
					"rotation": [0, 0, 0]
				},
				"head": {
					"rotation": [-37.80078, 21.17196, 1.39005]
				},
				"jaw2": {
					"rotation": [27.5, 0, 0]
				},
				"eyepatch": {
					"rotation": [0, 0, 0]
				},
				"armL": {
					"rotation": [5.93024, 33.05303, -49.61044]
				},
				"lower": {
					"rotation": [-67.48133, -37.41257, 58.79432]
				},
				"armR": {
					"rotation": [-117.10318, -32.9381, 192.35487]
				},
				"lower2": {
					"rotation": [-227.93144, 5.56422, -149.98145]
				},
				"hand2": {
					"rotation": [0, 7.5, 0]
				},
				"fingers3": {
					"rotation": [0, 0, 20]
				},
				"thumb4": {
					"rotation": [20, 0, 0]
				},
				"legL": {
					"rotation": [-64.51786, 10.19904, 2.71549]
				},
				"lower3": {
					"rotation": [97.45423, -1.46953, -0.39185]
				},
				"foot": {
					"rotation": [-56.13283, 2.10929, -9.4189]
				},
				"legR": {
					"rotation": [-62.29788, -6.64851, -3.47875]
				},
				"lower4": {
					"rotation": [92.5, 0, 0]
				},
				"foot2": {
					"rotation": [-52.01523, -0.64505, 15.94187]
				},
				"bone3": {
					"scale": 0
				}
			}
		},
		"animation.foxy_crouch_look_side": {
			"loop": true,
			"bones": {
				"Foxy": {
					"rotation": [24.55184, -14.63608, -4.14715],
					"position": [0, -1.4, 3]
				},
				"upperpart": {
					"rotation": [0, 0, 0]
				},
				"head": {
					"rotation": [-37.16133, 53.87092, -10.05997]
				},
				"jaw2": {
					"rotation": [27.5, 0, 0]
				},
				"eyepatch": {
					"rotation": [0, 0, 0]
				},
				"armL": {
					"rotation": [5.93024, 33.05303, -49.61044]
				},
				"lower": {
					"rotation": [-67.48133, -37.41257, 58.79432]
				},
				"armR": {
					"rotation": [-117.10318, -32.9381, 192.35487]
				},
				"lower2": {
					"rotation": [-227.93144, 5.56422, -149.98145]
				},
				"hand2": {
					"rotation": [0, 7.5, 0]
				},
				"fingers3": {
					"rotation": [0, 0, 20]
				},
				"thumb4": {
					"rotation": [20, 0, 0]
				},
				"legL": {
					"rotation": [-39.51786, 10.19904, 2.71549]
				},
				"lower3": {
					"rotation": [59.95423, -1.46953, -0.39185]
				},
				"foot": {
					"rotation": [-43.53883, 3.83304, -7.60567]
				},
				"legR": {
					"rotation": [-47.29788, -6.64851, -3.47875]
				},
				"lower4": {
					"rotation": [57.5, 0, 0]
				},
				"foot2": {
					"rotation": [-31.94153, -1.5063, 13.53465]
				},
				"bone3": {
					"scale": 0
				}
			}
		},
		"animation.foxy_floor_sit": {
			"loop": true,
			"bones": {
				"Foxy": {
					"position": [0, -13, 3]
				},
				"head": {
					"rotation": [-12.31594, -2.15393, -9.76758]
				},
				"jaw": {
					"rotation": [17.5, 0, 0]
				},
				"eyelid2": {
					"position": [0, -0.3, 0]
				},
				"armL": {
					"rotation": [0, 0, -80]
				},
				"lower": {
					"rotation": [-106.92356, 39.1231, -101.23244]
				},
				"armR": {
					"rotation": [7.5, 0, 80]
				},
				"lower2": {
					"rotation": [-27.5, 0, 0]
				},
				"hand2": {
					"rotation": [0, -90, 0]
				},
				"fingers3": {
					"rotation": [0, 0, 67.5]
				},
				"thumb4": {
					"rotation": [26.19946, 18.08412, 8.70114]
				},
				"legL": {
					"rotation": [-112.94582, 11.73507, -4.3361]
				},
				"lower3": {
					"rotation": [45, 0, 0]
				},
				"foot": {
					"rotation": [67.60798, -3.64702, 0.48691]
				},
				"legR": {
					"rotation": [-90, -20, 0]
				},
				"foot2": {
					"rotation": [50, 0, 0]
				},
				"bone3": {
					"scale": 0
				}
			}
		},
		"animation.foxy_sit": {
			"loop": true,
			"bones": {
				"Foxy": {
					"position": [0, -13, -7]
				},
				"head": {
					"rotation": [0, 0, 0]
				},
				"jaw": {
					"rotation": [0, 0, 0]
				},
				"eyelid2": {
					"position": [0, 0, 0]
				},
				"armL": {
					"rotation": [4.40528, -22.29711, -71.88997]
				},
				"lower": {
					"rotation": [-79.34248, -27.97529, 91.96247]
				},
				"armR": {
					"rotation": [-8.27492, 25.79416, 68.34752]
				},
				"lower2": {
					"rotation": [-74.67936, 43.39737, -73.49549]
				},
				"hand2": {
					"rotation": [0, -90, 0]
				},
				"fingers3": {
					"rotation": [0, 0, 12.5]
				},
				"thumb4": {
					"rotation": [20, 0, 0]
				},
				"legL": {
					"rotation": [-90, 15, 0]
				},
				"lower3": {
					"rotation": [90, 0, 0]
				},
				"foot": {
					"rotation": [0, 0, 0]
				},
				"legR": {
					"rotation": [-90, -20, 0]
				},
				"lower4": {
					"rotation": [90, 0, 0]
				},
				"foot2": {
					"rotation": [0, 0, 0]
				},
				"bone3": {
					"scale": 0
				}
			}
		},
		"animation.foxy_slab_sit": {
			"loop": true,
			"bones": {
				"Foxy": {
					"position": [0, -21, -7]
				},
				"head": {
					"rotation": [0, 0, 0]
				},
				"jaw": {
					"rotation": [0, 0, 0]
				},
				"eyelid2": {
					"position": [0, 0, 0]
				},
				"armL": {
					"rotation": [4.40528, -22.29711, -71.88997]
				},
				"lower": {
					"rotation": [-79.34248, -27.97529, 91.96247]
				},
				"armR": {
					"rotation": [-8.27492, 25.79416, 68.34752]
				},
				"lower2": {
					"rotation": [-74.67936, 43.39737, -73.49549]
				},
				"hand2": {
					"rotation": [0, -90, 0]
				},
				"fingers3": {
					"rotation": [0, 0, 12.5]
				},
				"thumb4": {
					"rotation": [20, 0, 0]
				},
				"legL": {
					"rotation": [-90, 15, 0]
				},
				"lower3": {
					"rotation": [90, 0, 0]
				},
				"foot": {
					"rotation": [0, 0, 0]
				},
				"legR": {
					"rotation": [-90, -20, 0]
				},
				"lower4": {
					"rotation": [90, 0, 0]
				},
				"foot2": {
					"rotation": [0, 0, 0]
				},
				"bone3": {
					"scale": 0
				}
			}
		},
		"animation.foxy_lay": {
			"loop": true,
			"bones": {
				"Foxy": {
					"rotation": [-90, 0, 0],
					"position": [0, 4.5, -18]
				},
				"head": {
					"rotation": [-4.81594, -2.15393, -9.76758]
				},
				"jaw": {
					"rotation": [17.5, 0, 0]
				},
				"bone2": {
					"rotation": [0, 7.5, 0]
				},
				"eyelid2": {
					"position": [0, -0.3, 0]
				},
				"armL": {
					"rotation": [0, 0, -80]
				},
				"lower": {
					"rotation": [-170.89148, 76.77864, -171.01212]
				},
				"armR": {
					"rotation": [7.5, 0, 80]
				},
				"lower2": {
					"rotation": [-2.5, 0, 0]
				},
				"hand2": {
					"rotation": [0, -90, 0]
				},
				"fingers3": {
					"rotation": [0, 0, 67.5]
				},
				"thumb4": {
					"rotation": [26.19946, 18.08412, 8.70114]
				},
				"legL": {
					"rotation": [-19.03932, 4.36142, 13.77062]
				},
				"lower3": {
					"rotation": [45, 0, 0]
				},
				"foot": {
					"rotation": [65.10798, -3.64702, 0.48691]
				},
				"legR": {
					"rotation": [0.91324, 3.33903, -16.15808]
				},
				"foot2": {
					"rotation": [50, 0, 0]
				},
				"bone3": {
					"scale": 0
				}
			}
		},
		"animation.foxy_dismantled": {
			"loop": true,
			"bones": {
				"head": {
					"rotation": [0, 37.5, 0],
					"position": [16, -12, -1]
				},
				"jaw": {
					"rotation": [-5, -10, 0]
				},
				"armL": {
					"rotation": [70, 0, 0],
					"position": [23, -7.5, 8]
				},
				"lower": {
					"rotation": [-87.93246, 22.40972, -84.59039]
				},
				"armR": {
					"rotation": [20, 0, 0],
					"position": [-6, -7.5, -18]
				},
				"lower2": {
					"rotation": [-146.87402, -10.51794, 173.20714]
				},
				"fingers3": {
					"rotation": [0, 0, 27.5]
				},
				"thumb3": {
					"rotation": [0, 60, 0]
				},
				"foot": {
					"rotation": [24.23982, -22.46188, -12.85565]
				},
				"foot2": {
					"rotation": [0, -10, 0]
				},
				"Foxy": {
					"rotation": [0, 17.5, 0],
					"position": [0, -17, 0]
				},
				"jaw2": {
					"rotation": [0, 0, 0]
				},
				"pupil2": {
					"position": [0, 0, 0]
				},
				"eyelid2": {
					"position": [0, -0.4, 0]
				},
				"hand2": {
					"rotation": [0, 0, 37.5]
				},
				"belowpart": {
					"position": [14, 17, 0]
				},
				"pelvissuit": {
					"rotation": [0, 0, -7.5],
					"position": [-10, -14, 7]
				},
				"legL": {
					"rotation": [-1170, 62.5, -1079.5],
					"position": [-15, -13, -8]
				},
				"lower3": {
					"rotation": [0, 0, -15]
				},
				"upper4": {
					"rotation": [0, 0, -90],
					"position": [-29, -12.5, 4]
				},
				"lower4": {
					"rotation": [0, -35, 0],
					"position": [8, 0, 0]
				},
				"bone3": {
					"scale": 0
				}
			}
		},
		"animation.foxy_showtime": {
			"loop": true,
			"animation_length": 18.75,
			"bones": {
				"upperpart": {
					"rotation": {
						"0.25": [0, 0, 0],
						"1.0": [0, -20, 0],
						"1.0833": [0, -18, 0],
						"1.1667": [0, -20, 0],
						"3.125": [0, -20, 0],
						"3.625": [0, -10, 0],
						"3.6667": [0, -8, 0],
						"3.7083": [0, -10, 0],
						"4.75": [0, -10, 0],
						"5.4167": [0, 0, 0],
						"5.5": [0, -2, 0],
						"5.5833": [0, 0, 0],
						"6.4167": [0, 0, 0],
						"7.0833": [0, -32.5, 0],
						"7.1667": [0, -30.5, 0],
						"7.25": [0, -32.5, 0],
						"8.9167": [0, -32.5, 0],
						"9.5": [0, -12.5, 0],
						"9.5417": [0, -15.5, 0],
						"9.5833": [0, -12.5, 0],
						"11.625": [0, -12.5, 0],
						"12.0833": [0, 0, 0],
						"12.125": [0, -2, 0],
						"12.1667": [0, 0, 0],
						"12.75": [0, 0, 0],
						"13.2917": [0, 22.5, 0],
						"13.3333": [0, 18.5, 0],
						"13.375": [0, 22.5, 0],
						"16.9167": [0, 22.5, 0],
						"18.0417": [0, 0, 0],
						"18.125": [0, 1.73, 0],
						"18.2083": [0, 0, 0]
					}
				},
				"Foxyhead": {
					"rotation": {
						"0.5417": [0, 0, 0],
						"1.1667": [0, 35, 0],
						"1.25": [0, 34, 0],
						"1.3333": [0, 35, 0],
						"2.7917": [0, 35, 0],
						"3.4167": [0, -32.5, 0],
						"4.375": [0, -32.5, 0],
						"5.3333": [0, 0, 0],
						"5.875": [15, 0, 0],
						"5.9583": [14.25, 0, 0],
						"6.0833": [15, 0, 0],
						"6.4167": [15, 0, 0],
						"7.0417": [-12.5, 37.5, 0],
						"7.125": [-10.67, 35, 0],
						"7.2083": [-12.5, 37.5, 0],
						"7.9583": [-12.5, 37.5, 0],
						"8.2917": [-5, 37.5, 0],
						"8.3333": [-6, 37.5, 0],
						"8.375": [-5, 37.5, 0],
						"8.6667": [-5, 37.5, 0],
						"9.3333": [-4.06251, 12.57489, 2.16279],
						"11.75": [-4.06, 12.57, 2.16],
						"12.1667": [3.40007, -14.86294, 4.09834],
						"12.2083": [2.65, -12.12, 3.9],
						"12.25": [3.40007, -14.86294, 4.09834],
						"12.4583": [3.4, -14.86, 4.1],
						"12.7083": [3.4, -14.86, 4.1],
						"13.375": [-1.98303, -44.59971, -1.32864],
						"13.4167": [-1.65, -42.74, -0.99],
						"13.4583": [-1.98303, -44.59971, -1.32864],
						"16.6667": [-1.98, -44.6, -1.33],
						"17.4167": [-1.59473, 27.87372, -3.46627],
						"17.4583": [-1.54162, 23.87521, -3.34463],
						"17.5": [-1.59473, 27.87372, -3.46627],
						"18.2083": [-1.59, 27.87, -3.47],
						"18.6667": [0, 0, 0],
						"18.7083": [-0.14, 2.53, -0.32],
						"18.75": [0, 0, 0]
					}
				},
				"head": {
					"rotation": {
						"10.4167": [0, 0, 0],
						"10.7917": [0, 0, 10],
						"10.875": [0, 0, 8],
						"10.9583": [0, 0, 10],
						"11.75": [0, 0, 10],
						"12.1667": [0, 0, 0],
						"14.75": [0, 0, 0],
						"15.0": [0, 0, 4],
						"16.5417": [0, 0, 4],
						"16.9167": [0, 0, 0]
					}
				},
				"jaw": {
					"rotation": {
						"1.5": [0, 0, 0],
						"1.7083": [15, 0, 0],
						"2.0": [15, 0, 0],
						"2.1667": [0, 0, 0],
						"2.3333": [10, 0, 0],
						"2.5": [0, 0, 0],
						"2.6667": [10, 0, 0],
						"2.8333": [0, 0, 0],
						"3.75": [15, 0, 0],
						"4.0417": [3, 0, 0],
						"6.5833": [3, 0, 0],
						"7.1667": [20.5, 0, 0],
						"9.0833": [20.5, 0, 0],
						"9.375": [3, 0, 0],
						"9.6667": [20.5, 0, 0],
						"9.9167": [3, 0, 0],
						"10.2083": [20.5, 0, 0],
						"10.5": [3, 0, 0],
						"10.7917": [20.5, 0, 0],
						"11.0833": [3, 0, 0],
						"11.375": [20.5, 0, 0],
						"11.6667": [3, 0, 0],
						"12.875": [3, 0, 0],
						"13.375": [23, 0, 0],
						"13.9583": [23, 0, 0],
						"14.2917": [13, 0, 0],
						"14.3333": [14.5, 0, 0],
						"14.375": [13, 0, 0],
						"14.9167": [13, 0, 0],
						"15.3333": [0, 0, 0],
						"15.5": [0, 0, 0],
						"15.6667": [10, 0, 0],
						"15.8333": [0, 0, 0],
						"16.0": [10, 0, 0],
						"16.1667": [0, 0, 0],
						"16.3333": [10, 0, 0],
						"16.5": [0, 0, 0],
						"16.6667": [10, 0, 0],
						"16.8333": [0, 0, 0],
						"17.3333": [0, 0, 0],
						"17.5": [10, 0, 0],
						"17.6667": [0, 0, 0],
						"17.8333": [10, 0, 0],
						"18.0": [0, 0, 0],
						"18.1667": [10, 0, 0],
						"18.3333": [0, 0, 0]
					}
				},
				"earL3": {
					"rotation": {
						"7.5833": [0, 0, 0],
						"7.7083": [0, 0, 22],
						"7.8333": [0, 0, -2],
						"7.9167": [0, 0, 0]
					}
				},
				"eyepatch": {
					"rotation": {
						"6.625": [0, 0, 0],
						"7.0833": [-147.5, 0, 0],
						"9.3333": [-147.5, 0, 0],
						"9.875": [0, 0, 0]
					}
				},
				"pupil2": {
					"position": {
						"2.625": [0, 0, 0],
						"2.9167": [0.4, 0, 0],
						"4.4583": [0.4, 0, 0],
						"4.875": [-0.3, 0, 0],
						"5.3333": [0, 0, 0],
						"8.25": [0, 0, 0],
						"9.6667": [-0.5, 0, 0],
						"10.4167": [-0.5, 0, 0],
						"10.7083": [-0.5, -0.3, 0],
						"11.9167": [-0.5, -0.3, 0],
						"12.2917": [0, 0, 0],
						"13.7083": [0, 0, 0],
						"13.9583": [0.4, -0.4, 0],
						"17.0": [0.4, -0.4, 0],
						"17.3333": [-0.4, 0, 0],
						"18.2083": [-0.4, 0, 0],
						"18.625": [0, 0, 0]
					}
				},
				"eyelid2": {
					"position": {
						"1.7083": [0, 0, 0],
						"1.9583": [0, -1.3, 0],
						"2.25": [0, 0, 0],
						"5.5": [0, 0, 0],
						"6.0417": [0, -1.3, 0],
						"6.5": [0, -1.3, 0],
						"6.9167": [0, 0, 0],
						"8.375": [0, 0, 0],
						"8.7083": [0, -1.3, 0],
						"8.9167": [0, 0, 0],
						"11.8333": [0, 0, 0],
						"12.2083": [0, -1.3, 0],
						"12.625": [0, -1.3, 0],
						"13.0417": [0, 0, 0]
					},
					"scale": {
						"1.7083": [1, 1, 1],
						"1.9583": [1, 1.5, 1],
						"2.25": [1, 1, 1],
						"5.5": [1, 1, 1],
						"6.0417": [1, 1.5, 1],
						"6.5": [1, 1.5, 1],
						"6.9167": [1, 1, 1],
						"8.375": [1, 1, 1],
						"8.7083": [1, 1.5, 1],
						"8.9167": [1, 1, 1],
						"11.8333": [1, 1, 1],
						"12.2083": [1, 1.5, 1],
						"12.625": [1, 1.5, 1],
						"13.0417": [1, 1, 1]
					}
				},
				"pupil3": {
					"position": {
						"2.625": [0, 0, 0],
						"2.9167": [0.4, 0, 0],
						"4.4583": [0.4, 0, 0],
						"4.875": [-0.3, 0, 0],
						"5.3333": [0, 0, 0],
						"8.25": [0, 0, 0],
						"9.6667": [-0.5, 0, 0],
						"10.4167": [-0.5, 0, 0],
						"10.7083": [-0.5, -0.3, 0],
						"11.9583": [-0.5, -0.3, 0],
						"12.3333": [0, 0, 0],
						"13.7083": [0, 0, 0],
						"13.9583": [0.4, -0.4, 0],
						"17.0": [0.4, -0.4, 0],
						"17.3333": [-0.4, 0, 0],
						"18.2083": [-0.4, 0, 0],
						"18.625": [0, 0, 0]
					}
				},
				"eyelid3": {
					"position": {
						"1.7083": [0, 0, 0],
						"1.9583": [0, -1.3, 0],
						"2.25": [0, 0, 0],
						"5.5": [0, 0, 0],
						"6.0417": [0, -1.3, 0],
						"6.5": [0, -1.3, 0],
						"6.9167": [0, 0, 0],
						"8.375": [0, 0, 0],
						"8.7083": [0, -1.3, 0],
						"8.9167": [0, 0, 0],
						"11.8333": [0, 0, 0],
						"12.2083": [0, -1.3, 0],
						"12.625": [0, -1.3, 0],
						"13.0417": [0, 0, 0]
					},
					"scale": {
						"1.7083": [1, 1, 1],
						"1.9583": [1, 1.5, 1],
						"2.25": [1, 1, 1],
						"5.5": [1, 1, 1],
						"6.0417": [1, 1.5, 1],
						"6.5": [1, 1.5, 1],
						"6.9167": [1, 1, 1],
						"8.375": [1, 1, 1],
						"8.7083": [1, 1.5, 1],
						"8.9167": [1, 1, 1],
						"11.8333": [1, 1, 1],
						"12.2083": [1, 1.5, 1],
						"12.625": [1, 1.5, 1],
						"13.0417": [1, 1, 1]
					}
				},
				"armL": {
					"rotation": {
						"0.0": [-32.10898, 36.62215, "19.5088-90"],
						"6.625": [-32.11, 36.62, "19.5088-90"],
						"7.0833": [-122.49432, 69.25861, "19.5088-90"],
						"7.125": [-120.49432, 69.25861, "19.5088-90"],
						"7.1667": [-122.49432, 69.25861, "19.5088-90"],
						"8.0": [-122.49, 69.26, "19.5088-90"],
						"8.25": [-112.49, 69.26, "19.5088-90"],
						"8.2917": [-113.49, 69.26, "19.5088-90"],
						"8.3333": [-112.49, 69.26, "19.5088-90"],
						"9.0417": [-112.49, 69.26, "19.5088-90"],
						"9.625": [-53.64314, 54.94955, "19.5088-90"],
						"9.7083": [-54.64314, 54.94955, "19.5088-90"],
						"9.7917": [-53.64314, 54.94955, "19.5088-90"],
						"11.75": [-53.64, 54.95, "19.5088-90"],
						"12.1667": [-18.4494, 29.56557, "19.5088-90"],
						"12.8333": [-18.45, 29.57, "19.5088-90"],
						"13.375": [3.52422, 2.1275, "19.5088-90"],
						"14.1667": [3.52, 2.13, "19.5088-90"],
						"14.5417": [-12.31951, 17.10075, "19.5088-90"],
						"14.5833": [-10.56, 15.44, "19.5088-90"],
						"14.625": [-12.31951, 17.10075, "19.5088-90"],
						"17.1667": [-12.32, 17.1, "19.5088-90"],
						"18.2917": [-32.10898, 36.62215, "19.5088-90"],
						"18.375": [-30.64, 35.18, "19.5088-90"],
						"18.5": [-32.10898, 36.62215, "19.5088-90"]
					}
				},
				"lower": {
					"rotation": {
						"0.0": [-87.5, 0, 0],
						"1.4583": [-87.5, 0, 0],
						"2.0": [-62.5, 0, 0],
						"8.0": [-62.5, 0, 0],
						"8.25": [-75, 0, 0],
						"14.25": [-75, 0, 0],
						"14.5": [-87.5, 0, 0]
					}
				},
				"hook": {
					"rotation": [0, 77.5, 0]
				},
				"bone3": {
					"scale": 0
				},
				"armR": {
					"rotation": {
						"0.0": [-10.47479, -17.22575, "-14.36612+90"],
						"6.75": [-10.47, -17.23, "-14.36612+90"],
						"7.1667": [30.48469, -22.40528, "-14.36612+90"],
						"7.25": [26.39, -21.89, "-14.36612+90"],
						"7.3333": [30.48469, -22.40528, "-14.36612+90"],
						"9.0833": [30.48, -22.41, "-14.36612+90"],
						"9.5417": [-10.47, -17.23, "-14.36612+90"],
						"9.5833": [-6.75, -17.7, "-14.36612+90"],
						"9.625": [-10.47, -17.23, "-14.36612+90"],
						"13.0417": [-10.47, -17.23, "-14.36612+90"],
						"13.4583": [-37.83388, -48.97842, "-14.36612+90"],
						"13.5": [-34.83388, -48.97842, "-14.36612+90"],
						"13.5417": [-37.83388, -48.97842, "-14.36612+90"],
						"13.9583": [-37.83, -48.98, "-14.36612+90"],
						"14.375": [-49.83, -48.98, "-14.36612+90"],
						"14.4167": [-47.83, -48.98, "-14.36612+90"],
						"14.4583": [-49.83, -48.98, "-14.36612+90"],
						"17.4583": [-49.83, -48.98, "-14.36612+90"],
						"18.25": [-10.47479, -17.22575, "-14.36612+90"],
						"18.3333": [-12.55, -18.9, "-14.36612+90"],
						"18.4583": [-10.47479, -17.22575, "-14.36612+90"]
					}
				},
				"lower2": {
					"rotation": {
						"0.0": [-50, 0, 0],
						"1.7917": [-50, 0, 0],
						"2.4583": [-75, 0, 0],
						"12.9583": [-75, 0, 0],
						"13.4583": [-105, 0, 0],
						"17.75": [-105, 0, 0],
						"18.25": [-50, 0, 0]
					}
				},
				"hand2": {
					"rotation": {
						"0.0": [0, 42.5, 0],
						"13.0417": [0, 42.5, 0],
						"13.4583": [44.00703, -68.90942, -45.99297],
						"14.0417": [44.01, -68.91, -45.99],
						"14.5": [-32.94708, -72.03729, 34.27259],
						"17.7083": [-32.95, -72.04, 34.27],
						"18.25": [0, 42.5, 0]
					}
				},
				"fingers3": {
					"rotation": {
						"0.0": [0, 0, 27.5],
						"13.8333": [0, 0, 27.5],
						"14.375": [0, 0, 100],
						"17.75": [0, 0, 100],
						"18.375": [0, 0, 27.5]
					}
				},
				"thumb4": {
					"rotation": {
						"0.0": [0, 15, 0],
						"13.8333": [0, 15, 0],
						"14.4583": [0, 75, 0],
						"17.75": [0, 75, 0],
						"18.2917": [0, 15, 0]
					}
				},
				"legL": {
					"rotation": [0, 2.5, 0]
				},
				"foot": {
					"rotation": [0, 10, 0]
				},
				"legR": {
					"rotation": [0, -2.5, 0]
				},
				"foot2": {
					"rotation": [0, -10, 0]
				}
			}
		}
	}
}