{
	"format_version": "1.8.0",
	"animations": {
		"animation.fr_freddy_plush.click": {
			"loop": true,
			"animation_length": 0.75,
			"bones": {
				"Plush": {
					"position": [0, 0, 0],
					"scale": {
						"0.0": {
							"post": [1, 1, 1],
							"lerp_mode": "catmullrom"
						},
						"0.1667": {
							"post": [0.95, 0.5, 0.95],
							"lerp_mode": "catmullrom"
						},
						"0.3333": {
							"post": [1.05, 0.9, 1.05],
							"lerp_mode": "catmullrom"
						},
						"0.5": {
							"post": [1, 1, 1],
							"lerp_mode": "catmullrom"
						},
						"0.5833": [1, 1, 1],
						"0.75": [1, 1, 1]
					}
				}
			}
		},
		"animation.fr_freddy_plush.idle": {
			"loop": true,
			"bones": {
				"Plush": {
					"position": [0, 0, 0],
					"scale": {
						"0.0": {
							"post": [1, 1, 1],
							"lerp_mode": "catmullrom"
						}
					}
				}
			}
		}
	}
}