{
	"format_version": "1.8.0",
	"animations": {
		"animation.sparky_eat_bone": {
			"loop": true,
			"bones": {
				"feddy": {
					"rotation": [0, -20, 0]
				},
				"upperpart": {
					"rotation": [10, 0, 0]
				},
				"head": {
					"rotation": [-4.01614, 16.97145, -20.68487],
					"position": [0, 0, -1]
				},
				"jaw": {
					"rotation": [15, 0, 0]
				},
				"armL": {
					"rotation": [12.39638, 1.61888, -59.82417]
				},
				"lower": {
					"rotation": [-50.7713, -32.68214, 19.50986]
				},
				"fingers": {
					"rotation": [0, 0, -27.5]
				},
				"armR": {
					"rotation": [-70, 0, 55]
				},
				"lower2": {
					"rotation": [-89.62414, -5.3287, 97.63535]
				},
				"hand2": {
					"rotation": [-2.5, 15, 20]
				},
				"Bone": {
					"rotation": [-5, 0, 0],
					"position": [0, 0, 2]
				},
				"fingers3": {
					"rotation": [0, 0, 10]
				},
				"thumb3": {
					"rotation": [0, 30, 0]
				},
				"thumb4": {
					"rotation": [27.5, 0, 0]
				},
				"lower3": {
					"rotation": [0, 10, 0]
				},
				"lower4": {
					"rotation": [0, -7.5, 0]
				},
				"bone2": {
					"rotation": [35, 0, 0]
				}
			}
		},
		"animation.sparky_hoax_pose": {
			"loop": true,
			"bones": {
				"upperpart": {
					"rotation": [17.5, 0, -7.5]
				},
				"head": {
					"rotation": [-12.39638, 1.61888, 7.32417]
				},
				"armL": {
					"rotation": [-42.5, 0, -60]
				},
				"lower": {
					"rotation": [-25.70316, 23.19907, 3.76031]
				},
				"hand": {
					"rotation": [-28.65787, -49.18271, 35.83528]
				},
				"fingers": {
					"rotation": [0, 0, 35]
				},
				"thumb": {
					"rotation": [65, 0, 0]
				},
				"armR": {
					"rotation": [-19.05624, 17.31129, 53.56389]
				},
				"lower2": {
					"rotation": [-42.49858, 21.46902, -13.12427]
				},
				"Bone": {
					"scale": 0
				},
				"fingers3": {
					"rotation": [0, 0, 35]
				},
				"thumb4": {
					"rotation": [47.5, 0, 0]
				},
				"lower3": {
					"rotation": [0, 12.5, 0]
				},
				"lower4": {
					"rotation": [0, -37.5, 0]
				}
			}
		},
		"animation.sparky_stand": {
			"loop": true,
			"bones": {
				"head": {
					"rotation": [5, 0, 0]
				},
				"armL": {
					"rotation": [9.48179, -3.11253, -62.05268]
				},
				"lower": {
					"rotation": [-30.65541, -36.57289, -7.6508]
				},
				"fingers": {
					"rotation": [0, 0, -17.5]
				},
				"armR": {
					"rotation": [9.48179, 3.11253, 62.05268]
				},
				"lower2": {
					"rotation": [-30.65541, 36.57289, 7.6508]
				},
				"Bone": {
					"scale": 0
				},
				"fingers3": {
					"rotation": [0, 0, 17.5]
				},
				"thumb4": {
					"rotation": [35, 0, 0]
				},
				"lower3": {
					"rotation": [0, 12.5, 0]
				},
				"lower4": {
					"rotation": [0, -12.5, 0]
				},
				"bone2": {
					"rotation": [35, 0, 0]
				}
			}
		},
		"animation.sparky_floor_sit": {
			"loop": true,
			"bones": {
				"feddy": {
					"position": [0, -11.5, -1]
				},
				"upperpart": {
					"rotation": [-17.5, 0, 0]
				},
				"feddyHed": {
					"rotation": [2.5, 0, 0]
				},
				"head": {
					"rotation": [12.39638, -1.61888, 7.32417]
				},
				"eyelid": {
					"position": [0, -0.3, 0]
				},
				"eyelid2": {
					"position": [0, -0.3, 0]
				},
				"armL": {
					"rotation": [22.5, 0, -65]
				},
				"lower": {
					"rotation": [-75.97028, -51.62952, 53.94496]
				},
				"fingers": {
					"rotation": [0, 0, -15]
				},
				"armR": {
					"rotation": [7.5, 0, 67.5]
				},
				"lower2": {
					"rotation": [-12.5, 40, 0]
				},
				"hand2": {
					"rotation": [4.99527, 0.21782, -12.4905]
				},
				"Bone": {
					"scale": 0
				},
				"fingers3": {
					"rotation": [0, 0, -55]
				},
				"thumb4": {
					"rotation": [20, 0, 0]
				},
				"Tail": {
					"rotation": [100.71745, 56.09078, 86.05079]
				},
				"legL": {
					"rotation": [-90, 7.5, 0],
					"position": [0, -1, 0]
				},
				"foot": {
					"rotation": [15, 0, 0]
				},
				"legR": {
					"rotation": [-90, -7.5, 0],
					"position": [0, -1, 0]
				},
				"foot2": {
					"rotation": [27.5, 0, 0]
				},
				"bone2": {
					"rotation": [37.5, 0, 0]
				}
			}
		},
		"animation.sparky_table_sit": {
			"loop": true,
			"bones": {
				"feddy": {
					"position": [0, -11.5, -6]
				},
				"upperpart": {
					"rotation": [-17.5, 0, 0]
				},
				"feddyHed": {
					"rotation": [2.5, 0, 0]
				},
				"head": {
					"rotation": [12.39638, -1.61888, 7.32417]
				},
				"eyelid": {
					"position": [0, -0.3, 0]
				},
				"eyelid2": {
					"position": [0, -0.3, 0]
				},
				"armL": {
					"rotation": [22.5, 0, -65]
				},
				"lower": {
					"rotation": [-75.97028, -51.62952, 53.94496]
				},
				"fingers": {
					"rotation": [0, 0, -15]
				},
				"armR": {
					"rotation": [7.5, 0, 67.5]
				},
				"lower2": {
					"rotation": [-12.5, 40, 0]
				},
				"hand2": {
					"rotation": [4.99527, 0.21782, -12.4905]
				},
				"Bone": {
					"scale": 0
				},
				"fingers3": {
					"rotation": [0, 0, -55]
				},
				"thumb4": {
					"rotation": [20, 0, 0]
				},
				"Tail": {
					"rotation": [70.34615, 35.57262, 64.99594]
				},
				"legL": {
					"rotation": [-90, 7.5, 0],
					"position": [0, -1, 0]
				},
				"lower3": {
					"rotation": [90, 0, 0]
				},
				"foot": {
					"rotation": [15, 0, 0]
				},
				"legR": {
					"rotation": [-90, -7.5, 0],
					"position": [0, -1, 0]
				},
				"lower4": {
					"rotation": [90, 0, 0]
				},
				"foot2": {
					"rotation": [27.5, 0, 0]
				},
				"bone2": {
					"rotation": [37.5, 0, 0]
				}
			}
		},
		"animation.sparky_slab_sit": {
			"loop": true,
			"bones": {
				"feddy": {
					"position": [0, -19.5, -6]
				},
				"upperpart": {
					"rotation": [-17.5, 0, 0]
				},
				"feddyHed": {
					"rotation": [2.5, 0, 0]
				},
				"head": {
					"rotation": [12.39638, -1.61888, 7.32417]
				},
				"eyelid": {
					"position": [0, -0.3, 0]
				},
				"eyelid2": {
					"position": [0, -0.3, 0]
				},
				"armL": {
					"rotation": [22.5, 0, -65]
				},
				"lower": {
					"rotation": [-75.97028, -51.62952, 53.94496]
				},
				"fingers": {
					"rotation": [0, 0, -15]
				},
				"armR": {
					"rotation": [7.5, 0, 67.5]
				},
				"lower2": {
					"rotation": [-12.5, 40, 0]
				},
				"hand2": {
					"rotation": [4.99527, 0.21782, -12.4905]
				},
				"Bone": {
					"scale": 0
				},
				"fingers3": {
					"rotation": [0, 0, -55]
				},
				"thumb4": {
					"rotation": [20, 0, 0]
				},
				"Tail": {
					"rotation": [70.34615, 35.57262, 64.99594]
				},
				"legL": {
					"rotation": [-90, 7.5, 0],
					"position": [0, -1, 0]
				},
				"lower3": {
					"rotation": [90, 0, 0]
				},
				"foot": {
					"rotation": [15, 0, 0]
				},
				"legR": {
					"rotation": [-90, -7.5, 0],
					"position": [0, -1, 0]
				},
				"lower4": {
					"rotation": [90, 0, 0]
				},
				"foot2": {
					"rotation": [27.5, 0, 0]
				},
				"bone2": {
					"rotation": [37.5, 0, 0]
				}
			}
		},
		"animation.sparky_lay": {
			"loop": true,
			"bones": {
				"feddy": {
					"rotation": [-90, 0, 0],
					"position": [0, 6, -20]
				},
				"head": {
					"rotation": [10.64133, -25.12549, -2.23163]
				},
				"jaw": {
					"rotation": [0, -7.5, 0]
				},
				"eyelid": {
					"position": [0, -0.5, 0]
				},
				"eyelid2": {
					"position": [0, -0.5, 0]
				},
				"armL": {
					"rotation": [22.58026, 4.37819, -55.58414]
				},
				"lower": {
					"rotation": [-146.65197, -70.30187, 120.14566]
				},
				"hand": {
					"rotation": [0, 7.5, 10]
				},
				"armR": {
					"rotation": [15.63601, 5.34228, 60.09484]
				},
				"lower2": {
					"rotation": [-12.0527, 60.05613, -6.71965]
				},
				"hand2": {
					"rotation": [7.37558, 24.74381, -2.84393]
				},
				"Bone": {
					"scale": 0
				},
				"thumb4": {
					"rotation": [30, 0, 0]
				},
				"legL": {
					"rotation": [-15, 0, 17.5]
				},
				"lower3": {
					"rotation": [50, 0, 0]
				},
				"foot": {
					"rotation": [52.5, 0, 0]
				},
				"legR": {
					"rotation": [0, 0, -10]
				},
				"lower4": {
					"rotation": [12.5, 0, 0]
				},
				"foot2": {
					"rotation": [40, 0, 0]
				},
				"bone2": {
					"rotation": [45, 0, 0]
				}
			}
		},
		"animation.sparky_dismantled": {
			"loop": true,
			"bones": {
				"head": {
					"rotation": [0, 32.5, 0],
					"position": [-13, -29, 0]
				},
				"jaw": {
					"rotation": [-17.5, 0, 0]
				},
				"feddybod": {
					"rotation": [0, -22.5, 0],
					"position": [9, -17, 0]
				},
				"armL": {
					"rotation": [47.5, 0, 0],
					"position": [0, -7, 11]
				},
				"upper": {
					"rotation": [-50, 0, 0],
					"position": [0, 7, 7]
				},
				"lower": {
					"rotation": [-20, 0, 0]
				},
				"hand": {
					"rotation": [0, 0, -17.5]
				},
				"armR": {
					"rotation": [-10, 0, 0],
					"position": [-12, -7, -14]
				},
				"lower2": {
					"rotation": [32.5, 0, 0]
				},
				"hand2": {
					"rotation": [0, 0, 17.5]
				},
				"Bone": {
					"scale": 0
				},
				"thumb4": {
					"rotation": [30, 0, 0]
				},
				"pelvissuit": {
					"rotation": [0, -50, 0],
					"position": [5, -14, -11]
				},
				"Tail": {
					"rotation": [25.2484, -39.58992, 6.25038]
				},
				"legL": {
					"rotation": [-147.84456, -9.00348, 0.21125],
					"position": [-2, -13.8, 8]
				},
				"lower3": {
					"rotation": [105, 0, 0]
				},
				"foot": {
					"rotation": [42.5, 0, 0]
				},
				"legR": {
					"rotation": [-90, 55, 0],
					"position": [-6, -12.5, -12]
				},
				"lower4": {
					"rotation": [0, 0, -22.5]
				},
				"foot2": {
					"rotation": [70, 0, 0]
				},
				"bone2": {
					"rotation": [32.5, 0, 0]
				}
			}
		}
	}
}