{
	"format_version": "1.21.0",
	"minecraft:block": {
		"description": {
			"identifier": "fr:bonnie_plushhw",
			"menu_category": {
				"category": "construction"
			},
			"traits": {
				"minecraft:placement_direction": {
					"enabled_states": [
						"minecraft:cardinal_direction"
					]
				}
			},
			"states": {
				"fr:placed": [1, 0],
				"fr:is_placed_on": ["full", "box", "medium_box", "chair"]
			}
		},
		"components": {
			"minecraft:collision_box": {
				"origin": [-5.5, 0, -4.5],
				"size": [11, 16, 9]
			},
			"minecraft:selection_box": {
				"origin": [-5.5, 0, -4.5],
				"size": [11, 16, 9]
			},
			"minecraft:geometry": {
				"identifier": "geometry.bonnie_plush"
			},
			"minecraft:material_instances": {
				"*": {
					"texture": "bonnie_plushhw",
					"render_method": "alpha_test"
				}
			},
			"fr:bonnie_plushhw_interact": {}
		},
		"permutations": [
			{
				"condition": "q.block_state('minecraft:cardinal_direction') == 'north'",
				"components": { "minecraft:transformation": { "rotation": [0, 180, 0] } }
			},
			{
				"condition": "q.block_state('minecraft:cardinal_direction') == 'west'",
				"components": { "minecraft:transformation": { "rotation": [0, -90, 0] } }
			},
			{
				"condition": "q.block_state('minecraft:cardinal_direction') == 'south'",
				"components": { "minecraft:transformation": { "rotation": [0, 0, 0] } }
			},
			{
				"condition": "q.block_state('minecraft:cardinal_direction') == 'east'",
				"components": { "minecraft:transformation": { "rotation": [0, 90, 0] } }
			},
			{
				"condition": "q.block_state('fr:placed') == 0",
				"components": { "minecraft:geometry": { "identifier": "geometry.inv_cube" } }
			},
			{
				"condition": "q.block_state('fr:is_placed_on') == 'box' && q.block_state('minecraft:cardinal_direction') == 'north'",
				"components": { "minecraft:transformation": { "rotation": [0, 180, 0], "translation": [0, -0.4, 0] } }
			},
			{
				"condition": "q.block_state('fr:is_placed_on') == 'box' && q.block_state('minecraft:cardinal_direction') == 'south'",
				"components": { "minecraft:transformation": { "rotation": [0, 0, 0], "translation": [0, -0.4, 0] } }
			},
			{
				"condition": "q.block_state('fr:is_placed_on') == 'box' && q.block_state('minecraft:cardinal_direction') == 'east'",
				"components": { "minecraft:transformation": { "rotation": [0, 90, 0], "translation": [0, -0.4, 0] } }
			},
			{
				"condition": "q.block_state('fr:is_placed_on') == 'box' && q.block_state('minecraft:cardinal_direction') == 'west'",
				"components": { "minecraft:transformation": { "rotation": [0, -90, 0], "translation": [0, -0.4, 0] } }
			},
			{
				"condition": "q.block_state('fr:is_placed_on') == 'medium_box' && q.block_state('minecraft:cardinal_direction') == 'north'",
				"components": { "minecraft:transformation": { "rotation": [0, 180, 0], "translation": [0, -0.2, 0] } }
			},
			{
				"condition": "q.block_state('fr:is_placed_on') == 'medium_box' && q.block_state('minecraft:cardinal_direction') == 'south'",
				"components": { "minecraft:transformation": { "rotation": [0, 0, 0], "translation": [0, -0.2, 0] } }
			},
			{
				"condition": "q.block_state('fr:is_placed_on') == 'medium_box' && q.block_state('minecraft:cardinal_direction') == 'east'",
				"components": { "minecraft:transformation": { "rotation": [0, 90, 0], "translation": [0, -0.2, 0] } }
			},
			{
				"condition": "q.block_state('fr:is_placed_on') == 'medium_box' && q.block_state('minecraft:cardinal_direction') == 'west'",
				"components": { "minecraft:transformation": { "rotation": [0, -90, 0], "translation": [0, -0.2, 0] } }
			},
			{
				"condition": "q.block_state('fr:is_placed_on') == 'chair' && q.block_state('minecraft:cardinal_direction') == 'north'",
				"components": { "minecraft:transformation": { "rotation": [0, 180, 0], "translation": [0, -0.4, 0] } }
			},
			{
				"condition": "q.block_state('fr:is_placed_on') == 'chair' && q.block_state('minecraft:cardinal_direction') == 'south'",
				"components": { "minecraft:transformation": { "rotation": [0, 0, 0], "translation": [0, -0.4, 0] } }
			},
			{
				"condition": "q.block_state('fr:is_placed_on') == 'chair' && q.block_state('minecraft:cardinal_direction') == 'east'",
				"components": { "minecraft:transformation": { "rotation": [0, 90, 0], "translation": [0, -0.4, 0] } }
			},
			{
				"condition": "q.block_state('fr:is_placed_on') == 'chair' && q.block_state('minecraft:cardinal_direction') == 'west'",
				"components": { "minecraft:transformation": { "rotation": [0, -90, 0], "translation": [0, -0.4, 0] } }
			}
		]
	}
}
