{
	"format_version": "1.21.30",
	"minecraft:item": {
		"description": {
			"identifier": "fr:faz-diver_executive",
			"menu_category": {
                		"category": "equipment",
                		"is_hidden_in_commands": false
			}
		},
		"components": {
			"minecraft:display_name": {
    				"value": "item.fr:faz-diver_executive.name"
			},
			"minecraft:max_stack_size": 1,
			"minecraft:hand_equipped": true,
			"minecraft:can_destroy_in_creative": false,
			"minecraft:durability": {
				"damage_chance": {
					"min": 3,
					"max": 5
				},
				"max_durability": 500
			},
			"minecraft:repairable": {
				"repair_items": [
                    {
                        "items": [ "minecraft:iron_ingot" ],
                        "repair_amount": "q.max_durability * 0.25"
                    }
				]
			},
			"minecraft:use_modifiers": {
				"use_duration": 0,
				"movement_modifier": 1.0
			},
			"minecraft:icon": {
				"textures": {
					"default": "faz_diver_executive"
				}
			},
			"minecraft:custom_components": [
				"fr:faz_diver_mode_switch"
			]
		}
	}
}