{
    "format_version": "1.21.30",
    "minecraft:item": {
        "description": {
            "identifier": "fr:faz_diver_without_item",
            "menu_category": {
                "category": "equipment",
                "is_hidden_in_commands": false
            }
        },
        "components": {
	    "minecraft:display_name": {
    		"value": "item.fr:faz_diver_without_item.name"
	    },
            "minecraft:icon": {
                "textures": {
			"default": "faz-diver_backpack_without_item",
			"dyed": "faz-diver_backpack_without_item"
                }
            },
            "minecraft:wearable": {
                "protection": 3,
                "slot": "slot.armor.chest"
            },
            "minecraft:max_stack_size": 1,
            "minecraft:durability": {
                "max_durability": 200
            },
            "minecraft:repairable": {
                "repair_items": [
                    {
                        "items": [ "minecraft:iron_ingot" ],
                        "repair_amount": "q.max_durability * 0.25"
                    },
                    {
                        "items": [ "fr:faz_diver_without_item" ],
                        "repair_amount": "c.other -> q.remaining_durability + 0.12 * c.other -> q.max_durability"
                    }
                ]
            }
        }
    }
}
