{
	"format_version": "1.21.30",
	"minecraft:item": {
		"description": {
			"identifier": "fr:faz-diver_repairman",
			"menu_category": {
				"category": "equipment",
				"is_hidden_in_commands": false
			}
		},
		"components": {
			"minecraft:display_name": {
				"value": "item.fr:faz-diver_repairman.name"
			},
			"minecraft:max_stack_size": 1,
			"minecraft:hand_equipped": true,
			"minecraft:can_destroy_in_creative": false,
			"minecraft:durability": {
				"damage_chance": {
					"min": 3,
					"max": 5
				},
				"max_durability": 500
			},
			"minecraft:repairable": {
				"repair_items": [
					{
						"items": [
							"minecraft:iron_ingot"
						],
						"repair_amount": "q.max_durability * 0.25"
					}
				]
			},
			"minecraft:cooldown": {
				"category": "wrench_use",
				"duration": 0.2
			},
			"minecraft:use_animation": "crossbow",
			"minecraft:use_modifiers": {
				"movement_modifier": 0.8,
				"use_duration": 10
			},
			"minecraft:icon": {
				"textures": {
					"default": "faz_diver_repairman"
				}
			},
			"minecraft:custom_components": [
				"fr:faz_diver_mode_switch"
			]
		}
	}
}