{
	"format_version": "1.21.100",
	"minecraft:item": {
		"description": {
			"identifier": "fr:wall_tear_holes",
			"menu_category": {
				"category": "construction"
			}
		},
		"components": {
			"minecraft:max_stack_size": 64,
			"minecraft:icon": {
				"textures": {
					"default": "wall_tear_holes"
				}
			},
			"minecraft:display_name": {
				"value": "item.fr:wall_tear_holes.name"
			},
			"minecraft:block_placer": {
				"block": "fr:wall_tear_holes",
				"replace_block_item": true
			}
		}
	}
}