{
	"format_version": "1.21.30",
	"minecraft:item": {
		"description": {
			"identifier": "fr:wrench",
			"menu_category": {
				"category": "equipment"
			}
		},
		"components": {
	    		"minecraft:display_name": {
    				"value": "item.fr:wrench.name"
	    		},
			"minecraft:max_stack_size": 1,
			"minecraft:hand_equipped": true,
			"minecraft:icon": {
				"textures": {
					"default": "wrench"
				}
			},
			"minecraft:cooldown": {
				"category": "wrench_use",
				"duration": 0.2
			},
			"minecraft:use_animation": "crossbow",
			"minecraft:use_modifiers": {
				"movement_modifier": 0.8,
				"use_duration": 10
			},
			"minecraft:allow_off_hand": false,
			"minecraft:should_despawn": true,
			"minecraft:custom_components": ["fr:wrench_interaction"]
		}
	}
}