{
  "format_version": "1.10.0",
  "particle_effect": {
    "description": {
      "identifier": "fr:letter_lower_j_north",
      "basic_render_parameters": {
        "material": "particles_alpha",
        "texture": "textures/particles/default8"
      }
    },
    "components": {
      "minecraft:emitter_local_space": {
        "position": true,
        "rotation": true
      },
      "minecraft:emitter_rate_instant": {
        "num_particles": 1
      },
      "minecraft:emitter_lifetime_looping": {
        "active_time": 1
      },
      "minecraft:emitter_shape_point": {},
      "minecraft:particle_lifetime_expression": {
        "max_lifetime": 1.1
      },
      "minecraft:particle_initial_speed": 0,
      "minecraft:particle_motion_dynamic": {},
      "minecraft:particle_appearance_billboard": {
        "size": [
          "variable.size.x * 0.09",
          "variable.size.y * 0.09"
        ],
        "facing_camera_mode": "direction_z",
        "direction": {
          "mode": "custom",
          "custom_direction": [
            0,
            0,
            -1
          ]
        },
        "uv": {
          "texture_width": 128,
          "texture_height": 128,
          "uv": [
            80,
            48
          ],
          "uv_size": [
            8,
            8
          ]
        }
      },
      "minecraft:particle_appearance_tinting": {
        "color": [
          "variable.color.r",
          "variable.color.g",
          "variable.color.b",
          1
        ]
      }
    }
  }
}