{
	"format_version": "1.21.20",
	"minecraft:geometry": [
		{
			"description": {
				"identifier": "geometry.bonnie_plush",
				"texture_width": 64,
				"texture_height": 64,
				"visible_bounds_width": 3,
				"visible_bounds_height": 2.5,
				"visible_bounds_offset": [0, 0.75, 0]
			},
			"bones": [
				{
					"name": "Plush",
					"pivot": [0, 3, 2.5],
					"cubes": [
						{
							"origin": [-3, 0, 0],
							"size": [6, 6, 5],
							"inflate": -0.01,
							"uv": {
								"north": {"uv": [6, 14], "uv_size": [6, 6]},
								"east": {"uv": [0, 19], "uv_size": [5, 6]},
								"south": {"uv": [14, 7], "uv_size": [6, 6]},
								"west": {"uv": [18, 19], "uv_size": [5, 6]},
								"up": {"uv": [20, 0], "uv_size": [6, 5]},
								"down": {"uv": [5, 25], "uv_size": [6, -5]}
							}
						}
					]
				},
				{
					"name": "LegL",
					"parent": "Plush",
					"pivot": [-1.5, 1.5, 3],
					"cubes": [
						{
							"origin": [-3, 0, -3],
							"size": [3, 3, 6],
							"pivot": [-1.5, 1.5, 3],
							"rotation": [0, 12.5, 0],
							"uv": {
								"north": {"uv": [20, 10], "uv_size": [3, 3]},
								"east": {"uv": [14, 25], "uv_size": [6, 3]},
								"south": {"uv": [19, 31], "uv_size": [3, 3]},
								"west": {"uv": [26, 0], "uv_size": [6, 3]},
								"up": {"uv": [20, 25], "uv_size": [3, 6]},
								"down": {"uv": [26, 9], "uv_size": [3, -6]}
							}
						}
					]
				},
				{
					"name": "LegR",
					"parent": "Plush",
					"pivot": [1.5, 1.5, 3],
					"cubes": [
						{
							"origin": [0, 0, -3],
							"size": [3, 3, 6],
							"pivot": [1.5, 1.5, 3],
							"rotation": [0, -12.5, 0],
							"uv": {
								"north": {"uv": [23, 10], "uv_size": [-3, 3]},
								"east": {"uv": [32, 0], "uv_size": [-6, 3]},
								"south": {"uv": [22, 31], "uv_size": [-3, 3]},
								"west": {"uv": [20, 25], "uv_size": [-6, 3]},
								"up": {"uv": [20, 31], "uv_size": [3, -6]},
								"down": {"uv": [26, 9], "uv_size": [3, -6]}
							}
						}
					]
				},
				{
					"name": "armR",
					"parent": "Plush",
					"pivot": [2.5, 4.5, 3],
					"cubes": [
						{
							"origin": [1, 3, -1],
							"size": [3, 3, 5],
							"pivot": [2.5, 4.5, 3],
							"rotation": [0, -72.5, 17.5],
							"uv": {
								"north": {"uv": [23, 10], "uv_size": [-3, 3]},
								"east": {"uv": [29, 18], "uv_size": [5, 3]},
								"south": {"uv": [32, 33], "uv_size": [3, 3]},
								"west": {"uv": [29, 21], "uv_size": [5, 3]},
								"up": {"uv": [23, 29], "uv_size": [3, 5]},
								"down": {"uv": [29, 29], "uv_size": [3, -5]}
							}
						}
					]
				},
				{
					"name": "armL",
					"parent": "Plush",
					"pivot": [-2.5, 4.5, 3],
					"cubes": [
						{
							"origin": [-4, 3, -1],
							"size": [3, 3, 5],
							"pivot": [-2.5, 4.5, 3],
							"rotation": [0, 72.5, -17.5],
							"uv": {
								"north": {"uv": [20, 10], "uv_size": [3, 3]},
								"east": {"uv": [29, 21], "uv_size": [5, 3]},
								"south": {"uv": [32, 33], "uv_size": [3, 3]},
								"west": {"uv": [29, 18], "uv_size": [5, 3]},
								"up": {"uv": [26, 34], "uv_size": [-3, -5]},
								"down": {"uv": [32, 29], "uv_size": [-3, -5]}
							}
						}
					]
				},
				{
					"name": "tie",
					"parent": "Plush",
					"pivot": [0, 5, 0],
					"cubes": [
						{
							"origin": [-2.5, 3, -0.3],
							"size": [5, 3, 0],
							"pivot": [0, 5, 0],
							"rotation": [-10, 0, 0],
							"uv": {
								"north": {"uv": [26, 29], "uv_size": [5, 3]},
								"east": {"uv": [0, 0], "uv_size": [0, 3]},
								"south": {"uv": [0, 30], "uv_size": [5, 3]},
								"west": {"uv": [0, 0], "uv_size": [0, 3]},
								"up": {"uv": [0, 0], "uv_size": [5, 0]},
								"down": {"uv": [0, 0], "uv_size": [5, 0]}
							}
						},
						{
							"origin": [-2, 4, -0.3],
							"size": [4, 2, 0],
							"pivot": [1, 5, 0],
							"rotation": [-10, 0, 0],
							"uv": {
								"north": {"uv": [34, 17], "uv_size": [4, 2]},
								"east": {"uv": [0, 0], "uv_size": [0, 2]},
								"south": {"uv": [18, 34], "uv_size": [4, 2]},
								"west": {"uv": [0, 0], "uv_size": [0, 2]},
								"up": {"uv": [0, 0], "uv_size": [4, 0]},
								"down": {"uv": [0, 0], "uv_size": [4, 0]}
							}
						}
					]
				},
				{
					"name": "head",
					"parent": "Plush",
					"pivot": [0.01086, 5.77766, 2.73327],
					"rotation": [-0.21866, 0.9223, -7.45685],
					"cubes": [
						{
							"origin": [-3, 5.5, -1.5],
							"size": [6, 2, 7],
							"uv": {
								"north": {"uv": [31, 29], "uv_size": [6, 2]},
								"east": {"uv": [5, 31], "uv_size": [7, 2]},
								"south": {"uv": [31, 31], "uv_size": [6, 2]},
								"west": {"uv": [12, 31], "uv_size": [7, 2]},
								"up": {"uv": [8, 0], "uv_size": [6, 7]},
								"down": {"uv": [8, 14], "uv_size": [6, -7]}
							}
						},
						{
							"origin": [-2.5, 9.2, 0],
							"size": [2, 2, 2],
							"uv": {
								"north": {"uv": [6, 12], "uv_size": [2, 2]},
								"east": {"uv": [35, 6], "uv_size": [2, 2]},
								"south": {"uv": [8, 35], "uv_size": [2, 2]},
								"west": {"uv": [35, 8], "uv_size": [2, 2]},
								"up": {"uv": [10, 35], "uv_size": [2, 2]},
								"down": {"uv": [35, 12], "uv_size": [2, -2]}
							}
						},
						{
							"origin": [0.5, 9.2, 0],
							"size": [2, 2, 2],
							"uv": {
								"north": {"uv": [8, 12], "uv_size": [-2, 2]},
								"east": {"uv": [35, 8], "uv_size": [2, 2]},
								"south": {"uv": [8, 35], "uv_size": [2, 2]},
								"west": {"uv": [35, 6], "uv_size": [2, 2]},
								"up": {"uv": [12, 37], "uv_size": [-2, -2]},
								"down": {"uv": [37, 12], "uv_size": [-2, -2]}
							}
						},
						{
							"origin": [-3, 7, -1.5],
							"size": [6, 2, 2],
							"inflate": 0.2,
							"uv": {
								"north": {"uv": [32, 0], "uv_size": [6, 2]},
								"east": {"uv": [12, 35], "uv_size": [2, 2]},
								"south": {"uv": [32, 15], "uv_size": [6, 2]},
								"west": {"uv": [35, 12], "uv_size": [2, 2]},
								"up": {"uv": [32, 24], "uv_size": [6, 2]},
								"down": {"uv": [32, 28], "uv_size": [6, -2]}
							}
						},
						{
							"origin": [-1, 8.4, -2],
							"size": [2, 1, 1],
							"inflate": 0.1,
							"uv": {
								"north": {"uv": [14, 13], "uv_size": [2, 1]},
								"east": {"uv": [5, 19], "uv_size": [1, 1]},
								"south": {"uv": [16, 13], "uv_size": [2, 1]},
								"west": {"uv": [17, 24], "uv_size": [1, 1]},
								"up": {"uv": [24, 18], "uv_size": [2, 1]},
								"down": {"uv": [26, 10], "uv_size": [2, -1]}
							}
						},
						{
							"origin": [-3, 9.7, 0.5],
							"size": [6, 3, 5],
							"uv": {
								"north": {"uv": [6, 28], "uv_size": [6, 3]},
								"east": {"uv": [30, 9], "uv_size": [5, 3]},
								"south": {"uv": [12, 28], "uv_size": [6, 3]},
								"west": {"uv": [30, 12], "uv_size": [5, 3]},
								"up": {"uv": [20, 5], "uv_size": [6, 5]},
								"down": {"uv": [11, 25], "uv_size": [6, -5]}
							}
						},
						{
							"origin": [-4, 6.7, 0.5],
							"size": [8, 3, 6],
							"uv": {
								"north": {"uv": [24, 15], "uv_size": [8, 3]},
								"east": {"uv": [29, 3], "uv_size": [6, 3]},
								"south": {"uv": [6, 25], "uv_size": [8, 3]},
								"west": {"uv": [29, 6], "uv_size": [6, 3]},
								"up": {"uv": [0, 0], "uv_size": [8, 6]},
								"down": {"uv": [0, 12], "uv_size": [8, -6]}
							}
						}
					]
				},
				{
					"name": "bone2",
					"parent": "head",
					"pivot": [-1.6, 12.7, 3],
					"rotation": [7.5775, 18.6478, -7.7971],
					"cubes": [
						{
							"origin": [-2.6, 15.7, 2.5],
							"size": [2, 4, 1],
							"pivot": [-1.6, 16.2, 3],
							"rotation": [90, 0, 0],
							"uv": {
								"north": {"uv": [34, 19], "uv_size": [2, 4]},
								"east": {"uv": [17, 20], "uv_size": [1, 4]},
								"south": {"uv": [22, 34], "uv_size": [2, 4]},
								"west": {"uv": [14, 35], "uv_size": [1, 4]},
								"up": {"uv": [26, 18], "uv_size": [2, 1]},
								"down": {"uv": [28, 10], "uv_size": [2, -1]}
							}
						},
						{
							"origin": [-2.6, 12.7, 2.5],
							"size": [2, 3, 1],
							"uv": {
								"north": {"uv": [18, 28], "uv_size": [2, 3]},
								"east": {"uv": [23, 10], "uv_size": [1, 3]},
								"south": {"uv": [24, 34], "uv_size": [2, 3]},
								"west": {"uv": [22, 31], "uv_size": [1, 3]},
								"up": {"uv": [28, 19], "uv_size": [-2, -1]},
								"down": {"uv": [30, 10], "uv_size": [-2, -1]}
							}
						}
					]
				},
				{
					"name": "bone3",
					"parent": "head",
					"pivot": [1.6, 12.7, 3],
					"rotation": [12.45392, -1.08089, 4.88206],
					"cubes": [
						{
							"origin": [0.6, 15.7, 2.5],
							"size": [2, 3, 1],
							"pivot": [1.6, 16.2, 3],
							"rotation": [17.5, 0, 0],
							"uv": {
								"north": {"uv": [20, 28], "uv_size": [-2, 3]},
								"east": {"uv": [23, 31], "uv_size": [-1, 3]},
								"south": {"uv": [26, 34], "uv_size": [-2, 3]},
								"west": {"uv": [24, 10], "uv_size": [-1, 3]},
								"up": {"uv": [26, 19], "uv_size": [2, -1]},
								"down": {"uv": [28, 10], "uv_size": [2, -1]}
							}
						},
						{
							"origin": [0.6, 12.7, 2.5],
							"size": [2, 3, 1],
							"uv": {
								"north": {"uv": [20, 28], "uv_size": [-2, 3]},
								"east": {"uv": [23, 31], "uv_size": [-1, 3]},
								"south": {"uv": [26, 34], "uv_size": [-2, 3]},
								"west": {"uv": [24, 10], "uv_size": [-1, 3]},
								"up": {"uv": [26, 19], "uv_size": [2, -1]},
								"down": {"uv": [28, 10], "uv_size": [2, -1]}
							}
						}
					]
				},
				{
					"name": "head2",
					"parent": "Plush",
					"pivot": [0.01086, 5.77766, 2.73327],
					"cubes": [
						{
							"origin": [-3, 6, -1.5],
							"size": [6, 1, 7],
							"uv": {
								"north": {"uv": [34, 23], "uv_size": [6, 1]},
								"east": {"uv": [32, 2], "uv_size": [7, 1]},
								"south": {"uv": [0, 35], "uv_size": [6, 1]},
								"west": {"uv": [32, 28], "uv_size": [7, 1]},
								"up": {"uv": [0, 12], "uv_size": [6, 7]},
								"down": {"uv": [14, 7], "uv_size": [6, -7]}
							}
						},
						{
							"origin": [-2.5, 9.1, -1],
							"size": [2, 2, 2],
							"uv": {
								"north": {"uv": [15, 35], "uv_size": [2, 2]},
								"east": {"uv": [26, 35], "uv_size": [2, 2]},
								"south": {"uv": [28, 35], "uv_size": [2, 2]},
								"west": {"uv": [30, 35], "uv_size": [2, 2]},
								"up": {"uv": [35, 33], "uv_size": [2, 2]},
								"down": {"uv": [35, 37], "uv_size": [2, -2]}
							}
						},
						{
							"origin": [0.5, 9.1, -1],
							"size": [2, 2, 2],
							"uv": {
								"north": {"uv": [17, 35], "uv_size": [-2, 2]},
								"east": {"uv": [30, 35], "uv_size": [2, 2]},
								"south": {"uv": [28, 35], "uv_size": [2, 2]},
								"west": {"uv": [26, 35], "uv_size": [2, 2]},
								"up": {"uv": [37, 35], "uv_size": [-2, -2]},
								"down": {"uv": [37, 37], "uv_size": [-2, -2]}
							}
						},
						{
							"origin": [-3, 7, -1.5],
							"size": [6, 2, 2],
							"uv": {
								"north": {"uv": [0, 33], "uv_size": [6, 2]},
								"east": {"uv": [0, 36], "uv_size": [2, 2]},
								"south": {"uv": [6, 33], "uv_size": [6, 2]},
								"west": {"uv": [2, 36], "uv_size": [2, 2]},
								"up": {"uv": [12, 33], "uv_size": [6, 2]},
								"down": {"uv": [26, 35], "uv_size": [6, -2]}
							}
						},
						{
							"origin": [-3, 7, -0.5],
							"size": [6, 5, 6],
							"inflate": 0.11,
							"uv": {
								"north": {"uv": [23, 19], "uv_size": [6, 5]},
								"east": {"uv": [24, 10], "uv_size": [6, 5]},
								"south": {"uv": [23, 24], "uv_size": [6, 5]},
								"west": {"uv": [0, 25], "uv_size": [6, 5]},
								"up": {"uv": [12, 14], "uv_size": [6, 6]},
								"down": {"uv": [18, 19], "uv_size": [6, -6]}
							}
						}
					]
				},
				{
					"name": "bone4",
					"parent": "head2",
					"pivot": [-1.6, 12, 2],
					"rotation": [-0.8804, 9.9616, -5.0767],
					"cubes": [
						{
							"origin": [-2.6, 15, 1.4],
							"size": [2, 3, 0.1],
							"pivot": [-1.6, 15, 1.5],
							"rotation": [20, 0, 0],
							"uv": {
								"north": {"uv": [35, 3], "uv_size": [2, 3]},
								"south": {"uv": [6, 35], "uv_size": [2, 3]}
							}
						},
						{
							"origin": [-2.6, 12, 1.4],
							"size": [2, 3, 0.1],
							"uv": {
								"north": {"uv": [35, 3], "uv_size": [2, 3]},
								"south": {"uv": [6, 35], "uv_size": [2, 3]}
							}
						}
					]
				},
				{
					"name": "bone5",
					"parent": "head2",
					"pivot": [1.6, 12, 2],
					"rotation": [-0.8804, -9.9616, 5.0767],
					"cubes": [
						{
							"origin": [0.6, 15, 1.4],
							"size": [2, 3, 0.1],
							"pivot": [1.6, 15, 1.5],
							"rotation": [20, 0, 0],
							"uv": {
								"north": {"uv": [37, 3], "uv_size": [-2, 3]},
								"south": {"uv": [8, 35], "uv_size": [-2, 3]}
							}
						},
						{
							"origin": [0.6, 12, 1.4],
							"size": [2, 3, 0.1],
							"uv": {
								"north": {"uv": [37, 3], "uv_size": [-2, 3]},
								"south": {"uv": [8, 35], "uv_size": [-2, 3]}
							}
						}
					]
				}
			],
			"item_display_transforms": {
				"thirdperson_righthand": {
					"rotation": [75, 45, 0],
					"translation": [0, 2.5, 2],
					"scale": [0.7, 0.7, 0.7],
					"rotation_pivot": [0, 0, 0],
					"scale_pivot": [0, 0, 0]
				},
				"thirdperson_lefthand": {
					"rotation": [75, 45, 0],
					"translation": [0, 2.5, 2],
					"scale": [0.7, 0.7, 0.7],
					"rotation_pivot": [0, 0, 0],
					"scale_pivot": [0, 0, 0]
				},
				"firstperson_righthand": {
					"rotation": [-180, 38.5, -180],
					"translation": [-2.25, 5.75, 3.75],
					"scale": [0.4, 0.4, 0.4],
					"rotation_pivot": [0, 0, 0],
					"scale_pivot": [0, 0, 0]
				},
				"firstperson_lefthand": {
					"rotation": [-180, 38.5, -180],
					"translation": [-2.25, 5.75, 3.75],
					"scale": [0.4, 0.4, 0.4],
					"rotation_pivot": [0, 0, 0],
					"scale_pivot": [0, 0, 0]
				},
				"ground": {
					"rotation": [0, 0, 0],
					"translation": [0, 3, 0],
					"scale": [0.25, 0.25, 0.25],
					"rotation_pivot": [0, 0, 0],
					"scale_pivot": [0, 0, 0]
				},
				"gui": {
					"rotation": [30, 135, 0],
					"translation": [0, 1.75, 0],
					"scale": [0.8, 0.8, 0.8],
					"rotation_pivot": [0, 0, 0],
					"scale_pivot": [0, 0, 0],
					"fit_to_frame": true
				},
				"head": {
					"rotation": [0, 0, 0],
					"translation": [0, 14.25, 0],
					"scale": [1, 1, 1],
					"rotation_pivot": [0, 0, 0],
					"scale_pivot": [0, 0, 0]
				},
				"fixed": {
					"rotation": [0, 0, 0],
					"translation": [0, 0, -4],
					"scale": [1, 1, 1],
					"rotation_pivot": [0, 0, 0],
					"scale_pivot": [0, 0, 0]
				}
			}
		}
	]
}