{
	"format_version": "1.21.20",
	"minecraft:geometry": [
		{
			"description": {
				"identifier": "geometry.fr_foxy_plush",
				"texture_width": 32,
				"texture_height": 32,
				"visible_bounds_width": 3,
				"visible_bounds_height": 2.5,
				"visible_bounds_offset": [0, 0.75, 0]
			},
			"bones": [
				{
					"name": "Plush",
					"pivot": [0, 3, 2.5],
					"cubes": [
						{
							"origin": [-3, 0, 0],
							"size": [6, 6, 5],
							"inflate": -0.01,
							"uv": {
								"north": {"uv": [2.5, 2.5], "uv_size": [3, 3]},
								"east": {"uv": [0, 2.5], "uv_size": [2.5, 3]},
								"south": {"uv": [8, 2.5], "uv_size": [3, 3]},
								"west": {"uv": [5.5, 2.5], "uv_size": [2.5, 3]},
								"up": {"uv": [2.5, 0], "uv_size": [3, 2.5]},
								"down": {"uv": [5.5, 2.5], "uv_size": [3, -2.5]}
							}
						}
					]
				},
				{
					"name": "LegL",
					"parent": "Plush",
					"pivot": [-1.5, 1.5, 3],
					"cubes": [
						{
							"origin": [-3, 0, -3],
							"size": [3, 3, 6],
							"pivot": [-1.5, 1.5, 3],
							"rotation": [0, 12.5, 0],
							"uv": {
								"north": {"uv": [3, 14], "uv_size": [1.5, 1.5]},
								"east": {"uv": [0, 14], "uv_size": [3, 1.5]},
								"south": {"uv": [7.5, 14], "uv_size": [1.5, 1.5]},
								"west": {"uv": [4.5, 14], "uv_size": [3, 1.5]},
								"up": {"uv": [3, 11], "uv_size": [1.5, 3]},
								"down": {"uv": [4.5, 14], "uv_size": [1.5, -3]}
							}
						},
						{
							"origin": [-3, 0, -3],
							"size": [3, 3, 6],
							"inflate": 0.1,
							"pivot": [-1.5, 1.5, 3],
							"rotation": [0, 12.5, 0],
							"uv": {
								"north": {"uv": [16, 16.5], "uv_size": [1.5, 1.5]},
								"east": {"uv": [9, 16.5], "uv_size": [3, 1.5]},
								"south": {"uv": [0, 17], "uv_size": [1.5, 1.5]},
								"west": {"uv": [9, 16.5], "uv_size": [3, 1.5]},
								"up": {"uv": [12, 18], "uv_size": [-3, -1.5]},
								"down": {"uv": [12, 18], "uv_size": [-3, -1.5]}
							}
						}
					]
				},
				{
					"name": "LegR",
					"parent": "Plush",
					"pivot": [1.5, 1.5, 3],
					"cubes": [
						{
							"origin": [0, 0, -3],
							"size": [3, 3, 6],
							"pivot": [1.5, 1.5, 3],
							"rotation": [0, -12.5, 0],
							"uv": {
								"north": {"uv": [4.5, 14], "uv_size": [-1.5, 1.5]},
								"east": {"uv": [7.5, 14], "uv_size": [-3, 1.5]},
								"south": {"uv": [9, 14], "uv_size": [-1.5, 1.5]},
								"west": {"uv": [3, 14], "uv_size": [-3, 1.5]},
								"up": {"uv": [4.5, 11], "uv_size": [-1.5, 3]},
								"down": {"uv": [6, 14], "uv_size": [-1.5, -3]}
							}
						},
						{
							"origin": [0, 0, -3],
							"size": [3, 3, 6],
							"inflate": 0.1,
							"pivot": [1.5, 1.5, 3],
							"rotation": [0, -12.5, 0],
							"uv": {
								"north": {"uv": [17.5, 16.5], "uv_size": [-1.5, 1.5]},
								"east": {"uv": [9, 18], "uv_size": [3, -1.5]},
								"south": {"uv": [1.5, 17], "uv_size": [-1.5, 1.5]},
								"west": {"uv": [9, 16.5], "uv_size": [3, 1.5]},
								"up": {"uv": [9, 18], "uv_size": [3, -1.5]},
								"down": {"uv": [9, 18], "uv_size": [3, -1.5]}
							}
						}
					]
				},
				{
					"name": "armR",
					"parent": "Plush",
					"pivot": [2.5, 4.5, 3],
					"cubes": [
						{
							"origin": [1, 3, -1],
							"size": [3, 3, 5],
							"pivot": [2.5, 4.5, 3],
							"rotation": [0, -72.5, 17.5],
							"uv": {
								"north": {"uv": [15, 2.5], "uv_size": [-1.5, 1.5]},
								"east": {"uv": [17.5, 2.5], "uv_size": [-2.5, 1.5]},
								"south": {"uv": [19, 2.5], "uv_size": [-1.5, 1.5]},
								"west": {"uv": [13.5, 2.5], "uv_size": [-2.5, 1.5]},
								"up": {"uv": [15, 0], "uv_size": [-1.5, 2.5]},
								"down": {"uv": [16.5, 2.5], "uv_size": [-1.5, -2.5]}
							}
						}
					]
				},
				{
					"name": "armL",
					"parent": "Plush",
					"pivot": [-2.5, 4.5, 3],
					"cubes": [
						{
							"origin": [-4, 3, -1],
							"size": [3, 3, 5],
							"pivot": [-2.5, 4.5, 3],
							"rotation": [0, 72.5, -17.5],
							"uv": {
								"north": {"uv": [13.5, 2.5], "uv_size": [1.5, 1.5]},
								"east": {"uv": [11, 2.5], "uv_size": [2.5, 1.5]},
								"south": {"uv": [17.5, 2.5], "uv_size": [1.5, 1.5]},
								"west": {"uv": [15, 2.5], "uv_size": [2.5, 1.5]},
								"up": {"uv": [13.5, 0], "uv_size": [1.5, 2.5]},
								"down": {"uv": [15, 2.5], "uv_size": [1.5, -2.5]}
							}
						},
						{
							"origin": [-4, 3, -1],
							"size": [3, 3, 1],
							"inflate": 0.2,
							"pivot": [-2.5, 4.5, 3],
							"rotation": [0, 72.5, -17.5],
							"uv": {
								"north": {"uv": [1.5, 17], "uv_size": [1.5, 1.5]},
								"east": {"uv": [3, 17], "uv_size": [0.5, 1.5]},
								"south": {"uv": [1.5, 17], "uv_size": [1.5, 1.5]},
								"west": {"uv": [3, 17], "uv_size": [0.5, 1.5]},
								"up": {"uv": [3.5, 17], "uv_size": [1.5, 0.5]},
								"down": {"uv": [5, 17.5], "uv_size": [-1.5, -0.5]}
							}
						}
					]
				},
				{
					"name": "bone",
					"parent": "armL",
					"pivot": [-7.64606, 2.87745, 1.82298],
					"rotation": [0.68275, -20.66657, -18.40888],
					"cubes": [
						{
							"origin": [-7, 0.2, -0.5],
							"size": [0, 5, 4],
							"pivot": [-7.64606, 2.87745, 1.82298],
							"rotation": [0, 90, 0],
							"uv": {
								"north": {"uv": [13, 6], "uv_size": [0, 2.5]},
								"east": {"uv": [11, 6], "uv_size": [2, 2.5]},
								"south": {"uv": [15, 6], "uv_size": [0, 2.5]},
								"west": {"uv": [13, 6], "uv_size": [2, 2.5]},
								"up": {"uv": [13, 4], "uv_size": [0, 2]},
								"down": {"uv": [13, 6], "uv_size": [0, -2]}
							}
						}
					]
				},
				{
					"name": "tie",
					"parent": "Plush",
					"pivot": [0, 5, 0]
				},
				{
					"name": "head",
					"parent": "Plush",
					"pivot": [0.01086, 5.77766, 2.73327],
					"cubes": [
						{
							"origin": [0.5, 8.5, -0.5],
							"size": [2, 2, 2],
							"uv": {
								"north": {"uv": [10, 12], "uv_size": [1, 1]},
								"east": {"uv": [9, 12], "uv_size": [1, 1]},
								"south": {"uv": [12, 12], "uv_size": [1, 1]},
								"west": {"uv": [11, 12], "uv_size": [1, 1]},
								"up": {"uv": [10, 11], "uv_size": [1, 1]},
								"down": {"uv": [11, 12], "uv_size": [1, -1]}
							}
						},
						{
							"origin": [0.5, 8.6, -0.5],
							"size": [2, 2, 2],
							"uv": {
								"north": {"uv": [10, 14], "uv_size": [1, 1]},
								"east": {"uv": [9, 14], "uv_size": [1, 1]},
								"south": {"uv": [12, 14], "uv_size": [1, 1]},
								"west": {"uv": [11, 14], "uv_size": [1, 1]},
								"up": {"uv": [10, 13], "uv_size": [1, 1]},
								"down": {"uv": [11, 14], "uv_size": [1, -1]}
							}
						},
						{
							"origin": [-2.5, 8.5, -0.5],
							"size": [2, 2, 1],
							"uv": {
								"north": {"uv": [15.5, 7], "uv_size": [1, 1]},
								"east": {"uv": [15, 7], "uv_size": [0.5, 1]},
								"south": {"uv": [17, 7], "uv_size": [1, 1]},
								"west": {"uv": [16.5, 7], "uv_size": [0.5, 1]},
								"up": {"uv": [15.5, 6.5], "uv_size": [1, 0.5]},
								"down": {"uv": [16.5, 7], "uv_size": [1, -0.5]}
							}
						},
						{
							"origin": [-2.5, 8.6, -0.11],
							"size": [2, 2, 1],
							"uv": {
								"north": {"uv": [9.5, 15.5], "uv_size": [1, 1]},
								"east": {"uv": [9, 15.5], "uv_size": [0.5, 1]},
								"south": {"uv": [11, 15.5], "uv_size": [1, 1]},
								"west": {"uv": [10.5, 15.5], "uv_size": [0.5, 1]},
								"up": {"uv": [9.5, 15], "uv_size": [1, 0.5]},
								"down": {"uv": [10.5, 15.5], "uv_size": [1, -0.5]}
							}
						},
						{
							"origin": [0.5, 10.7, -0.01],
							"size": [2, 1, 0],
							"pivot": [1.5, 11.7, -0.01],
							"rotation": [-40, 0, 0],
							"uv": {
								"north": {"uv": [17, 16], "uv_size": [-1, 0.5]},
								"east": {"uv": [17, 16], "uv_size": [0, 0.5]},
								"south": {"uv": [18, 16], "uv_size": [-1, 0.5]},
								"west": {"uv": [16, 16], "uv_size": [0, 0.5]},
								"up": {"uv": [17, 16], "uv_size": [-1, 0]},
								"down": {"uv": [18, 16], "uv_size": [-1, 0]}
							}
						},
						{
							"origin": [-2.5, 10.7, -0.01],
							"size": [2, 1, 0],
							"pivot": [-1.5, 11.7, -0.01],
							"rotation": [-40, 0, 0],
							"uv": {
								"north": {"uv": [16, 16], "uv_size": [1, 0.5]},
								"east": {"uv": [16, 16], "uv_size": [0, 0.5]},
								"south": {"uv": [17, 16], "uv_size": [1, 0.5]},
								"west": {"uv": [17, 16], "uv_size": [0, 0.5]},
								"up": {"uv": [16, 16], "uv_size": [1, 0]},
								"down": {"uv": [17, 16], "uv_size": [1, 0]}
							}
						},
						{
							"origin": [-1, 6.5, -3],
							"size": [2, 2, 2],
							"uv": {
								"north": {"uv": [14, 11], "uv_size": [1, 1]},
								"east": {"uv": [13, 11], "uv_size": [1, 1]},
								"south": {"uv": [16, 11], "uv_size": [1, 1]},
								"west": {"uv": [15, 11], "uv_size": [1, 1]},
								"up": {"uv": [14, 10], "uv_size": [1, 1]},
								"down": {"uv": [15, 11], "uv_size": [1, -1]}
							}
						},
						{
							"origin": [-1, 7.8, -3.2],
							"size": [2, 1, 1],
							"inflate": -0.1,
							"uv": {
								"north": {"uv": [16.5, 8.5], "uv_size": [1, 0.5]},
								"east": {"uv": [16, 8.5], "uv_size": [0.5, 0.5]},
								"south": {"uv": [18, 8.5], "uv_size": [1, 0.5]},
								"west": {"uv": [17.5, 8.5], "uv_size": [0.5, 0.5]},
								"up": {"uv": [16.5, 8], "uv_size": [1, 0.5]},
								"down": {"uv": [17.5, 8.5], "uv_size": [1, -0.5]}
							}
						},
						{
							"origin": [-2, 6.5, -1],
							"size": [4, 2, 1],
							"uv": {
								"north": {"uv": [11.5, 9], "uv_size": [2, 1]},
								"east": {"uv": [11, 9], "uv_size": [0.5, 1]},
								"south": {"uv": [14, 9], "uv_size": [2, 1]},
								"west": {"uv": [13.5, 9], "uv_size": [0.5, 1]},
								"up": {"uv": [11.5, 8.5], "uv_size": [2, 0.5]},
								"down": {"uv": [13.5, 9], "uv_size": [2, -0.5]}
							}
						},
						{
							"origin": [-2, 5.9, -1],
							"size": [4, 1, 1],
							"inflate": 0.1,
							"uv": {
								"north": {"uv": [13.5, 12.5], "uv_size": [2, 0.5]},
								"east": {"uv": [13, 12.5], "uv_size": [0.5, 0.5]},
								"south": {"uv": [16, 12.5], "uv_size": [2, 0.5]},
								"west": {"uv": [15.5, 12.5], "uv_size": [0.5, 0.5]},
								"up": {"uv": [13.5, 12], "uv_size": [2, 0.5]},
								"down": {"uv": [15.5, 12.5], "uv_size": [2, -0.5]}
							}
						},
						{
							"origin": [-1, 5.9, -3],
							"size": [2, 1, 2],
							"inflate": 0.1,
							"uv": {
								"north": {"uv": [14, 14], "uv_size": [1, 0.5]},
								"east": {"uv": [13, 14], "uv_size": [1, 0.5]},
								"south": {"uv": [16, 14], "uv_size": [1, 0.5]},
								"west": {"uv": [15, 14], "uv_size": [1, 0.5]},
								"up": {"uv": [14, 13], "uv_size": [1, 1]},
								"down": {"uv": [15, 14], "uv_size": [1, -1]}
							}
						},
						{
							"origin": [-1.1, 6.2, -3.31],
							"size": [1, 1, 1],
							"inflate": -0.1,
							"uv": {
								"north": {"uv": [11.5, 10.5], "uv_size": [0.5, 0.5]},
								"east": {"uv": [11, 10.5], "uv_size": [0.5, 0.5]},
								"south": {"uv": [12.5, 10.5], "uv_size": [0.5, 0.5]},
								"west": {"uv": [12, 10.5], "uv_size": [0.5, 0.5]},
								"up": {"uv": [11.5, 10], "uv_size": [0.5, 0.5]},
								"down": {"uv": [12, 10.5], "uv_size": [0.5, -0.5]}
							}
						},
						{
							"origin": [0.1, 6.2, -3.31],
							"size": [1, 1, 1],
							"inflate": -0.1,
							"uv": {
								"north": {"uv": [12.5, 16.5], "uv_size": [0.5, 0.5]},
								"east": {"uv": [12, 16.5], "uv_size": [0.5, 0.5]},
								"south": {"uv": [13.5, 16.5], "uv_size": [0.5, 0.5]},
								"west": {"uv": [13, 16.5], "uv_size": [0.5, 0.5]},
								"up": {"uv": [12.5, 16], "uv_size": [0.5, 0.5]},
								"down": {"uv": [13, 16.5], "uv_size": [0.5, -0.5]}
							}
						},
						{
							"origin": [3, 6.5, 2.5],
							"size": [3, 2, 0],
							"uv": {
								"north": {"uv": [16, 9], "uv_size": [1.5, 1]},
								"east": {"uv": [16, 9], "uv_size": [0, 1]},
								"south": {"uv": [17.5, 9], "uv_size": [1.5, 1]},
								"west": {"uv": [17.5, 9], "uv_size": [0, 1]},
								"up": {"uv": [16, 9], "uv_size": [1.5, 0]},
								"down": {"uv": [17.5, 9], "uv_size": [1.5, 0]}
							}
						},
						{
							"origin": [-6, 6.5, 2.5],
							"size": [3, 2, 0],
							"uv": {
								"north": {"uv": [17.5, 9], "uv_size": [-1.5, 1]},
								"east": {"uv": [17.5, 9], "uv_size": [0, 1]},
								"south": {"uv": [19, 9], "uv_size": [-1.5, 1]},
								"west": {"uv": [16, 9], "uv_size": [0, 1]},
								"up": {"uv": [17.5, 9], "uv_size": [-1.5, 0]},
								"down": {"uv": [19, 9], "uv_size": [-1.5, 0]}
							}
						},
						{
							"origin": [-3, 6, 0],
							"size": [6, 6, 5],
							"uv": {
								"north": {"uv": [2.5, 8], "uv_size": [3, 3]},
								"east": {"uv": [0, 8], "uv_size": [2.5, 3]},
								"south": {"uv": [8, 8], "uv_size": [3, 3]},
								"west": {"uv": [5.5, 8], "uv_size": [2.5, 3]},
								"up": {"uv": [2.5, 5.5], "uv_size": [3, 2.5]},
								"down": {"uv": [5.5, 8], "uv_size": [3, -2.5]}
							}
						},
						{
							"origin": [-1.5, 11.5, 2.5],
							"size": [3, 3, 0],
							"uv": {
								"north": {"uv": [0, 15.5], "uv_size": [1.5, 1.5]},
								"east": {"uv": [0, 15.5], "uv_size": [0, 1.5]},
								"south": {"uv": [1.5, 15.5], "uv_size": [1.5, 1.5]},
								"west": {"uv": [1.5, 15.5], "uv_size": [0, 1.5]},
								"up": {"uv": [0, 15.5], "uv_size": [1.5, 0]},
								"down": {"uv": [1.5, 15.5], "uv_size": [1.5, 0]}
							}
						},
						{
							"origin": [-5, 6, 0],
							"size": [2, 1, 2],
							"uv": {
								"north": {"uv": [14, 15.5], "uv_size": [1, 0.5]},
								"east": {"uv": [13, 15.5], "uv_size": [1, 0.5]},
								"south": {"uv": [16, 15.5], "uv_size": [1, 0.5]},
								"west": {"uv": [15, 15.5], "uv_size": [1, 0.5]},
								"up": {"uv": [14, 14.5], "uv_size": [1, 1]},
								"down": {"uv": [15, 15.5], "uv_size": [1, -1]}
							}
						},
						{
							"origin": [3, 6, 0],
							"size": [2, 1, 2],
							"uv": {
								"north": {"uv": [15, 15.5], "uv_size": [-1, 0.5]},
								"east": {"uv": [16, 15.5], "uv_size": [-1, 0.5]},
								"south": {"uv": [17, 15.5], "uv_size": [-1, 0.5]},
								"west": {"uv": [14, 15.5], "uv_size": [-1, 0.5]},
								"up": {"uv": [15, 14.5], "uv_size": [-1, 1]},
								"down": {"uv": [16, 15.5], "uv_size": [-1, -1]}
							}
						},
						{
							"origin": [1.5, 11, 2.5],
							"size": [3, 5, 0.1],
							"pivot": [3, 12, 2.5],
							"rotation": [10, 0, 35],
							"uv": {
								"north": {"uv": [16.5, 4], "uv_size": [-1.5, 2.5]},
								"south": {"uv": [18, 4], "uv_size": [-1.5, 2.5]}
							}
						},
						{
							"origin": [-4.5, 11, 2.4],
							"size": [3, 5, 0.1],
							"pivot": [-3, 12, 2.5],
							"rotation": [17.35932, 2.24944, -39.65656],
							"uv": {
								"north": {"uv": [15, 4], "uv_size": [1.5, 2.5]},
								"south": {"uv": [16.5, 4], "uv_size": [1.5, 2.5]}
							}
						},
						{
							"origin": [-4, 7.5, 0],
							"size": [1, 1, 2],
							"uv": {
								"north": {"uv": [4, 16.5], "uv_size": [0.5, 0.5]},
								"east": {"uv": [3, 16.5], "uv_size": [1, 0.5]},
								"south": {"uv": [5.5, 16.5], "uv_size": [0.5, 0.5]},
								"west": {"uv": [4.5, 16.5], "uv_size": [1, 0.5]},
								"up": {"uv": [4, 15.5], "uv_size": [0.5, 1]},
								"down": {"uv": [4.5, 16.5], "uv_size": [0.5, -1]}
							}
						},
						{
							"origin": [3, 7.5, 0],
							"size": [1, 1, 2],
							"uv": {
								"north": {"uv": [4.5, 16.5], "uv_size": [-0.5, 0.5]},
								"east": {"uv": [5.5, 16.5], "uv_size": [-1, 0.5]},
								"south": {"uv": [6, 16.5], "uv_size": [-0.5, 0.5]},
								"west": {"uv": [4, 16.5], "uv_size": [-1, 0.5]},
								"up": {"uv": [4.5, 15.5], "uv_size": [-0.5, 1]},
								"down": {"uv": [5, 16.5], "uv_size": [-0.5, -1]}
							}
						}
					]
				},
				{
					"name": "bone3",
					"parent": "head",
					"pivot": [-3, 12, 2],
					"rotation": [-2.5, 0, -49.7953],
					"cubes": [
						{
							"origin": [-3.5, 13, 1.5],
							"size": [1, 1, 1],
							"uv": {
								"north": {"uv": [14.5, 16.5], "uv_size": [0.5, 0.5]},
								"east": {"uv": [14, 16.5], "uv_size": [0.5, 0.5]},
								"south": {"uv": [15.5, 16.5], "uv_size": [0.5, 0.5]},
								"west": {"uv": [15, 16.5], "uv_size": [0.5, 0.5]},
								"up": {"uv": [14.5, 16], "uv_size": [0.5, 0.5]},
								"down": {"uv": [15, 16.5], "uv_size": [0.5, -0.5]}
							}
						},
						{
							"origin": [-4, 11, 1.5],
							"size": [2, 2, 1],
							"uv": {
								"north": {"uv": [6.5, 16], "uv_size": [1, 1]},
								"east": {"uv": [6, 16], "uv_size": [0.5, 1]},
								"south": {"uv": [8, 16], "uv_size": [1, 1]},
								"west": {"uv": [7.5, 16], "uv_size": [0.5, 1]},
								"up": {"uv": [6.5, 15.5], "uv_size": [1, 0.5]},
								"down": {"uv": [7.5, 16], "uv_size": [1, -0.5]}
							}
						}
					]
				},
				{
					"name": "bone2",
					"parent": "head",
					"pivot": [3, 12, 2],
					"rotation": [-2.5, 0, 49.7953],
					"cubes": [
						{
							"origin": [2.5, 13, 1.5],
							"size": [1, 1, 1],
							"uv": {
								"north": {"uv": [15, 16.5], "uv_size": [-0.5, 0.5]},
								"east": {"uv": [15.5, 16.5], "uv_size": [-0.5, 0.5]},
								"south": {"uv": [16, 16.5], "uv_size": [-0.5, 0.5]},
								"west": {"uv": [14.5, 16.5], "uv_size": [-0.5, 0.5]},
								"up": {"uv": [15, 16], "uv_size": [-0.5, 0.5]},
								"down": {"uv": [15.5, 16.5], "uv_size": [-0.5, -0.5]}
							}
						},
						{
							"origin": [2, 11, 1.5],
							"size": [2, 2, 1],
							"uv": {
								"north": {"uv": [7.5, 16], "uv_size": [-1, 1]},
								"east": {"uv": [8, 16], "uv_size": [-0.5, 1]},
								"south": {"uv": [9, 16], "uv_size": [-1, 1]},
								"west": {"uv": [6.5, 16], "uv_size": [-0.5, 1]},
								"up": {"uv": [7.5, 15.5], "uv_size": [-1, 0.5]},
								"down": {"uv": [8.5, 16], "uv_size": [-1, -0.5]}
							}
						}
					]
				}
			],
			"item_display_transforms": {
				"thirdperson_righthand": {
					"rotation": [75, 45, 0],
					"translation": [0, 2.5, 2],
					"scale": [0.7, 0.7, 0.7],
					"rotation_pivot": [0, 0, 0],
					"scale_pivot": [0, 0, 0]
				},
				"thirdperson_lefthand": {
					"rotation": [75, 45, 0],
					"translation": [0, 2.5, 2],
					"scale": [0.7, 0.7, 0.7],
					"rotation_pivot": [0, 0, 0],
					"scale_pivot": [0, 0, 0]
				},
				"firstperson_righthand": {
					"rotation": [-180, 38.5, -180],
					"translation": [-2.25, 5.75, 3.75],
					"scale": [0.4, 0.4, 0.4],
					"rotation_pivot": [0, 0, 0],
					"scale_pivot": [0, 0, 0]
				},
				"firstperson_lefthand": {
					"rotation": [-180, 38.5, -180],
					"translation": [-2.25, 5.75, 3.75],
					"scale": [0.4, 0.4, 0.4],
					"rotation_pivot": [0, 0, 0],
					"scale_pivot": [0, 0, 0]
				},
				"ground": {
					"rotation": [0, 0, 0],
					"translation": [0, 3, 0],
					"scale": [0.25, 0.25, 0.25],
					"rotation_pivot": [0, 0, 0],
					"scale_pivot": [0, 0, 0]
				},
				"gui": {
					"rotation": [30, 135, 0],
					"translation": [0, 1.75, 0],
					"scale": [0.8, 0.8, 0.8],
					"rotation_pivot": [0, 0, 0],
					"scale_pivot": [0, 0, 0],
					"fit_to_frame": true
				},
				"head": {
					"rotation": [0, 0, 0],
					"translation": [0, 14.25, 0],
					"scale": [1, 1, 1],
					"rotation_pivot": [0, 0, 0],
					"scale_pivot": [0, 0, 0]
				},
				"fixed": {
					"rotation": [0, 0, 0],
					"translation": [0, 0, -4],
					"scale": [1, 1, 1],
					"rotation_pivot": [0, 0, 0],
					"scale_pivot": [0, 0, 0]
				}
			}
		}
	]
}