{
	"format_version": "1.21.20",
	"minecraft:geometry": [
		{
			"description": {
				"identifier": "geometry.fr_endo_plush",
				"texture_width": 64,
				"texture_height": 64,
				"visible_bounds_width": 2,
				"visible_bounds_height": 2.5,
				"visible_bounds_offset": [0, 0.75, 0]
			},
			"bones": [
				{
					"name": "Plush",
					"pivot": [0, 3, 2.5],
					"cubes": [
						{
							"origin": [-2.5, 3, 0],
							"size": [5, 2, 4],
							"inflate": 0.1,
							"uv": {
								"north": {"uv": [24.32, 25.6], "uv_size": [3.2, 1.28]},
								"east": {"uv": [21.76, 25.6], "uv_size": [2.56, 1.28]},
								"south": {"uv": [30.08, 25.6], "uv_size": [3.2, 1.28]},
								"west": {"uv": [27.52, 25.6], "uv_size": [2.56, 1.28]},
								"up": {"uv": [24.32, 23.04], "uv_size": [3.2, 2.56]},
								"down": {"uv": [27.52, 25.6], "uv_size": [3.2, -2.56]}
							}
						},
						{
							"origin": [-2, 1.5, 0],
							"size": [4, 2, 4],
							"inflate": -0.03,
							"uv": {
								"north": {"uv": [24.32, 32.64], "uv_size": [2.56, 1.28]},
								"east": {"uv": [21.76, 32.64], "uv_size": [2.56, 1.28]},
								"south": {"uv": [29.44, 32.64], "uv_size": [2.56, 1.28]},
								"west": {"uv": [26.88, 32.64], "uv_size": [2.56, 1.28]},
								"up": {"uv": [24.32, 30.08], "uv_size": [2.56, 2.56]},
								"down": {"uv": [26.88, 32.64], "uv_size": [2.56, -2.56]}
							}
						},
						{
							"origin": [-0.5, 1.5, -0.2],
							"size": [1, 2, 0],
							"uv": {
								"north": {"uv": [35.84, 31.36], "uv_size": [0.64, 1.28]},
								"east": {"uv": [35.84, 31.36], "uv_size": [0, 1.28]},
								"south": {"uv": [36.48, 31.36], "uv_size": [0.64, 1.28]},
								"west": {"uv": [36.48, 31.36], "uv_size": [0, 1.28]},
								"up": {"uv": [35.84, 31.36], "uv_size": [0.64, 0]},
								"down": {"uv": [36.48, 31.36], "uv_size": [0.64, 0]}
							}
						},
						{
							"origin": [-0.5, 1.5, 4.18],
							"size": [1, 2, 0],
							"uv": {
								"north": {"uv": [35.84, 31.36], "uv_size": [0.64, 1.28]},
								"east": {"uv": [35.84, 31.36], "uv_size": [0, 1.28]},
								"south": {"uv": [36.48, 31.36], "uv_size": [0.64, 1.28]},
								"west": {"uv": [36.48, 31.36], "uv_size": [0, 1.28]},
								"up": {"uv": [35.84, 31.36], "uv_size": [0.64, 0]},
								"down": {"uv": [36.48, 31.36], "uv_size": [0.64, 0]}
							}
						},
						{
							"origin": [-1.5, 0, 0.5],
							"size": [3, 2, 3],
							"inflate": -0.01,
							"uv": {
								"north": {"uv": [14.72, 26.88], "uv_size": [1.92, 1.28]},
								"east": {"uv": [12.8, 26.88], "uv_size": [1.92, 1.28]},
								"south": {"uv": [18.56, 26.88], "uv_size": [1.92, 1.28]},
								"west": {"uv": [16.64, 26.88], "uv_size": [1.92, 1.28]},
								"up": {"uv": [14.72, 24.96], "uv_size": [1.92, 1.92]},
								"down": {"uv": [16.64, 26.88], "uv_size": [1.92, -1.92]}
							}
						}
					]
				},
				{
					"name": "LegL",
					"parent": "Plush",
					"pivot": [-1.5, 1.5, 3],
					"cubes": [
						{
							"origin": [-2, 0, -3],
							"size": [2, 2, 5],
							"pivot": [-1.5, 1.5, 3],
							"rotation": [0, 12.5, 0],
							"uv": {
								"north": {"uv": [39.68, 26.24], "uv_size": [1.28, 1.28]},
								"east": {"uv": [36.48, 26.24], "uv_size": [3.2, 1.28]},
								"south": {"uv": [44.16, 26.24], "uv_size": [1.28, 1.28]},
								"west": {"uv": [40.96, 26.24], "uv_size": [3.2, 1.28]},
								"up": {"uv": [39.68, 23.04], "uv_size": [1.28, 3.2]},
								"down": {"uv": [40.96, 26.24], "uv_size": [1.28, -3.2]}
							}
						}
					]
				},
				{
					"name": "LegR",
					"parent": "Plush",
					"pivot": [1.5, 1.5, 3],
					"cubes": [
						{
							"origin": [0, 0, -3],
							"size": [2, 2, 5],
							"pivot": [1.5, 1.5, 3],
							"rotation": [0, -12.5, 0],
							"uv": {
								"north": {"uv": [40.96, 26.24], "uv_size": [-1.28, 1.28]},
								"east": {"uv": [44.16, 26.24], "uv_size": [-3.2, 1.28]},
								"south": {"uv": [45.44, 26.24], "uv_size": [-1.28, 1.28]},
								"west": {"uv": [39.68, 26.24], "uv_size": [-3.2, 1.28]},
								"up": {"uv": [40.96, 23.04], "uv_size": [-1.28, 3.2]},
								"down": {"uv": [42.24, 26.24], "uv_size": [-1.28, -3.2]}
							}
						}
					]
				},
				{
					"name": "armR",
					"parent": "Plush",
					"pivot": [2.5, 4.5, 3],
					"cubes": [
						{
							"origin": [0, 3, -1],
							"size": [2, 2, 5],
							"pivot": [1.5, 4.5, 3],
							"rotation": [0, -72.5, 17.5],
							"uv": {
								"north": {"uv": [40.96, 26.24], "uv_size": [-1.28, 1.28]},
								"east": {"uv": [44.16, 26.24], "uv_size": [-3.2, 1.28]},
								"south": {"uv": [45.44, 26.24], "uv_size": [-1.28, 1.28]},
								"west": {"uv": [39.68, 26.24], "uv_size": [-3.2, 1.28]},
								"up": {"uv": [40.96, 23.04], "uv_size": [-1.28, 3.2]},
								"down": {"uv": [42.24, 26.24], "uv_size": [-1.28, -3.2]}
							}
						}
					]
				},
				{
					"name": "armL",
					"parent": "Plush",
					"pivot": [-2.5, 4.5, 3],
					"cubes": [
						{
							"origin": [-2, 3, -1],
							"size": [2, 2, 5],
							"pivot": [-1.5, 3.5, 3],
							"rotation": [0, 72.5, -17.5],
							"uv": {
								"north": {"uv": [39.68, 26.24], "uv_size": [1.28, 1.28]},
								"east": {"uv": [36.48, 26.24], "uv_size": [3.2, 1.28]},
								"south": {"uv": [44.16, 26.24], "uv_size": [1.28, 1.28]},
								"west": {"uv": [40.96, 26.24], "uv_size": [3.2, 1.28]},
								"up": {"uv": [39.68, 23.04], "uv_size": [1.28, 3.2]},
								"down": {"uv": [40.96, 26.24], "uv_size": [1.28, -3.2]}
							}
						}
					]
				},
				{
					"name": "tie",
					"parent": "Plush",
					"pivot": [0, 5, 0]
				},
				{
					"name": "head",
					"parent": "Plush",
					"pivot": [0.01086, 4.77766, 2.73327],
					"cubes": [
						{
							"origin": [-1.5, 4.7, -1.5],
							"size": [3, 1, 1],
							"uv": {
								"north": {"uv": [24.96, 21.12], "uv_size": [1.92, 0.64]},
								"east": {"uv": [24.32, 21.12], "uv_size": [0.64, 0.64]},
								"south": {"uv": [27.52, 21.12], "uv_size": [1.92, 0.64]},
								"west": {"uv": [26.88, 21.12], "uv_size": [0.64, 0.64]},
								"up": {"uv": [24.96, 20.48], "uv_size": [1.92, 0.64]},
								"down": {"uv": [26.88, 21.12], "uv_size": [1.92, -0.64]}
							}
						},
						{
							"origin": [-2.5, 7.5, -1],
							"size": [2, 2, 2],
							"uv": {
								"north": {"uv": [42.24, 14.08], "uv_size": [-1.28, 1.28]},
								"east": {"uv": [43.52, 14.08], "uv_size": [-1.28, 1.28]},
								"south": {"uv": [44.8, 14.08], "uv_size": [-1.28, 1.28]},
								"west": {"uv": [40.96, 14.08], "uv_size": [-1.28, 1.28]},
								"up": {"uv": [42.24, 12.8], "uv_size": [-1.28, 1.28]},
								"down": {"uv": [43.52, 14.08], "uv_size": [-1.28, -1.28]}
							}
						},
						{
							"origin": [0.5, 7.5, -1],
							"size": [2, 2, 2],
							"uv": {
								"north": {"uv": [40.96, 14.08], "uv_size": [1.28, 1.28]},
								"east": {"uv": [39.68, 14.08], "uv_size": [1.28, 1.28]},
								"south": {"uv": [43.52, 14.08], "uv_size": [1.28, 1.28]},
								"west": {"uv": [42.24, 14.08], "uv_size": [1.28, 1.28]},
								"up": {"uv": [40.96, 12.8], "uv_size": [1.28, 1.28]},
								"down": {"uv": [42.24, 14.08], "uv_size": [1.28, -1.28]}
							}
						},
						{
							"origin": [0.5, 8.7, -1.3],
							"size": [2, 1, 1],
							"inflate": 0.01,
							"uv": {
								"north": {"uv": [15.36, 8.96], "uv_size": [-1.28, 0.64]},
								"east": {"uv": [16, 8.96], "uv_size": [-0.64, 0.64]},
								"south": {"uv": [17.28, 8.96], "uv_size": [-1.28, 0.64]},
								"west": {"uv": [14.08, 8.96], "uv_size": [-0.64, 0.64]},
								"up": {"uv": [15.36, 8.32], "uv_size": [-1.28, 0.64]},
								"down": {"uv": [16.64, 8.96], "uv_size": [-1.28, -0.64]}
							}
						},
						{
							"origin": [-2.5, 8.7, -1.3],
							"size": [2, 1, 1],
							"inflate": 0.01,
							"uv": {
								"north": {"uv": [14.08, 8.96], "uv_size": [1.28, 0.64]},
								"east": {"uv": [13.44, 8.96], "uv_size": [0.64, 0.64]},
								"south": {"uv": [16, 8.96], "uv_size": [1.28, 0.64]},
								"west": {"uv": [15.36, 8.96], "uv_size": [0.64, 0.64]},
								"up": {"uv": [14.08, 8.32], "uv_size": [1.28, 0.64]},
								"down": {"uv": [15.36, 8.96], "uv_size": [1.28, -0.64]}
							}
						},
						{
							"origin": [-1.5, 6.1, -1.5],
							"size": [3, 1, 1],
							"uv": {
								"north": {"uv": [24.96, 14.72], "uv_size": [1.92, 0.64]},
								"east": {"uv": [24.32, 14.72], "uv_size": [0.64, 0.64]},
								"south": {"uv": [27.52, 14.72], "uv_size": [1.92, 0.64]},
								"west": {"uv": [26.88, 14.72], "uv_size": [0.64, 0.64]},
								"up": {"uv": [24.96, 14.08], "uv_size": [1.92, 0.64]},
								"down": {"uv": [26.88, 14.72], "uv_size": [1.92, -0.64]}
							}
						},
						{
							"origin": [-2.5, 6.2, -0.5],
							"size": [5, 4, 5],
							"inflate": 0.2,
							"uv": {
								"north": {"uv": [23.68, 3.84], "uv_size": [3.2, 2.56]},
								"east": {"uv": [20.48, 3.84], "uv_size": [3.2, 2.56]},
								"south": {"uv": [30.08, 3.84], "uv_size": [3.2, 2.56]},
								"west": {"uv": [26.88, 3.84], "uv_size": [3.2, 2.56]},
								"up": {"uv": [23.68, 0.64], "uv_size": [3.2, 3.2]},
								"down": {"uv": [26.88, 3.84], "uv_size": [3.2, -3.2]}
							}
						},
						{
							"origin": [-2, 4.7, -0.5],
							"size": [4, 2, 5],
							"inflate": 0.1,
							"uv": {
								"north": {"uv": [23.04, 11.52], "uv_size": [2.56, 1.28]},
								"east": {"uv": [19.84, 11.52], "uv_size": [3.2, 1.28]},
								"south": {"uv": [28.8, 11.52], "uv_size": [2.56, 1.28]},
								"west": {"uv": [25.6, 11.52], "uv_size": [3.2, 1.28]},
								"up": {"uv": [23.04, 8.32], "uv_size": [2.56, 3.2]},
								"down": {"uv": [25.6, 11.52], "uv_size": [2.56, -3.2]}
							}
						},
						{
							"origin": [-3, 5.7, 1.5],
							"size": [1, 1, 0],
							"uv": {
								"north": {"uv": [9.6, 16], "uv_size": [0.64, 0.64]},
								"east": {"uv": [9.6, 16], "uv_size": [0, 0.64]},
								"south": {"uv": [10.24, 16], "uv_size": [0.64, 0.64]},
								"west": {"uv": [10.24, 16], "uv_size": [0, 0.64]},
								"up": {"uv": [9.6, 16], "uv_size": [0.64, 0]},
								"down": {"uv": [10.24, 16], "uv_size": [0.64, 0]}
							}
						},
						{
							"origin": [2, 5.7, 1.5],
							"size": [1, 1, 0],
							"uv": {
								"north": {"uv": [10.24, 16], "uv_size": [-0.64, 0.64]},
								"east": {"uv": [10.24, 16], "uv_size": [0, 0.64]},
								"south": {"uv": [10.88, 16], "uv_size": [-0.64, 0.64]},
								"west": {"uv": [9.6, 16], "uv_size": [0, 0.64]},
								"up": {"uv": [10.24, 16], "uv_size": [-0.64, 0]},
								"down": {"uv": [10.88, 16], "uv_size": [-0.64, 0]}
							}
						}
					]
				}
			],
			"item_display_transforms": {
				"thirdperson_righthand": {
					"rotation": [75, 45, 0],
					"translation": [0, 2.5, 2],
					"scale": [0.7, 0.7, 0.7],
					"rotation_pivot": [0, 0, 0],
					"scale_pivot": [0, 0, 0]
				},
				"thirdperson_lefthand": {
					"rotation": [75, 45, 0],
					"translation": [0, 2.5, 2],
					"scale": [0.7, 0.7, 0.7],
					"rotation_pivot": [0, 0, 0],
					"scale_pivot": [0, 0, 0]
				},
				"firstperson_righthand": {
					"rotation": [-180, 38.5, -180],
					"translation": [-2.25, 5.75, 3.75],
					"scale": [0.4, 0.4, 0.4],
					"rotation_pivot": [0, 0, 0],
					"scale_pivot": [0, 0, 0]
				},
				"firstperson_lefthand": {
					"rotation": [-180, 38.5, -180],
					"translation": [-2.25, 5.75, 3.75],
					"scale": [0.4, 0.4, 0.4],
					"rotation_pivot": [0, 0, 0],
					"scale_pivot": [0, 0, 0]
				},
				"ground": {
					"rotation": [0, 0, 0],
					"translation": [0, 3, 0],
					"scale": [0.25, 0.25, 0.25],
					"rotation_pivot": [0, 0, 0],
					"scale_pivot": [0, 0, 0]
				},
				"gui": {
					"rotation": [30, 135, 0],
					"translation": [0, 1.75, 0],
					"scale": [0.8, 0.8, 0.8],
					"rotation_pivot": [0, 0, 0],
					"scale_pivot": [0, 0, 0],
					"fit_to_frame": false
				},
				"head": {
					"rotation": [0, 0, 0],
					"translation": [0, 14.25, 0],
					"scale": [1, 1, 1],
					"rotation_pivot": [0, 0, 0],
					"scale_pivot": [0, 0, 0]
				},
				"fixed": {
					"rotation": [0, 0, 0],
					"translation": [0, 0, -4],
					"scale": [1, 1, 1],
					"rotation_pivot": [0, 0, 0],
					"scale_pivot": [0, 0, 0]
				}
			}
		}
	]
}