{
	"format_version": "1.21.20",
	"minecraft:geometry": [
		{
			"description": {
				"identifier": "geometry.freddy_plush",
				"texture_width": 100,
				"texture_height": 100,
				"visible_bounds_width": 3,
				"visible_bounds_height": 2.5,
				"visible_bounds_offset": [0, 0.75, 0]
			},
			"bones": [
				{
					"name": "Plush",
					"pivot": [0, 3, 2.5],
					"cubes": [
						{"origin": [-3, 0, 0], "size": [6, 6, 5], "inflate": -0.01, "uv": [33, 35]}
					]
				},
				{
					"name": "LegL",
					"parent": "Plush",
					"pivot": [-1.5, 1.5, 3],
					"cubes": [
						{"origin": [-3, 0, -3], "size": [3, 3, 6], "pivot": [-1.5, 1.5, 3], "rotation": [0, 12.5, 0], "uv": [56, 35]}
					]
				},
				{
					"name": "LegR",
					"parent": "Plush",
					"pivot": [1.5, 1.5, 3],
					"cubes": [
						{"origin": [0, 0, -3], "size": [3, 3, 6], "pivot": [1.5, 1.5, 3], "rotation": [0, -12.5, 0], "uv": [56, 35], "mirror": true}
					]
				},
				{
					"name": "armR",
					"parent": "Plush",
					"pivot": [2.5, 4.5, 3],
					"cubes": [
						{"origin": [1, 3, -1], "size": [3, 3, 5], "pivot": [2.5, 4.5, 3], "rotation": [0, -72.5, 17.5], "uv": [57, 36], "mirror": true}
					]
				},
				{
					"name": "armL",
					"parent": "Plush",
					"pivot": [-2.5, 4.5, 3],
					"cubes": [
						{"origin": [-4, 3, -1], "size": [3, 3, 5], "pivot": [-2.5, 4.5, 3], "rotation": [0, 72.5, -17.5], "uv": [57, 36]}
					]
				},
				{
					"name": "tie",
					"parent": "Plush",
					"pivot": [0, 5, 0],
					"cubes": [
						{"origin": [-3, 3.8, -0.3], "size": [6, 2, 0], "pivot": [0, 5, 0], "rotation": [-10, 0, 0], "uv": [0, 0]}
					]
				},
				{
					"name": "head",
					"parent": "Plush",
					"pivot": [0.01086, 5.77766, 2.73327],
					"cubes": [
						{"origin": [-2, 12.7, 1], "size": [4, 1, 4], "uv": [15, 5]},
						{"origin": [-2.5, 9.2, 0], "size": [2, 2, 2], "uv": [54, 20], "mirror": true},
						{"origin": [-2.5, 9.1, 0], "size": [2, 2, 2], "inflate": 0.01, "uv": [70, 20], "mirror": true},
						{"origin": [0.5, 9.2, 0], "size": [2, 2, 2], "uv": [62, 20]},
						{"origin": [-2.5, 9.2, 0], "size": [2, 2, 2], "inflate": -0.01, "uv": [62, 20], "mirror": true},
						{"origin": [0.5, 9.1, 0], "size": [2, 2, 2], "uv": [70, 20]},
						{"origin": [0.5, 11.3, 0.4], "size": [2, 1, 0], "pivot": [1.5, 12.3, 0.4], "rotation": [-45, 0, 0], "uv": [22, 14], "mirror": true},
						{"origin": [-2.5, 11.3, 0.4], "size": [2, 1, 0], "pivot": [-1.5, 12.3, 0.4], "rotation": [-45, 0, 0], "uv": [22, 14]},
						{"origin": [-5, 10.2, 2.5], "size": [3, 3, 1], "pivot": [-3, 11.3, 3], "rotation": [-0.47078, 0.05082, 7.48485], "uv": [62, 7], "mirror": true},
						{"origin": [-1.5, 13.7, 1.5], "size": [3, 2, 3], "uv": [17, 0]},
						{"origin": [2, 10.2, 2.5], "size": [3, 3, 1], "pivot": [3, 12.3, 3], "rotation": [-0.47078, -0.05082, -7.48485], "uv": [62, 7]},
						{"origin": [2.5, 10.2, 2.5], "size": [3, 3, 0], "pivot": [3, 12.3, 3], "rotation": [-0.47078, -0.05082, -7.48485], "uv": [71, 8]},
						{"origin": [-5.5, 10.2, 2.5], "size": [3, 3, 0], "pivot": [-3, 12.3, 3], "rotation": [-0.47078, 0.05082, 7.48485], "uv": [71, 8], "mirror": true},
						{"origin": [-3, 7, -1.5], "size": [6, 2, 2], "inflate": 0.2, "uv": [36, 21]},
						{"origin": [-3, 6.9, -1.5], "size": [6, 2, 2], "uv": [20, 21]},
						{"origin": [-1, 8.4, -1.7], "size": [2, 1, 2], "uv": [11, 22]},
						{"origin": [-3, 9.7, 0.5], "size": [6, 3, 5], "uv": [32, 1]},
						{"origin": [-4, 6.7, 0.5], "size": [8, 3, 6], "uv": [29, 11]}
					]
				},
				{
					"name": "bone",
					"parent": "head",
					"pivot": [0, 6.5, 5],
					"cubes": [
						{"origin": [-3, 5.5, -1.5], "size": [6, 2, 7], "uv": [31, 26]},
						{"origin": [-3, 5.9, -1.5], "size": [6, 2, 7], "inflate": -0.01, "uv": [4, 26]}
					]
				}
			],
			"item_display_transforms": {
				"thirdperson_righthand": {
					"rotation": [75, 45, 0],
					"translation": [0, 2.5, 2],
					"scale": [0.7, 0.7, 0.7],
					"rotation_pivot": [0, 0, 0],
					"scale_pivot": [0, 0, 0]
				},
				"thirdperson_lefthand": {
					"rotation": [75, 45, 0],
					"translation": [0, 2.5, 2],
					"scale": [0.7, 0.7, 0.7],
					"rotation_pivot": [0, 0, 0],
					"scale_pivot": [0, 0, 0]
				},
				"firstperson_righthand": {
					"rotation": [-180, 38.5, -180],
					"translation": [-2.25, 5.75, 3.75],
					"scale": [0.4, 0.4, 0.4],
					"rotation_pivot": [0, 0, 0],
					"scale_pivot": [0, 0, 0]
				},
				"firstperson_lefthand": {
					"rotation": [-180, 38.5, -180],
					"translation": [-2.25, 5.75, 3.75],
					"scale": [0.4, 0.4, 0.4],
					"rotation_pivot": [0, 0, 0],
					"scale_pivot": [0, 0, 0]
				},
				"ground": {
					"rotation": [0, 0, 0],
					"translation": [0, 3, 0],
					"scale": [0.25, 0.25, 0.25],
					"rotation_pivot": [0, 0, 0],
					"scale_pivot": [0, 0, 0]
				},
				"gui": {
					"rotation": [30, 135, 0],
					"translation": [0, 1.75, 0],
					"scale": [0.8, 0.8, 0.8],
					"rotation_pivot": [0, 0, 0],
					"scale_pivot": [0, 0, 0],
					"fit_to_frame": true
				},
				"head": {
					"rotation": [0, 0, 0],
					"translation": [0, 14.25, 0],
					"scale": [1, 1, 1],
					"rotation_pivot": [0, 0, 0],
					"scale_pivot": [0, 0, 0]
				},
				"fixed": {
					"rotation": [0, 0, 0],
					"translation": [0, 0, -4],
					"scale": [1, 1, 1],
					"rotation_pivot": [0, 0, 0],
					"scale_pivot": [0, 0, 0]
				}
			}
		}
	]
}