{
	"format_version": "1.21.30",
	"minecraft:block": {
		"description": {
			"identifier": "fr:pirate_cove_sign",
			"menu_category": {
				"category": "construction"
			},
			"traits": {
				"minecraft:placement_direction": {
					"enabled_states": [
						"minecraft:cardinal_direction"
					]
				}
			}
		},
		"components": {
			"minecraft:collision_box": {
				"origin": [-1, 0, -1],
				"size": [2, 16, 2]
			},
			"minecraft:selection_box": {
				"origin": [-1, 0, -1],
				"size": [2, 16, 2]
			},
			"minecraft:geometry": {
				"identifier": "geometry.pirate_cove_sign"
			},
			"minecraft:material_instances": {
				"*": {
					"texture": "pirate_cove_sign",
					"render_method": "alpha_test"
				}
			},
			"minecraft:tick": {
				"interval_range": [
					10,
					30
				],
				"looping": true
			}
		},
		"permutations": [
			{
				"condition": "q.block_state('minecraft:cardinal_direction') == 'north'",
				"components": {
					"minecraft:transformation": {
						"rotation": [
							0,
							180,
							0
						]
					}
				}
			},
			{
				"condition": "q.block_state('minecraft:cardinal_direction') == 'west'",
				"components": {
					"minecraft:transformation": {
						"rotation": [
							0,
							-90,
							0
						]
					}
				}
			},
			{
				"condition": "q.block_state('minecraft:cardinal_direction') == 'south'",
				"components": {
					"minecraft:transformation": {
						"rotation": [
							0,
							0,
							0
						]
					}
				}
			},
			{
				"condition": "q.block_state('minecraft:cardinal_direction') == 'east'",
				"components": {
					"minecraft:transformation": {
						"rotation": [
							0,
							90,
							0
						]
					}
				}
			}
		]
	}
}