{
	"format_version": "1.21.30",
	"minecraft:block": {
		"description": {
			"identifier": "fr:pirate_cove_light",
			"menu_category": {
				"category": "construction"
			},
			"states": {
				"fr:lit": [false, true]
			},
			"traits": {
				"minecraft:placement_direction": {
					"enabled_states": [
						"minecraft:cardinal_direction"
					]
				}
			}
		},
		"components": {
			"minecraft:collision_box": false,
			"minecraft:selection_box": {
				"origin": [-3, 0, -3],
				"size": [6, 6, 6]
			},
			"minecraft:geometry": {
				"identifier": "geometry.pirate_cove_light"
			},
			"minecraft:material_instances": {
				"*": {
					"texture": "pirate_cove_light",
					"render_method": "alpha_test"
				}
			}
		},
		"permutations": [
			{
				"condition": "q.block_state('minecraft:cardinal_direction') == 'north'",
				"components": {
					"minecraft:transformation": {
						"rotation": [0, 180, 0]
					}
				}
			},
			{
				"condition": "q.block_state('minecraft:cardinal_direction') == 'west'",
				"components": {
					"minecraft:transformation": {
						"rotation": [0, -90, 0]
					}
				}
			},
			{
				"condition": "q.block_state('minecraft:cardinal_direction') == 'south'",
				"components": {
					"minecraft:transformation": {
						"rotation": [0, 0, 0]
					}
				}
			},
			{
				"condition": "q.block_state('minecraft:cardinal_direction') == 'east'",
				"components": {
					"minecraft:transformation": {
						"rotation": [0, 90, 0]
					}
				}
			},
			{
				"condition": "q.block_state('fr:lit') == false",
				"components": {
					"minecraft:material_instances": {
						"*": {
							"texture": "pirate_cove_light",
							"render_method": "alpha_test"
						}
					}
				}
			},
			{
				"condition": "q.block_state('fr:lit') == true",
				"components": {
					"minecraft:material_instances": {
						"*": {
							"texture": "pirate_cove_light",
							"render_method": "alpha_test",
							"ambient_occlusion": false,
							"emissive": true,
							"face_dimming": false
						}
					},
					"minecraft:light_emission": 14
				}
			}
		]
	}
}
