{
	"format_version": "1.10.0",
	"minecraft:client_entity": {
		"description": {
			"identifier": "fr:fnaf1_bonnie_entity",
			"min_engine_version": "1.8.0",
			"materials": {
				"default": "skeleton",
				"fr_b": "slime_outer"
			},
			"textures": {
				"default": "textures/entity/reworked/fnaf1/bonnie_the_rabbit_bowtie",
				"fr_b": "textures/entity/reworked/fnaf1/bonnie_the_rabbit_bowtie"
			},
			"spawn_egg": {
				"texture": "bonnie_the_rabbit"
			},
			"animations": {
				"look_at_target": "animation.common.look_at_target",
				"default": "animation.bonnie_the_rabbit.base",
				"default_bloody": "animation.bonnie_the_rabbit.base_with_blood",
				"walk": "animation.bonnie_walk",
				"walk_bloody": "animation.bonnie_walk_with_blood",
				"run": "animation.bonnie_walk",
				"run_bloody": "animation.bonnie_walk_with_blood",
				"idle": "animation.nonnie_the_rabbit_idle1_noguitar",
				"idle_bloody": "animation.nonnie_the_rabbit_idle1_noguitar_with_blood",
				"attack": "animation.bonnie_punch_and_bite_jumpscare",
				"base": "controller.animation.fnaf1_bonnie.base",
				"movement_controller": "controller.animation.fnaf1_bonnie.movement"
			},
			"scripts": {
				"animate": [
					"base",
					"movement_controller"
				]
			},
			"geometry": {
				"default": "geometry.bonnie_the_rabbit",
				"fr_b": "geometry.bonnie_the_rabbit_blood"
			},
			"render_controllers": [
				"controller.render.fr_render_vars",
				"controller.render.fr_bonnie_vars"
			],
			"enable_attachables": false
		}
	}
}