{
  "format_version": "1.20.80",
  "minecraft:client_entity": {
    "description": {
      "identifier": "fr:editor_dummy",
      "materials": { "default": "entity_alphatest" },
      "textures": { "default": "textures/fr_ui/placeholder_icon" },
      "geometry": { "default": "geometry.fr_editor_dummy" },
      "render_controllers": [ "controller.render.fr_editor_dummy" ],
      "animations": {
        "idle": "animation.fr_editor_dummy.idle",
        "anim_a": "animation.fr_editor_dummy.anim_a",
        "anim_b": "animation.fr_editor_dummy.anim_b",
        "default": "controller.animation.fr_editor_dummy"
      }
    }
  }
}
