{
	"format_version": "1.10.0",
	"minecraft:client_entity": {
		"description": {
			"identifier": "fr:endo_01",
			"min_engine_version": "1.8.0",
			"materials": {
				"default": "enderman"
			},
			"textures": {
				"default": "textures/entity/reworked/fnaf1/endo_01"
			},
			"spawn_egg": {
				"texture": "endo"
			},
			"animations": {
				"default_pose": "animation.endo_stand",
				"no_pose": "animation.endo_wave",
				"solemn_pose": "animation.endo_reach",
				"athena_pose": "animation.endo_floor_sit",
				"brandish_pose": "animation.endo_sit",
				"honor_pose": "animation.endo_sit_stare",
				"entertain_pose": "animation.endo_lay",
				"salute_pose": "animation.endo_dismantled",
				"riposte_pose": "animation.endo_wave",
				"zombie_pose": "animation.endo_reach",
				"cancan_a_pose": "animation.endo_floor_sit",
				"cancan_b_pose": "animation.endo_sit",
				"hero_pose": "animation.endo_sit_stare",
				"wiggle": "animation.endo_lay",
				"controller.pose": "controller.animation.armor_stand.pose",
				"controller.wiggling": "controller.animation.armor_stand.wiggle"
			},
			"scripts": {
				"initialize": [
					"variable.armor_stand.pose_index = 0;",
					"variable.armor_stand.hurt_time = 0;"
				],
				"animate": [
					"controller.pose",
					"controller.wiggling"
				]
			},
			"geometry": {
				"default": "geometry.endo_skeleton_01"
			},
			"render_controllers": [
				"controller.render.armor_stand"
			],
			"enable_attachables": false
		}
	}
}