{
	"format_version": "1.10.0",
	"minecraft:client_entity": {
		"description": {
			"identifier": "fr:fnaf1_freddy_entity",
			"min_engine_version": "1.8.0",
			"materials": {
				"default": "skeleton",
				"fr_b": "slime_outer"
			},
			"textures": {
				"default": "textures/entity/reworked/fnaf1/freddy_fazbear_bowtie",
				"fr_b": "textures/entity/reworked/fnaf1/freddy_fazbear_bowtie"
			},
			"spawn_egg": {
				"texture": "freddy_fazbear"
			},
			"animations": {
				"look_at_target": "animation.common.look_at_target",
				"default": "animation.fr_freddy_fazbear.base",
				"default_bloody": "animation.fr_freddy_fazbear.base",
				"walk": "animation.freddy_walk",
				"walk_bloody": "animation.freddy_walk_blood",
				"run": "animation.freddy_walk",
				"run_bloody": "animation.freddy_walk_blood",
				"idle": "animation.freddy_idle_no_mic",
				"idle_bloody": "animation.freddy_idle_no_mic_blood",
				"attack": "animation.freddy_jumpscare",
				"base": "controller.animation.fnaf1_freddy.base",
				"movement_controller": "controller.animation.fnaf1_freddy.movement"
			},
			"scripts": {
				"animate": [
					"base",
					"movement_controller"
				]
			},
			"geometry": {
				"default": "geometry.fr_freddy_fazbear",
				"fr_b": "geometry.fr_freddy_fazbear_blood"
			},
			"render_controllers": [
				"controller.render.fr_render_vars",
				"controller.render.fr_bonnie_vars"
			],
			"enable_attachables": false
		}
	}
}