{
	"format_version": "1.10.0",
	"minecraft:client_entity": {
		"description": {
			"identifier": "fr:sparky_the_dog",
			"min_engine_version": "1.8.0",
			"materials": {
				"default": "enderman"
			},
			"textures": {
				"default": "textures/entity/reworked/fnaf1/sparky_the_dog"
			},
			"spawn_egg": {
				"texture": "sparky_the_dog"
			},
			"animations": {
				"default_pose": "animation.sparky_stand",
				"no_pose": "animation.sparky_floor_sit",
				"solemn_pose": "animation.sparky_hoax_pose",
				"athena_pose": "animation.sparky_eat_bone",
				"brandish_pose": "animation.sparky_floor_sit",
				"honor_pose": "animation.sparky_table_sit",
				"entertain_pose": "animation.sparky_lay",
				"salute_pose": "animation.sparky_dismantled",
				"riposte_pose": "animation.sparky_stand",
				"zombie_pose": "animation.sparky_hoax_pose",
				"cancan_a_pose": "animation.sparky_eat_bone",
				"cancan_b_pose": "animation.sparky_floor_sit",
				"hero_pose": "animation.sparky_table_sit",
				"wiggle": "animation.sparky_lay",
				"controller.pose": "controller.animation.armor_stand.pose",
				"controller.wiggling": "controller.animation.armor_stand.wiggle"
			},
			"scripts": {
				"initialize": [
					"variable.armor_stand.pose_index = 0;",
					"variable.armor_stand.hurt_time = 0;"
				],
				"animate": [
					"controller.pose",
					"controller.wiggling"
				]
			},
			"geometry": {
				"default": "geometry.sparky_the_dog"
			},
			"render_controllers": [
				"controller.render.armor_stand"
			],
			"enable_attachables": false
		}
	}
}