{
	"format_version": "1.10.0",
	"minecraft:client_entity": {
		"description": {
			"identifier": "fr:stage_spotlight_vfx",
			"min_engine_version": "1.8.0",
			"materials": {
				"default": "fr_light_vfx"
			},
			"textures": {
				"default": "textures/vfx/yellow_spotlight_effect"
			},
			"animations": {
				"default_pose": "animation.office_lamp_vfx.camera",
				"no_pose": "animation.office_lamp_vfx.camera",
				"solemn_pose": "animation.office_lamp_vfx.camera",
				"athena_pose": "animation.office_lamp_vfx.camera",
				"brandish_pose": "animation.office_lamp_vfx.camera",
				"honor_pose": "animation.office_lamp_vfx.camera",
				"entertain_pose": "animation.office_lamp_vfx.camera",
				"salute_pose": "animation.office_lamp_vfx.camera",
				"riposte_pose": "animation.office_lamp_vfx.camera",
				"zombie_pose": "animation.office_lamp_vfx.camera",
				"cancan_a_pose": "animation.office_lamp_vfx.camera",
				"cancan_b_pose": "animation.office_lamp_vfx.camera",
				"hero_pose": "animation.office_lamp_vfx.camera",
				"wiggle": "animation.office_lamp_vfx.camera",
				"controller.pose": "controller.animation.armor_stand.pose",
				"controller.wiggling": "controller.animation.armor_stand.wiggle"
			},
			"geometry": {
				"default": "geometry.spotlight_vfx"
			},
			"render_controllers": [
				"controller.render.office_lamp_vfx"
			],
			"scripts": {
				"initialize": [
					"variable.armor_stand.pose_index = 0;",
					"variable.armor_stand.hurt_time = 0;"
				],
				"animate": [
					"controller.pose",
					"controller.wiggling"
				]
			}
		}
	}
}