{
	"format_version": "1.10.0",
	"particle_effect": {
		"description": {
			"identifier": "fr:attack_blood_stain",
			"basic_render_parameters": {
				"material": "particles_blend",
				"texture": "textures/particles/water_splash"
			}
		},
		"components": {
			"minecraft:emitter_local_space": {
				"position": true,
				"rotation": true
			},
			"minecraft:emitter_rate_manual": {
				"max_particles": 300
			},
			"minecraft:emitter_lifetime_expression": {
				"activation_expression": 1
			},
			"minecraft:emitter_shape_point": {
				"offset": [0, 0.05, 0]
			},
			"minecraft:particle_lifetime_expression": {
				"max_lifetime": 5.5
			},
			"minecraft:particle_expire_if_not_in_blocks": ["minecraft:air"],
			"minecraft:particle_initial_speed": 0,
			"minecraft:particle_motion_dynamic": {},
			"minecraft:particle_appearance_billboard": {
				"size": [0.25, 0.25],
				"facing_camera_mode": "direction_y",
				"direction": {
					"mode": "custom",
					"custom_direction": [0, 0, -1]
				},
				"uv": {
					"texture_width": 128,
					"texture_height": 128,
					"uv": ["0+Math.Round(variable.particle_random_1*3.0)*8", 24],
					"uv_size": [8, 8]
				}
			},
			"minecraft:particle_motion_collision": {
				"collision_drag": 10,
				"coefficient_of_restitution": 0.1,
				"collision_radius": 0.01
			},
			"minecraft:particle_appearance_lighting": {},
			"minecraft:particle_appearance_tinting": {
				"color": {
					"interpolant": "v.particle_age / v.particle_lifetime",
					"gradient": {
						"0.0": "#FF6D1612",
						"0.76": "#FF6D1612",
						"1.0": "#006D1612"
					}
				}
			}
		}
	}
}