{
	"format_version": "1.10.0",
	"particle_effect": {
		"description": {
			"identifier": "fr:attack_blood_drip_final",
			"basic_render_parameters": {
				"material": "particles_alpha",
				"texture": "textures/particles/water_splash"
			}
		},
		"events": {
			"splash2": {
				"particle_effect": {
					"effect": "fr:attack_blood_stain",
					"type": "particle"
				},
				"sound_effect": {
					"event_name": "drip.water.pointed_dripstone"
				}
			},
			"splash": {
				"particle_effect": {
					"effect": "fr:attack_blood_splash",
					"type": "particle"
				},
				"sound_effect": {
					"event_name": "drip.water.pointed_dripstone"
				}
			},
			"splash3": {
				"particle_effect": {
					"effect": "fr:attack_blood_splash",
					"type": "particle"
				}
			},
			"splash4": {
				"particle_effect": {
					"effect": "fr:attack_blood_splash",
					"type": "particle"
				}
			}
		},
		"components": {
			"minecraft:emitter_rate_instant": {
				"num_particles": 30
			},
			"minecraft:emitter_lifetime_once": {
				"active_time": 1
			},
			"minecraft:emitter_shape_sphere": {
				"offset": [0, 0.5, 0],
				"radius": 0.8,
				"direction": "outwards"
			},
			"minecraft:particle_initialization": {
				"per_update_expression": "variable.stuck_time = 2.0;",
				"per_render_expression": "variable.stuck_time = 2.0;"
			},
			"minecraft:particle_lifetime_expression": {
				"max_lifetime": 5
			},
			"minecraft:particle_initial_speed": 2,
			"minecraft:particle_motion_dynamic": {
				"linear_acceleration": [0, -10, 0],
				"linear_drag_coefficient": 0.1
			},
			"minecraft:particle_appearance_billboard": {
				"size": [0.15, 0.15],
				"facing_camera_mode": "lookat_xyz",
				"uv": {
					"texture_width": 128,
					"texture_height": 128,
					"uv": [8, 56],
					"uv_size": [8, 8]
				}
			},
			"minecraft:particle_motion_collision": {
				"collision_drag": 1,
				"coefficient_of_restitution": 0.3,
				"collision_radius": 0.01,
				"expire_on_contact": true,
				"events": [
					{
						"event": "splash",
						"min_speed": 0.5
					},
					{
						"event": "splash2",
						"min_speed": 0.3
					},
					{
						"event": "splash3",
						"min_speed": 0.5
					},
					{
						"event": "splash4",
						"min_speed": 0.5
					}
				]
			},
			"minecraft:particle_appearance_lighting": {},
			"minecraft:particle_appearance_tinting": {
				"color": [0.42745, 0.08627, 0.07059, 1]
			}
		}
	}
}