{
	"format_version": "1.21.100",
	"minecraft:item": {
		"description": {
			"identifier": "fr:red_party_door_block",
			"menu_category": {
				"category": "construction",
				"group": "minecraft:itemGroup.name.door"
			}
		},
		"components": {
			"minecraft:max_stack_size": 64,
			"minecraft:icon": {
				"textures": {
					"default": "red_party_door"
				}
			},
            		"minecraft:block_placer": {
				"block": "fr:red_party_door_block",
				"replace_block_item": true
            		}
		}
	}
}