{
	"format_version": "1.20.80",
	"minecraft:block": {
		"description": {
			"identifier": "fr:big_speaker",
			"menu_category": {
				"category": "construction"
			},
			"traits": {
				"minecraft:placement_position": {
					"enabled_states": [
						"minecraft:block_face"
					]
				}
			},
			"states": {
				"fr:rotation": {
					"values": {
						"min": 0,
						"max": 15
					}
				}
			}
		},
		"components": {
			"minecraft:collision_box": {
	"origin": [-4.5, 0, -4.5],
	"size": [9, 15, 9]
			},
			"minecraft:selection_box": {
	"origin": [-4.5, 0, -4.5],
	"size": [9, 15, 9]
			},
			"minecraft:geometry": {
				"identifier": "geometry.big_speaker",
				"bone_visibility": {
					"up_0": "q.block_state('minecraft:block_face') == 'up' && !math.mod(q.block_state('fr:rotation'), 4)",
					"up_22_5": "q.block_state('minecraft:block_face') == 'up' && !math.mod(q.block_state('fr:rotation') - 1, 4)",
					"up_45": "q.block_state('minecraft:block_face') == 'up' && !math.mod(q.block_state('fr:rotation') - 2, 4)",
					"up_67_5": "q.block_state('minecraft:block_face') == 'up' && !math.mod(q.block_state('fr:rotation') - 3, 4)",
					"side": "q.block_state('minecraft:block_face') != 'up'"
				}
			},
			"minecraft:material_instances": {
				"*": {
					"texture": "speaker",
					"render_method": "alpha_test"
				}
			},
			"minecraft:placement_filter": {
				"conditions": [
					{
						"allowed_faces": [
							"up",
							"side"
						]
					}
				]
			},
            "fr:precise_rotation": {}

		},
		"permutations": [
			{
				"condition": "q.block_state('fr:rotation') >= 4 || q.block_state('minecraft:block_face') == 'east'",
				"components": {
					"minecraft:transformation": {
						"rotation": [
							0,
							-90,
							0
						]
					}
				}
			},
			{
				"condition": "q.block_state('fr:rotation') >= 8 || q.block_state('minecraft:block_face') == 'south'",
				"components": {
					"minecraft:transformation": {
						"rotation": [
							0,
							180,
							0
						]
					}
				}
			},
			{
				"condition": "q.block_state('fr:rotation') >= 12 || q.block_state('minecraft:block_face') == 'west'",
				"components": {
					"minecraft:transformation": {
						"rotation": [
							0,
							90,
							0
						]
					}
				}
			},
			{
				"condition": "q.block_state('minecraft:block_face') != 'up'",
				"components": {
					"minecraft:collision_box": {
						"origin": [
							-4,
							0,
							-2
						],
						"size": [
							7,
							13,
							6
						]
					},
					"minecraft:selection_box": {
						"origin": [
							-4,
							0,
							-2
						],
						"size": [
							7,
							13,
							6
						]
					}
				}
			}
		]
	}
}