{
	"format_version": "1.21.30",
	"minecraft:block": {
		"description": {
			"identifier": "fr:backstage_shelf_bonnie_head",
			"menu_category": {
				"category": "construction"
			},
			"traits": {
				"minecraft:placement_direction": {
					"enabled_states": [
						"minecraft:cardinal_direction"
					]
				}
			},
			"states": {
				"fr:variants": {
					"values": {
						"min": 0,
						"max": 1
					}
				}
			}
		},
		"components": {
			"minecraft:collision_box": {
				"origin": [-8, 14, -5],
				"size": [16, 2, 13]
			},
			"minecraft:selection_box": {
				"origin": [-8, 14, -5],
				"size": [16, 2, 13]
			},
			"minecraft:geometry": {
				"identifier": "geometry.backstage_shelf_bonnie_head"
			},
			"minecraft:material_instances": {
				"*": {
					"texture": "bonnie_backstage",
					"render_method": "alpha_test"
				}
			},
			"fr:backstage_shelf_head_remover": {}
		},
		"permutations": [
			{
				"condition": "q.block_state('minecraft:cardinal_direction') == 'north'",
				"components": {
					"minecraft:transformation": {
						"rotation": [
							0,
							180,
							0
						]
					}
				}
			},
			{
				"condition": "q.block_state('minecraft:cardinal_direction') == 'west'",
				"components": {
					"minecraft:transformation": {
						"rotation": [
							0,
							-90,
							0
						]
					}
				}
			},
			{
				"condition": "q.block_state('minecraft:cardinal_direction') == 'south'",
				"components": {
					"minecraft:transformation": {
						"rotation": [
							0,
							0,
							0
						]
					}
				}
			},
			{
				"condition": "q.block_state('minecraft:cardinal_direction') == 'east'",
				"components": {
					"minecraft:transformation": {
						"rotation": [
							0,
							90,
							0
						]
					}
				}
			},	
			{
				"condition": "q.block_state('fr:variants') == 0",
				"components": {
					"minecraft:geometry": {
						"identifier": "geometry.backstage_shelf_bonnie_head"
					}
				}
			},
			{
				"condition": "q.block_state('fr:variants') == 1",
				"components": {
					"minecraft:geometry": {
						"identifier": "geometry.backstage_shelf_bonnie_head_pupils"
					},
					"minecraft:material_instances": {
						"*": {
							"texture": "bonnie_backstage_pupils",
							"render_method": "alpha_test"
						}
					}
				}
			}
		]
	}
}