{
	"format_version": "1.21.30",
	"minecraft:block": {
		"description": {
			"identifier": "fr:backstage_shelf",
			"menu_category": {
				"category": "construction"
			},
			"traits": {
				"minecraft:placement_direction": {
					"enabled_states": [
						"minecraft:cardinal_direction"
					]
				}
			}
		},
		"components": {
			"minecraft:collision_box": {
				"origin": [-8, 14, -5],
				"size": [16, 2, 13]
			},
			"minecraft:selection_box": {
				"origin": [-8, 14, -5],
				"size": [16, 2, 13]
			},
			"minecraft:geometry": {
				"identifier": "geometry.backstage_shelf"
			},
			"minecraft:material_instances": {
				"*": {
					"texture": "backstage_shelf",
					"render_method": "alpha_test"
				}
			},
			"fr:backstage_shelf_head_placer": {}
		},
		"permutations": [
			{
				"condition": "q.block_state('minecraft:cardinal_direction') == 'north'",
				"components": {
					"minecraft:transformation": {
						"rotation": [
							0,
							180,
							0
						]
					}
				}
			},
			{
				"condition": "q.block_state('minecraft:cardinal_direction') == 'west'",
				"components": {
					"minecraft:transformation": {
						"rotation": [
							0,
							-90,
							0
						]
					}
				}
			},
			{
				"condition": "q.block_state('minecraft:cardinal_direction') == 'south'",
				"components": {
					"minecraft:transformation": {
						"rotation": [
							0,
							0,
							0
						]
					}
				}
			},
			{
				"condition": "q.block_state('minecraft:cardinal_direction') == 'east'",
				"components": {
					"minecraft:transformation": {
						"rotation": [
							0,
							90,
							0
						]
					}
				}
			}
		]
	}
}