{
	"format_version": "1.12.0",
	"minecraft:geometry": [
		{
			"description": {
				"identifier": "geometry.bonnie_poster",
				"texture_width": 64,
				"texture_height": 64,
				"visible_bounds_width": 2,
				"visible_bounds_height": 2.5,
				"visible_bounds_offset": [0, 0.75, 0]
			},
			"bones": [
				{
					"name": "poster",
					"pivot": [0, -2, 0],
					"cubes": [
						{
							"origin": [-8, -2, 7.9],
							"size": [16, 21, 0],
							"uv": {
								"north": {"uv": [0, 0], "uv_size": [16, 21]}
							}
						}
					]
				},
				{
					"name": "bb_main",
					"pivot": [0, 0, 0],
					"cubes": [
						{
							"origin": [-1, 0, -1],
							"size": [2, 2, 2],
							"uv": {
								"north": {"uv": [55, 2], "uv_size": [2, 2]},
								"east": {"uv": [53, 2], "uv_size": [2, 2]},
								"south": {"uv": [57, 2], "uv_size": [2, 2]},
								"west": {"uv": [59, 2], "uv_size": [2, 2]},
								"up": {"uv": [57, 2], "uv_size": [-2, -2]},
								"down": {"uv": [59, 2], "uv_size": [-2, -2]}
							}
						}
					]
				}
			]
		}
	]
}