{
	"format_version": "1.8.0",
	"minecraft:attachable": {
		"description": {
			"identifier": "fr:faz_diver_with_item",
			"materials": {
				"default": "armor",
				"enchanted": "armor"
			},
			"textures": {
				"default": "textures/models/reworked/faz-diver/faz_diver_off",
				"enchanted": "textures/misc/enchanted_item_glint"
			},
			"geometry": {
				"default": "geometry.faz_diver_with_item"
			},
			"scripts": {
				"parent_setup": "variable.chest_layer_visible = 0.0;"
			},
			"render_controllers": [
				"controller.render.armor"
			]
		}
	}
}