{
	"format_version": "1.10.0",
	"minecraft:attachable": {
		"description": {
			"identifier": "fr:faz-diver_repairman",
			"render_controllers": [
				"controller.render.item_default"
			],
			"materials": {
				"default": "entity_alphatest",
				"enchanted": "entity_alphatest_glint"
			},
			"textures": {
				"default": "textures/models/reworked/faz-diver/faz_diver_repairman",
				"enchanted": "textures/misc/enchanted_item_glint"
			},
			"geometry": {
				"default": "geometry.faz-diver"
			},
			"animations": {
				"first_person_hold": "animation.faz-diver.first_person_hold",
				"third_person_hold": "animation.faz-diver.third_person_hold"
			},
			"scripts": {
				"animate": [
					{
						"first_person_hold": "c.is_first_person"
					},
					{
						"third_person_hold": "!c.is_first_person"
					},
					{
						"third_person_hold": "!c.is_first_person && query.is_using_item"
					}
				]
			}
		}
	}
}