{
	"format_version": "1.12.0",
	"minecraft:geometry": [
		{
			"description": {
				"identifier": "geometry.animatronic_work_table",
				"texture_width": 144,
				"texture_height": 144,
				"visible_bounds_width": 4,
				"visible_bounds_height": 3.5,
				"visible_bounds_offset": [0, 1.25, 0]
			},
			"bones": [
				{
					"name": "worktable",
					"pivot": [-7.83333, 10, 0.5]
				},
				{
					"name": "center",
					"parent": "worktable",
					"pivot": [0, 11, 0.75],
					"cubes": [
						{
							"origin": [0, 14, -7],
							"size": [8, 2, 15],
							"uv": {
								"north": {"uv": [79, 15], "uv_size": [8, 2]},
								"east": {"uv": [56, 15], "uv_size": [15, 2]},
								"south": {"uv": [102, 15], "uv_size": [8, 2]},
								"west": {"uv": [87, 15], "uv_size": [15, 2]},
								"up": {"uv": [71, 34], "uv_size": [-8, 15]},
								"down": {"uv": [95, 15], "uv_size": [8, -15]}
							}
						},
						{
							"origin": [-8, 14, -7],
							"size": [8, 2, 15],
							"uv": {
								"north": {"uv": [71, 15], "uv_size": [8, 2]},
								"east": {"uv": [56, 15], "uv_size": [15, 2]},
								"south": {"uv": [110, 15], "uv_size": [8, 2]},
								"west": {"uv": [87, 15], "uv_size": [15, 2]},
								"up": {"uv": [75, 17], "uv_size": [8, 15]},
								"down": {"uv": [87, 15], "uv_size": [8, -15]}
							}
						},
						{
							"origin": [-8, 0, -6],
							"size": [16, 14, 14],
							"uv": {
								"north": {"uv": [14, 70], "uv_size": [12, 14]},
								"east": {"uv": [0, 70], "uv_size": [14, 14]},
								"south": {"uv": [37, 70], "uv_size": [16, 14]},
								"west": {"uv": [23, 70], "uv_size": [14, 14]},
								"up": {"uv": [14, 56], "uv_size": [12, 14]},
								"down": {"uv": [26, 70], "uv_size": [12, -14]}
							}
						},
						{
							"origin": [-8, 27, 3],
							"size": [16, 1, 5],
							"uv": {
								"north": {"uv": [101, 80], "uv_size": [14, 1]},
								"east": {"uv": [96, 80], "uv_size": [5, 1]},
								"south": {"uv": [120, 80], "uv_size": [14, 1]},
								"west": {"uv": [115, 80], "uv_size": [5, 1]},
								"up": {"uv": [101, 75], "uv_size": [14, 5]},
								"down": {"uv": [115, 80], "uv_size": [14, -5]}
							}
						},
						{
							"origin": [-8, 22, 3],
							"size": [16, 1, 5],
							"uv": {
								"north": {"uv": [101, 92], "uv_size": [14, 1]},
								"east": {"uv": [96, 92], "uv_size": [5, 1]},
								"south": {"uv": [120, 92], "uv_size": [14, 1]},
								"west": {"uv": [115, 92], "uv_size": [5, 1]},
								"up": {"uv": [101, 87], "uv_size": [14, 5]},
								"down": {"uv": [115, 92], "uv_size": [14, -5]}
							}
						}
					]
				},
				{
					"name": "center2",
					"parent": "worktable",
					"pivot": [0, 11, 0.75],
					"cubes": [
						{
							"origin": [-8, 14, -7],
							"size": [8, 2, 15],
							"uv": {
								"north": {"uv": [71, 15], "uv_size": [8, 2]},
								"east": {"uv": [72, 15], "uv_size": [15, 2]},
								"south": {"uv": [110, 15], "uv_size": [8, 2]},
								"west": {"uv": [87, 15], "uv_size": [15, 2]},
								"up": {"uv": [75, 17], "uv_size": [8, 15]},
								"down": {"uv": [87, 15], "uv_size": [8, -15]}
							}
						},
						{
							"origin": [0, 14, -7],
							"size": [8, 2, 15],
							"uv": {
								"north": {"uv": [79, 15], "uv_size": [8, 2]},
								"east": {"uv": [56, 15], "uv_size": [15, 2]},
								"south": {"uv": [102, 15], "uv_size": [8, 2]},
								"west": {"uv": [72, 15], "uv_size": [15, 2]},
								"up": {"uv": [71, 34], "uv_size": [-8, 15]},
								"down": {"uv": [95, 15], "uv_size": [8, -15]}
							}
						},
						{
							"origin": [-8, 27, 3],
							"size": [16, 1, 5],
							"uv": {
								"north": {"uv": [101, 80], "uv_size": [14, 1]},
								"east": {"uv": [96, 80], "uv_size": [5, 1]},
								"south": {"uv": [120, 80], "uv_size": [14, 1]},
								"west": {"uv": [115, 80], "uv_size": [5, 1]},
								"up": {"uv": [101, 75], "uv_size": [14, 5]},
								"down": {"uv": [115, 80], "uv_size": [14, -5]}
							}
						},
						{
							"origin": [-8, 22, 3],
							"size": [16, 1, 5],
							"uv": {
								"north": {"uv": [101, 92], "uv_size": [14, 1]},
								"east": {"uv": [96, 92], "uv_size": [5, 1]},
								"south": {"uv": [120, 92], "uv_size": [14, 1]},
								"west": {"uv": [115, 92], "uv_size": [5, 1]},
								"up": {"uv": [101, 87], "uv_size": [14, 5]},
								"down": {"uv": [115, 92], "uv_size": [14, -5]}
							}
						},
						{
							"origin": [-7, 0, -6],
							"size": [14, 14, 14],
							"uv": {
								"north": {"uv": [14, 14], "uv_size": [14, 14]},
								"east": {"uv": [0, 14], "uv_size": [14, 14]},
								"south": {"uv": [14, 42], "uv_size": [14, 14]},
								"west": {"uv": [28, 14], "uv_size": [14, 14]},
								"up": {"uv": [14, 0], "uv_size": [14, 14]},
								"down": {"uv": [28, 14], "uv_size": [14, -14]}
							}
						},
						{"origin": [-5, 2, -6], "size": [10, 12, 12], "uv": [56, 51]},
						{"origin": [-7, 16, 3], "size": [2, 12, 5], "inflate": -0.01, "uv": [38, 101]},
						{"origin": [5, 16, 3], "size": [2, 12, 5], "inflate": -0.01, "pivot": [6, 22, 5.5], "rotation": [0, 180, 0], "uv": [38, 101]},
						{"origin": [-5, 16, 3], "size": [10, 6, 4], "uv": [100, 51]}
					]
				},
				{
					"name": "right",
					"parent": "worktable",
					"pivot": [3.5, 10, 0.5],
					"cubes": [
						{"origin": [-5, 14, -7], "size": [13, 2, 15], "uv": [56, 17]},
						{
							"origin": [-4, 0, -6],
							"size": [12, 14, 14],
							"uv": {
								"north": {"uv": [14, 14], "uv_size": [12, 14]},
								"east": {"uv": [0, 14], "uv_size": [14, 14]},
								"south": {"uv": [44, 14], "uv_size": [12, 14]},
								"west": {"uv": [130, 32], "uv_size": [14, 14]},
								"up": {"uv": [14, 0], "uv_size": [12, 14]},
								"down": {"uv": [28, 14], "uv_size": [12, -14]}
							}
						},
						{"origin": [-2, 2, -6], "size": [10, 12, 12], "uv": [56, 51]},
						{"origin": [-4, 16, 3], "size": [2, 12, 5], "inflate": -0.01, "uv": [38, 101]},
						{
							"origin": [-5, 27, 3],
							"size": [13, 1, 5],
							"uv": {
								"north": {"uv": [83, 100], "uv_size": [13, 1]},
								"east": {"uv": [78, 100], "uv_size": [5, 1]},
								"south": {"uv": [103, 100], "uv_size": [13, 1]},
								"west": {"uv": [97, 100], "uv_size": [5, 1]},
								"up": {"uv": [83, 95], "uv_size": [13, 5]},
								"down": {"uv": [97, 100], "uv_size": [13, -5]}
							}
						},
						{
							"origin": [-5, 22, 3],
							"size": [13, 1, 5],
							"uv": {
								"north": {"uv": [101, 86], "uv_size": [13, 1]},
								"east": {"uv": [96, 86], "uv_size": [5, 1]},
								"south": {"uv": [121, 86], "uv_size": [13, 1]},
								"west": {"uv": [115, 86], "uv_size": [5, 1]},
								"up": {"uv": [101, 81], "uv_size": [13, 5]},
								"down": {"uv": [115, 86], "uv_size": [13, -5]}
							}
						},
						{"origin": [-2, 16, 3], "size": [10, 6, 4], "uv": [100, 51]}
					]
				},
				{
					"name": "left",
					"parent": "worktable",
					"pivot": [-3.5, 10, 0.5],
					"cubes": [
						{"origin": [-8, 14, -7], "size": [13, 2, 15], "uv": [56, 34]},
						{
							"origin": [-8, 0, -6],
							"size": [12, 14, 14],
							"uv": {
								"north": {"uv": [16, 42], "uv_size": [12, 14]},
								"east": {"uv": [0, 61], "uv_size": [14, 14]},
								"south": {"uv": [42, 42], "uv_size": [12, 14]},
								"west": {"uv": [28, 42], "uv_size": [14, 14]},
								"up": {"uv": [16, 28], "uv_size": [12, 14]},
								"down": {"uv": [30, 42], "uv_size": [12, -14]}
							}
						},
						{
							"origin": [-8, 6, -6],
							"size": [10, 8, 12],
							"uv": {
								"north": {"uv": [64, 87], "uv_size": [10, 8]},
								"east": {"uv": [52, 87], "uv_size": [12, 8]},
								"south": {"uv": [86, 87], "uv_size": [10, 8]},
								"west": {"uv": [74, 87], "uv_size": [12, 8]},
								"up": {"uv": [64, 75], "uv_size": [10, 12]},
								"down": {"uv": [74, 87], "uv_size": [10, -12]}
							}
						},
						{"origin": [2, 16, 3], "size": [2, 12, 5], "inflate": -0.01, "uv": [52, 101]},
						{
							"origin": [-8, 27, 3],
							"size": [13, 1, 5],
							"uv": {
								"north": {"uv": [46, 100], "uv_size": [13, 1]},
								"east": {"uv": [40, 100], "uv_size": [5, 1]},
								"south": {"uv": [64, 100], "uv_size": [13, 1]},
								"west": {"uv": [59, 100], "uv_size": [5, 1]},
								"up": {"uv": [46, 95], "uv_size": [13, 5]},
								"down": {"uv": [60, 100], "uv_size": [13, -5]}
							}
						},
						{
							"origin": [-8, 22, 3],
							"size": [13, 1, 5],
							"uv": {
								"north": {"uv": [6, 105], "uv_size": [13, 1]},
								"east": {"uv": [0, 105], "uv_size": [5, 1]},
								"south": {"uv": [24, 105], "uv_size": [13, 1]},
								"west": {"uv": [19, 105], "uv_size": [5, 1]},
								"up": {"uv": [6, 100], "uv_size": [13, 5]},
								"down": {"uv": [20, 105], "uv_size": [13, -5]}
							}
						},
						{"origin": [-8, 16, 3], "size": [10, 6, 4], "uv": [100, 61]},
						{"origin": [-8, 0, -5], "size": [10, 6, 10], "uv": [0, 84]}
					]
				}
			]
		}
	]
}