{
	"format_version": "1.12.0",
	"minecraft:geometry": [
		{
			"description": {
				"identifier": "geometry.arcade_stool",
				"texture_width": 32,
				"texture_height": 32,
				"visible_bounds_width": 2,
				"visible_bounds_height": 2.5,
				"visible_bounds_offset": [0, 0.75, 0]
			},
			"bones": [
				{
					"name": "stool",
					"pivot": [0, 4.4, 0],
					"cubes": [
						{
							"origin": [-6, 8, -6],
							"size": [12, 2, 12],
							"uv": {
								"north": {"uv": [12, 16], "uv_size": [12, 2]},
								"east": {"uv": [12, 18], "uv_size": [12, 2]},
								"south": {"uv": [20, 0], "uv_size": [12, 2]},
								"west": {"uv": [20, 2], "uv_size": [12, 2]},
								"up": {"uv": [0, 0], "uv_size": [12, 12]},
								"down": {"uv": [0, 24], "uv_size": [12, -12]}
							}
						},
						{
							"origin": [-1, 0, -1],
							"size": [2, 8, 2],
							"uv": {
								"north": {"uv": [20, 4], "uv_size": [2, 8]},
								"east": {"uv": [12, 20], "uv_size": [2, 8]},
								"south": {"uv": [14, 20], "uv_size": [2, 8]},
								"west": {"uv": [16, 20], "uv_size": [2, 8]},
								"up": {"uv": [20, 12], "uv_size": [2, 2]},
								"down": {"uv": [20, 16], "uv_size": [2, -2]}
							}
						},
						{
							"origin": [-4, 0.2, -4],
							"size": [8, 0, 8],
							"uv": {
								"north": {"uv": [0, 0], "uv_size": [8, 0]},
								"east": {"uv": [0, 0], "uv_size": [8, 0]},
								"south": {"uv": [0, 0], "uv_size": [8, 0]},
								"west": {"uv": [0, 0], "uv_size": [8, 0]},
								"up": {"uv": [12, 0], "uv_size": [8, 8]},
								"down": {"uv": [12, 16], "uv_size": [8, -8]}
							}
						}
					]
				}
			]
		}
	]
}