{
	"format_version": "1.12.0",
	"minecraft:geometry": [
		{
			"description": {
				"identifier": "geometry.backstage_shelf",
				"texture_width": 24,
				"texture_height": 24,
				"visible_bounds_width": 3,
				"visible_bounds_height": 3.5,
				"visible_bounds_offset": [0, 1.25, 0]
			},
			"bones": [
				{
					"name": "shelf",
					"pivot": [0, 12.13807, 2.83333],
					"cubes": [
						{
							"origin": [-8, 14, -5],
							"size": [16, 2, 13],
							"uv": {
								"north": {"uv": [0, 13], "uv_size": [16, 2]},
								"east": {"uv": [0, 17], "uv_size": [13, 2]},
								"south": {"uv": [0, 15], "uv_size": [16, 2]},
								"west": {"uv": [0, 19], "uv_size": [13, 2]},
								"up": {"uv": [0, 0], "uv_size": [16, 13]},
								"down": {"uv": [0, 13], "uv_size": [16, -13]}
							}
						},
						{
							"origin": [-5, 7, 0],
							"size": [0, 7, 7],
							"uv": {
								"east": {"uv": [16, 0], "uv_size": [7, 7]}
							}
						},
						{
							"origin": [5, 7.41421, 0],
							"size": [0, 7, 7],
							"uv": {
								"east": {"uv": [16, 0], "uv_size": [7, 7]}
							}
						}
					]
				}
			]
		}
	]
}