{
	"format_version": "1.21.0",
	"minecraft:geometry": [
		{
			"description": {
				"identifier": "geometry.backstage_shelf_bonnie_head_pupils",
				"texture_width": 64,
				"texture_height": 64,
				"visible_bounds_width": 3,
				"visible_bounds_height": 4,
				"visible_bounds_offset": [0, 1, 0]
			},
			"bones": [
				{
					"name": "bb_main",
					"pivot": [0, 0, 0],
					"cubes": [
						{
							"origin": [-1, 0, -1],
							"size": [2, 2, 2],
							"uv": {}
						}
					]
				},
				{
					"name": "shelf",
					"pivot": [0, 12.13807, 2.83333],
					"cubes": [
						{
							"origin": [-8, 14, -5],
							"size": [16, 2, 13],
							"uv": {
								"north": {"uv": [18, 28], "uv_size": [16, 2]},
								"east": {"uv": [34, 22], "uv_size": [13, 2]},
								"south": {"uv": [18, 30], "uv_size": [16, 2]},
								"west": {"uv": [34, 24], "uv_size": [13, 2]},
								"up": {"uv": [0, 0], "uv_size": [16, 13]},
								"down": {"uv": [16, 13], "uv_size": [-16, -13]}
							}
						},
						{
							"origin": [-5, 7, 0],
							"size": [0, 7, 7],
							"uv": {
								"east": {"uv": [24, 0], "uv_size": [7, 7]}
							}
						},
						{
							"origin": [5, 7.41421, 0],
							"size": [0, 7, 7],
							"uv": {
								"east": {"uv": [24, 0], "uv_size": [7, 7]}
							}
						}
					]
				},
				{
					"name": "feddy",
					"pivot": [0, 16, 0],
					"rotation": [0, 35, 0]
				},
				{
					"name": "upperpart",
					"parent": "feddy",
					"pivot": [0, 3, 2]
				},
				{
					"name": "feddyHed",
					"parent": "upperpart",
					"pivot": [0, 13, 2]
				},
				{
					"name": "head",
					"parent": "feddyHed",
					"pivot": [0, 18, 3],
					"rotation": [-10, 0, 0]
				},
				{
					"name": "headsuit",
					"parent": "head",
					"pivot": [0, 18, 3]
				},
				{
					"name": "masktop",
					"parent": "headsuit",
					"pivot": [0, 12, 4.4],
					"cubes": [
						{
							"origin": [-4, 19, 2],
							"size": [8, 7, 0],
							"pivot": [0, 26, 2],
							"rotation": [-12.5, 0, 0],
							"uv": {
								"north": {"uv": [0, 21], "uv_size": [8, 7]},
								"east": {"uv": [0, 0], "uv_size": [0, 7]},
								"south": {"uv": [8, 21], "uv_size": [8, 7]},
								"west": {"uv": [0, 0], "uv_size": [0, 7]},
								"up": {"uv": [0, 0], "uv_size": [8, 0]},
								"down": {"uv": [0, 0], "uv_size": [8, 0]}
							}
						},
						{
							"origin": [-4, 18, 2],
							"size": [8, 8, 4],
							"uv": {
								"north": {"uv": [0, 13], "uv_size": [8, 8]},
								"east": {"uv": [0, 32], "uv_size": [4, 8]},
								"south": {"uv": [8, 13], "uv_size": [8, 8]},
								"west": {"uv": [4, 32], "uv_size": [4, 8]},
								"up": {"uv": [31, 0], "uv_size": [8, 4]}
							}
						},
						{
							"origin": [-5, 19, 2],
							"size": [10, 4, 2],
							"pivot": [0, 24, 4],
							"rotation": [10, 0, 0],
							"uv": {
								"north": {"uv": [24, 7], "uv_size": [10, 4]},
								"east": {"uv": [9, 44], "uv_size": [2, 4]},
								"south": {"uv": [24, 11], "uv_size": [10, 4]},
								"west": {"uv": [11, 44], "uv_size": [2, 4]},
								"up": {"uv": [39, 32], "uv_size": [10, 2]},
								"down": {"uv": [39, 36], "uv_size": [10, -2]}
							}
						}
					]
				},
				{
					"name": "maskfront",
					"parent": "masktop",
					"pivot": [0, 26, 2],
					"cubes": [
						{
							"origin": [-4, 18, -2],
							"size": [8, 8, 4],
							"uv": {
								"north": {"uv": [16, 0], "uv_size": [8, 8]},
								"east": {"uv": [8, 32], "uv_size": [4, 8]},
								"south": {"uv": [0, 13], "uv_size": [8, 8]},
								"west": {"uv": [12, 32], "uv_size": [4, 8]},
								"up": {"uv": [16, 32], "uv_size": [8, 4]}
							}
						},
						{
							"origin": [0.3, 20.1, -1.99],
							"size": [4, 6, 0],
							"uv": {
								"north": {"uv": [34, 26], "uv_size": [4, 6]},
								"east": {"uv": [0, 0], "uv_size": [0, 6]},
								"south": {"uv": [16, 36], "uv_size": [4, 6]},
								"west": {"uv": [0, 0], "uv_size": [0, 6]},
								"up": {"uv": [0, 0], "uv_size": [4, 0]},
								"down": {"uv": [0, 0], "uv_size": [4, 0]}
							}
						},
						{
							"origin": [-4.3, 20.1, -1.99],
							"size": [4, 6, 0],
							"uv": {
								"north": {"uv": [38, 26], "uv_size": [-4, 6]},
								"east": {"uv": [0, 0], "uv_size": [0, 6]},
								"south": {"uv": [20, 36], "uv_size": [-4, 6]},
								"west": {"uv": [0, 0], "uv_size": [0, 6]},
								"up": {"uv": [0, 0], "uv_size": [4, 0]},
								"down": {"uv": [0, 0], "uv_size": [4, 0]}
							}
						},
						{
							"origin": [-5, 19, -2],
							"size": [10, 4, 4],
							"pivot": [0, 24, 4],
							"rotation": [10, 0, 0],
							"uv": {
								"north": {"uv": [24, 7], "uv_size": [10, 4]},
								"east": {"uv": [23, 40], "uv_size": [4, 4]},
								"south": {"uv": [24, 15], "uv_size": [10, 4]},
								"west": {"uv": [27, 40], "uv_size": [4, 4]},
								"up": {"uv": [16, 24], "uv_size": [10, 4]},
								"down": {"uv": [24, 23], "uv_size": [10, -4]}
							}
						}
					]
				},
				{
					"name": "muzzle",
					"parent": "maskfront",
					"pivot": [0, 12, 0],
					"cubes": [
						{
							"origin": [-3, 18, -4.5],
							"size": [6, 2, 3],
							"uv": {
								"north": {"uv": [13, 42], "uv_size": [6, 2]},
								"east": {"uv": [29, 44], "uv_size": [3, 2]},
								"south": {"uv": [31, 42], "uv_size": [6, 2]},
								"west": {"uv": [32, 44], "uv_size": [3, 2]},
								"up": {"uv": [0, 40], "uv_size": [6, 3]},
								"down": {"uv": [6, 43], "uv_size": [-6, -3]}
							}
						},
						{
							"origin": [-1, 20.2, -4.5],
							"size": [2, 1, 3],
							"inflate": 0.15,
							"uv": {
								"north": {"uv": [24, 23], "uv_size": [2, 1]},
								"east": {"uv": [46, 20], "uv_size": [3, 1]},
								"south": {"uv": [7, 47], "uv_size": [2, 1]},
								"west": {"uv": [49, 21], "uv_size": [-3, -1]},
								"up": {"uv": [35, 44], "uv_size": [2, 3]},
								"down": {"uv": [44, 39], "uv_size": [2, -3]}
							}
						},
						{
							"origin": [-3, 19.7, -4.5],
							"size": [6, 1, 3],
							"inflate": -0.01,
							"uv": {
								"north": {"uv": [43, 21], "uv_size": [6, 1]},
								"east": {"uv": [46, 28], "uv_size": [3, 1]},
								"south": {"uv": [37, 44], "uv_size": [6, 1]},
								"west": {"uv": [46, 36], "uv_size": [3, 1]},
								"up": {"uv": [6, 43], "uv_size": [-6, -3]},
								"down": {"uv": [6, 43], "uv_size": [-6, -3]}
							}
						},
						{
							"origin": [-0.5, 18, -4.5],
							"size": [1, 3, 1],
							"inflate": 0.01,
							"uv": {
								"north": {"uv": [33, 46], "uv_size": [1, 3]},
								"east": {"uv": [34, 46], "uv_size": [1, 3]},
								"south": {"uv": [46, 45], "uv_size": [1, 3]},
								"west": {"uv": [0, 47], "uv_size": [1, 3]},
								"up": {"uv": [23, 36], "uv_size": [1, 1]},
								"down": {"uv": [39, 4], "uv_size": [1, -1]}
							}
						}
					]
				},
				{
					"name": "bone6",
					"parent": "muzzle",
					"pivot": [0, 19, -3]
				},
				{
					"name": "bone8",
					"parent": "muzzle",
					"pivot": [6, 19, -3]
				},
				{
					"name": "bone9",
					"parent": "muzzle",
					"pivot": [-6, 19, -3]
				},
				{
					"name": "jaw",
					"parent": "headsuit",
					"pivot": [0, 19, 4],
					"rotation": [10, 0, 0],
					"cubes": [
						{
							"origin": [-3.5, 16, -4],
							"size": [7, 2, 3],
							"uv": {
								"north": {"uv": [36, 40], "uv_size": [7, 2]},
								"east": {"uv": [0, 45], "uv_size": [3, 2]},
								"south": {"uv": [6, 42], "uv_size": [7, 2]},
								"west": {"uv": [3, 45], "uv_size": [3, 2]},
								"up": {"uv": [38, 29], "uv_size": [7, 3]},
								"down": {"uv": [39, 3], "uv_size": [7, -3]}
							}
						},
						{
							"origin": [-4.5, 16, -1],
							"size": [9, 2, 3],
							"uv": {
								"north": {"uv": [40, 3], "uv_size": [9, 2]},
								"east": {"uv": [45, 13], "uv_size": [3, 2]},
								"south": {"uv": [40, 5], "uv_size": [9, 2]},
								"west": {"uv": [3, 45], "uv_size": [3, 2]},
								"up": {"uv": [31, 4], "uv_size": [9, 3]},
								"down": {"uv": [34, 10], "uv_size": [9, -3]}
							}
						},
						{
							"origin": [-4.5, 16, 2],
							"size": [9, 3, 3],
							"inflate": -0.01,
							"uv": {
								"north": {"uv": [34, 10], "uv_size": [9, 3]},
								"east": {"uv": [43, 18], "uv_size": [3, 3]},
								"south": {"uv": [34, 13], "uv_size": [9, 3]},
								"west": {"uv": [6, 44], "uv_size": [3, 3]},
								"up": {"uv": [34, 16], "uv_size": [9, 3]},
								"down": {"uv": [34, 22], "uv_size": [9, -3]}
							}
						},
						{
							"origin": [-4.5, 16, 2],
							"size": [9, 2, 4],
							"inflate": 0.01,
							"pivot": [0, 16, 2],
							"rotation": [50, 0, 0],
							"uv": {
								"north": {"uv": [6, 40], "uv_size": [9, 2]},
								"east": {"uv": [13, 44], "uv_size": [4, 2]},
								"south": {"uv": [40, 5], "uv_size": [9, 2]},
								"west": {"uv": [17, 44], "uv_size": [4, 2]},
								"up": {"uv": [0, 28], "uv_size": [9, 4]},
								"down": {"uv": [9, 32], "uv_size": [9, -4]}
							}
						},
						{
							"origin": [-2.5, 17.5, -3.5],
							"size": [5, 1, 4],
							"uv": {
								"north": {"uv": [31, 41], "uv_size": [5, 1]},
								"east": {"uv": [46, 1], "uv_size": [4, 1]},
								"south": {"uv": [46, 0], "uv_size": [5, 1]},
								"west": {"uv": [46, 2], "uv_size": [4, 1]},
								"up": {"uv": [31, 37], "uv_size": [5, 4]},
								"down": {"uv": [39, 40], "uv_size": [5, -4]}
							}
						}
					]
				},
				{
					"name": "bone5",
					"parent": "jaw",
					"pivot": [0, 17, -2.5]
				},
				{
					"name": "bone7",
					"parent": "jaw",
					"pivot": [0, 18, -1.5]
				},
				{
					"name": "headendo",
					"parent": "head",
					"pivot": [0, 18, 3],
					"cubes": [
						{
							"origin": [-3, 20, 0.9],
							"size": [6, 5, 2],
							"uv": {
								"north": {"uv": [24, 32], "uv_size": [6, 5]},
								"east": {"uv": [43, 13], "uv_size": [2, 5]},
								"south": {"uv": [30, 32], "uv_size": [6, 5]},
								"west": {"uv": [43, 40], "uv_size": [2, 5]},
								"up": {"uv": [37, 42], "uv_size": [6, 2]},
								"down": {"uv": [0, 45], "uv_size": [6, -2]}
							}
						},
						{
							"origin": [-4, 18, 0.8],
							"size": [8, 8, 3],
							"inflate": -0.01,
							"uv": {
								"north": {"uv": [16, 8], "uv_size": [8, 8]},
								"east": {"uv": [20, 36], "uv_size": [3, 8]},
								"south": {"uv": [16, 16], "uv_size": [8, 8]},
								"west": {"uv": [36, 32], "uv_size": [3, 8]},
								"up": {"uv": [23, 37], "uv_size": [8, 3]},
								"down": {"uv": [38, 29], "uv_size": [8, -3]}
							}
						},
						{
							"origin": [-2, 17, 0.9],
							"size": [4, 3, 2],
							"uv": {
								"north": {"uv": [43, 7], "uv_size": [4, 3]},
								"east": {"uv": [45, 15], "uv_size": [2, 3]},
								"south": {"uv": [43, 10], "uv_size": [4, 3]},
								"west": {"uv": [45, 29], "uv_size": [2, 3]},
								"up": {"uv": [21, 44], "uv_size": [4, 2]},
								"down": {"uv": [25, 46], "uv_size": [4, -2]}
							}
						},
						{
							"origin": [-4, 17, 2],
							"size": [8, 5, 0],
							"uv": {
								"north": {"uv": [26, 23], "uv_size": [8, 5]}
							}
						}
					]
				},
				{
					"name": "bone3",
					"parent": "headendo",
					"pivot": [0, 19, 1],
					"cubes": [
						{
							"origin": [-1.5, 18.5, -1],
							"size": [3, 1, 2],
							"uv": {
								"north": {"uv": [46, 37], "uv_size": [3, 1]},
								"east": {"uv": [47, 9], "uv_size": [2, 1]},
								"south": {"uv": [46, 38], "uv_size": [3, 1]},
								"west": {"uv": [47, 10], "uv_size": [2, 1]},
								"up": {"uv": [37, 45], "uv_size": [3, 2]},
								"down": {"uv": [45, 41], "uv_size": [3, -2]}
							}
						},
						{
							"origin": [-1.5, 18, -1],
							"size": [3, 1, 2],
							"inflate": 0.1,
							"uv": {
								"north": {"uv": [1, 47], "uv_size": [3, 1]},
								"east": {"uv": [47, 11], "uv_size": [2, 1]},
								"south": {"uv": [4, 47], "uv_size": [3, 1]},
								"west": {"uv": [47, 12], "uv_size": [2, 1]},
								"up": {"uv": [40, 45], "uv_size": [3, 2]},
								"down": {"uv": [45, 43], "uv_size": [3, -2]}
							}
						},
						{
							"origin": [-0.5, 18.6, 0],
							"size": [1, 1, 1],
							"uv": {
								"north": {"uv": [15, 40], "uv_size": [1, 1]},
								"east": {"uv": [15, 41], "uv_size": [1, 1]},
								"south": {"uv": [19, 42], "uv_size": [1, 1]},
								"west": {"uv": [19, 43], "uv_size": [1, 1]},
								"up": {"uv": [44, 39], "uv_size": [1, 1]},
								"down": {"uv": [47, 31], "uv_size": [1, -1]}
							}
						}
					]
				},
				{
					"name": "eyes",
					"parent": "headendo",
					"pivot": [0, 22, 0]
				},
				{
					"name": "eyeL",
					"parent": "eyes",
					"pivot": [-2, 15, 1],
					"cubes": [
						{
							"origin": [-3, 21, -0.8],
							"size": [2, 2, 2],
							"uv": {
								"north": {"uv": [24, 53], "uv_size": [-2, 2]},
								"east": {"uv": [24, 53], "uv_size": [2, 2]},
								"south": {"uv": [46, 26], "uv_size": [2, 2]},
								"west": {"uv": [26, 53], "uv_size": [-2, 2]},
								"up": {"uv": [28, 53], "uv_size": [-2, 2]},
								"down": {"uv": [26, 55], "uv_size": [-2, -2], "uv_rotation": 90}
							}
						}
					]
				},
				{
					"name": "pupil",
					"parent": "eyeL",
					"pivot": [-2, 22, -0.65],
					"cubes": [
						{
							"origin": [-2.5, 21.5, -1.15],
							"size": [1, 1, 1],
							"uv": {
								"north": {"uv": [47, 31], "uv_size": [1, 1]}
							}
						},
						{
							"origin": [-2.5, 21.5, -1.3],
							"size": [1, 1, 1],
							"inflate": -0.2,
							"uv": {
								"north": {"uv": [35, 47], "uv_size": [1, 1]}
							}
						}
					]
				},
				{
					"name": "eyelid",
					"parent": "eyeL",
					"pivot": [-2, 22.55, 1],
					"cubes": [
						{
							"origin": [-3, 22.6, -1],
							"size": [2, 1, 2],
							"inflate": 0.2,
							"uv": {
								"north": {"uv": [47, 15], "uv_size": [2, 1]},
								"east": {"uv": [47, 16], "uv_size": [2, 1]},
								"south": {"uv": [47, 17], "uv_size": [2, 1]},
								"west": {"uv": [47, 15], "uv_size": [2, 1]},
								"up": {"uv": [21, 46], "uv_size": [2, 2]},
								"down": {"uv": [23, 48], "uv_size": [-2, -2]}
							}
						}
					]
				},
				{
					"name": "eyeR",
					"parent": "eyes",
					"pivot": [2, 15, 1],
					"cubes": [
						{
							"origin": [1, 21, -0.8],
							"size": [2, 2, 2],
							"uv": {
								"north": {"uv": [22, 53], "uv_size": [2, 2]},
								"east": {"uv": [24, 53], "uv_size": [2, 2]},
								"south": {"uv": [46, 26], "uv_size": [2, 2]},
								"west": {"uv": [26, 53], "uv_size": [-2, 2]},
								"up": {"uv": [26, 53], "uv_size": [2, 2]},
								"down": {"uv": [26, 53], "uv_size": [-2, 2], "uv_rotation": 90}
							}
						}
					]
				},
				{
					"name": "pupil2",
					"parent": "eyeR",
					"pivot": [2, 22, -0.65],
					"cubes": [
						{
							"origin": [1.5, 21.5, -1.3],
							"size": [1, 1, 1],
							"inflate": -0.2,
							"uv": {
								"north": {"uv": [36, 47], "uv_size": [1, 1]}
							}
						},
						{
							"origin": [1.5, 21.5, -1.15],
							"size": [1, 1, 1],
							"uv": {
								"north": {"uv": [37, 47], "uv_size": [1, 1]}
							}
						}
					]
				},
				{
					"name": "eyelid2",
					"parent": "eyeR",
					"pivot": [2, 22.5, 1],
					"cubes": [
						{
							"origin": [1, 22.6, -1],
							"size": [2, 1, 2],
							"inflate": 0.2,
							"uv": {
								"north": {"uv": [47, 22], "uv_size": [2, 1]},
								"east": {"uv": [47, 22], "uv_size": [2, 1]},
								"south": {"uv": [47, 23], "uv_size": [2, 1]},
								"west": {"uv": [47, 24], "uv_size": [2, 1]},
								"up": {"uv": [31, 46], "uv_size": [2, 2]},
								"down": {"uv": [33, 48], "uv_size": [-2, -2]}
							}
						}
					]
				},
				{
					"name": "bone4",
					"parent": "headendo",
					"pivot": [0, 20.1, 1],
					"cubes": [
						{
							"origin": [-1.5, 19.5, -1],
							"size": [3, 1, 2],
							"uv": {
								"north": {"uv": [47, 7], "uv_size": [3, 1]},
								"east": {"uv": [47, 25], "uv_size": [2, 1]},
								"south": {"uv": [47, 8], "uv_size": [3, 1]},
								"west": {"uv": [47, 29], "uv_size": [2, 1]},
								"up": {"uv": [43, 45], "uv_size": [3, 2]},
								"down": {"uv": [45, 45], "uv_size": [3, -2]}
							}
						},
						{
							"origin": [-1.5, 20, -1],
							"size": [3, 1, 2],
							"inflate": 0.1,
							"uv": {
								"north": {"uv": [1, 47], "uv_size": [3, 1]},
								"east": {"uv": [47, 11], "uv_size": [2, 1]},
								"south": {"uv": [4, 47], "uv_size": [3, 1]},
								"west": {"uv": [47, 12], "uv_size": [2, 1]},
								"up": {"uv": [43, 47], "uv_size": [-3, -2]},
								"down": {"uv": [48, 43], "uv_size": [-3, -2]}
							}
						}
					]
				},
				{
					"name": "neck",
					"parent": "feddyHed",
					"pivot": [0, 7, 2]
				}
			]
		}
	]
}