{
	"format_version": "1.21.0",
	"minecraft:geometry": [
		{
			"description": {
				"identifier": "geometry.backstage_shelf_freddy_head_3",
				"texture_width": 64,
				"texture_height": 64,
				"visible_bounds_width": 5,
				"visible_bounds_height": 5,
				"visible_bounds_offset": [0, 1.5, 0]
			},
			"bones": [
				{
					"name": "shelf",
					"pivot": [0, 12.13807, 2.83333],
					"cubes": [
						{
							"origin": [-8, 14, -5],
							"size": [16, 2, 13],
							"uv": {
								"north": {"uv": [32, 20], "uv_size": [16, 2]},
								"east": {"uv": [32, 24], "uv_size": [13, 2]},
								"south": {"uv": [32, 22], "uv_size": [16, 2]},
								"west": {"uv": [6, 33], "uv_size": [13, 2]},
								"up": {"uv": [0, 5], "uv_size": [16, 13]},
								"down": {"uv": [0, 18], "uv_size": [16, -13]}
							}
						},
						{
							"origin": [-5, 7, 0],
							"size": [0, 7, 7],
							"uv": {
								"east": {"uv": [18, 26], "uv_size": [7, 7]}
							}
						},
						{
							"origin": [5, 7.41421, 0],
							"size": [0, 7, 7],
							"uv": {
								"east": {"uv": [18, 26], "uv_size": [7, 7]}
							}
						}
					]
				},
				{
					"name": "bb_main",
					"pivot": [0, 0, 0],
					"cubes": [
						{
							"origin": [-1, 0, -1],
							"size": [2, 2, 2],
							"uv": {}
						}
					]
				},
				{
					"name": "head",
					"pivot": [-2.5, 19.4, 2],
					"rotation": [-12.5, 0, 90]
				},
				{
					"name": "headsuit",
					"parent": "head",
					"pivot": [-2.5, 19.29625, 3.28068]
				},
				{
					"name": "masktop",
					"parent": "headsuit",
					"pivot": [-2.5, 13.29625, 4.68068],
					"cubes": [
						{
							"origin": [-6.5, 19.4, -2],
							"size": [8, 8, 8],
							"uv": {
								"north": {"uv": [0, 18], "uv_size": [8, 8]},
								"east": {"uv": [8, 18], "uv_size": [8, 8]},
								"south": {"uv": [16, 18], "uv_size": [8, 8]},
								"west": {"uv": [24, 18], "uv_size": [8, 8]},
								"up": {"uv": [25, 0], "uv_size": [8, 8]},
								"down": {"uv": [25, 16], "uv_size": [8, -8]}
							}
						},
						{
							"origin": [-7, 19.4, -2],
							"size": [9, 4, 7],
							"inflate": 0.01,
							"uv": {
								"north": {"uv": [25, 31], "uv_size": [9, 4]},
								"east": {"uv": [33, 0], "uv_size": [7, 4]},
								"south": {"uv": [32, 16], "uv_size": [9, 4]},
								"west": {"uv": [33, 4], "uv_size": [7, 4]},
								"up": {"uv": [0, 26], "uv_size": [9, 7]},
								"down": {"uv": [9, 33], "uv_size": [9, -7]}
							}
						}
					]
				},
				{
					"name": "eyebrows",
					"parent": "masktop",
					"pivot": [-5.5, 18.19625, -0.71932]
				},
				{
					"name": "eyebrowL",
					"parent": "eyebrows",
					"pivot": [-4.5, 25.29625, -1.21932]
				},
				{
					"name": "eyebrowR",
					"parent": "eyebrows",
					"pivot": [-0.5, 25.29625, -1.21932]
				},
				{
					"name": "muzzle",
					"parent": "masktop",
					"pivot": [-2.5, 13.29625, 0.28068],
					"cubes": [
						{
							"origin": [-6, 19.4, -4],
							"size": [7, 3, 2],
							"uv": {
								"north": {"uv": [33, 8], "uv_size": [7, 3]},
								"east": {"uv": [20, 37], "uv_size": [2, 3]},
								"south": {"uv": [33, 11], "uv_size": [7, 3]},
								"west": {"uv": [22, 37], "uv_size": [2, 3]},
								"up": {"uv": [25, 16], "uv_size": [7, 2]},
								"down": {"uv": [34, 36], "uv_size": [7, -2]}
							}
						},
						{
							"origin": [-4, 21.9, -4],
							"size": [3, 1, 2],
							"inflate": 0.15,
							"uv": {
								"north": {"uv": [29, 35], "uv_size": [3, 1]},
								"east": {"uv": [32, 35], "uv_size": [2, 1]},
								"south": {"uv": [40, 12], "uv_size": [3, 1]},
								"west": {"uv": [27, 37], "uv_size": [2, 1]},
								"up": {"uv": [24, 37], "uv_size": [3, 2]},
								"down": {"uv": [37, 38], "uv_size": [3, -2]}
							}
						}
					]
				},
				{
					"name": "jaw",
					"parent": "headsuit",
					"pivot": [-2.5, 19.29625, 4.28068],
					"rotation": [12.5, 0, 0],
					"cubes": [
						{
							"origin": [-7, 17.4, -4],
							"size": [9, 2, 9],
							"inflate": 0.01,
							"uv": {
								"north": {"uv": [33, 14], "uv_size": [9, 2]},
								"east": {"uv": [33, 26], "uv_size": [9, 2]},
								"south": {"uv": [33, 14], "uv_size": [9, 2]},
								"west": {"uv": [33, 28], "uv_size": [9, 2]},
								"up": {"uv": [16, 0], "uv_size": [9, 9]},
								"down": {"uv": [16, 18], "uv_size": [9, -9]}
							}
						},
						{
							"origin": [-3, 17.4, -4],
							"size": [1, 2, 1],
							"inflate": 0.1,
							"uv": {
								"north": {"uv": [22, 40], "uv_size": [1, 2]},
								"east": {"uv": [23, 40], "uv_size": [1, 2]},
								"south": {"uv": [32, 40], "uv_size": [1, 2]},
								"west": {"uv": [33, 40], "uv_size": [1, 2]},
								"up": {"uv": [33, 30], "uv_size": [1, 1]},
								"down": {"uv": [19, 40], "uv_size": [1, -1]}
							}
						},
						{
							"origin": [-6, 18.1, -3],
							"size": [7, 2, 3],
							"inflate": 0.2,
							"uv": {
								"north": {"uv": [6, 35], "uv_size": [7, 2]},
								"east": {"uv": [0, 38], "uv_size": [3, 2]},
								"west": {"uv": [3, 38], "uv_size": [3, 2]}
							}
						},
						{
							"origin": [-5.5, 17.9, -3],
							"size": [6, 2, 3],
							"inflate": 0.1,
							"uv": {
								"north": {"uv": [13, 35], "uv_size": [6, 2]},
								"east": {"uv": [27, 38], "uv_size": [3, 2]},
								"west": {"uv": [30, 38], "uv_size": [3, 2]}
							}
						}
					]
				},
				{
					"name": "headendo",
					"parent": "head",
					"pivot": [-2.5, 19.29625, 3.28068],
					"cubes": [
						{
							"origin": [-5.5, 21.4, 0.9],
							"size": [6, 5, 2],
							"uv": {
								"north": {"uv": [10, 0], "uv_size": [6, 5]},
								"east": {"uv": [35, 36], "uv_size": [2, 5]},
								"south": {"uv": [0, 33], "uv_size": [6, 5]},
								"west": {"uv": [6, 37], "uv_size": [2, 5]},
								"up": {"uv": [23, 35], "uv_size": [6, 2]},
								"down": {"uv": [29, 38], "uv_size": [6, -2]}
							}
						},
						{
							"origin": [-4.5, 18.4, 0.9],
							"size": [4, 4, 2],
							"uv": {
								"north": {"uv": [19, 33], "uv_size": [4, 4]},
								"east": {"uv": [8, 37], "uv_size": [2, 4]},
								"south": {"uv": [34, 30], "uv_size": [4, 4]},
								"west": {"uv": [10, 37], "uv_size": [2, 4]},
								"up": {"uv": [12, 37], "uv_size": [4, 2]},
								"down": {"uv": [16, 39], "uv_size": [4, -2]}
							}
						},
						{
							"origin": [-4, 17.9, 1.5],
							"size": [3, 3, 2],
							"uv": {
								"north": {"uv": [2, 2], "uv_size": [3, 3]},
								"east": {"uv": [0, 2], "uv_size": [2, 3]},
								"south": {"uv": [7, 2], "uv_size": [3, 3]},
								"west": {"uv": [5, 2], "uv_size": [2, 3]},
								"up": {"uv": [2, 0], "uv_size": [3, 2]},
								"down": {"uv": [5, 2], "uv_size": [3, -2]}
							}
						},
						{
							"origin": [-6.5, 18.4, 2],
							"size": [8, 5, 0],
							"uv": {
								"north": {"uv": [25, 26], "uv_size": [8, 5]}
							}
						},
						{
							"origin": [-4, 20.9, -1],
							"size": [3, 1, 2],
							"inflate": 0.1,
							"uv": {
								"north": {"uv": [40, 13], "uv_size": [3, 1]},
								"east": {"uv": [40, 36], "uv_size": [2, 1]},
								"south": {"uv": [19, 40], "uv_size": [3, 1]},
								"west": {"uv": [37, 40], "uv_size": [2, 1]},
								"up": {"uv": [38, 30], "uv_size": [3, 2]},
								"down": {"uv": [38, 34], "uv_size": [3, -2]}
							}
						},
						{
							"origin": [-4, 20.4, -1],
							"size": [3, 1, 2],
							"uv": {
								"north": {"uv": [26, 40], "uv_size": [3, 1]},
								"east": {"uv": [40, 37], "uv_size": [2, 1]},
								"south": {"uv": [29, 40], "uv_size": [3, 1]},
								"west": {"uv": [40, 38], "uv_size": [2, 1]},
								"up": {"uv": [37, 38], "uv_size": [3, 2]},
								"down": {"uv": [12, 41], "uv_size": [3, -2]}
							}
						}
					]
				},
				{
					"name": "eyes",
					"parent": "headendo",
					"pivot": [-4.5, 16.29625, 1.28068]
				},
				{
					"name": "eyeL",
					"parent": "eyes",
					"pivot": [-4.5, 16.29625, 1.28068],
					"cubes": [
						{
							"origin": [-5.5, 22.4, -1],
							"size": [2, 2, 2],
							"uv": {
								"north": {"uv": [23, 33], "uv_size": [2, 2]},
								"east": {"uv": [33, 38], "uv_size": [2, 2]},
								"south": {"uv": [15, 39], "uv_size": [2, 2]},
								"west": {"uv": [35, 38], "uv_size": [-2, 2]},
								"up": {"uv": [17, 39], "uv_size": [2, 2]},
								"down": {"uv": [24, 41], "uv_size": [2, -2]}
							}
						}
					]
				},
				{
					"name": "pupil",
					"parent": "eyeL",
					"pivot": [-4.5, 23.29625, -0.36932],
					"cubes": [
						{
							"origin": [-5, 22.9, -1.15],
							"size": [1, 1, 1],
							"uv": {
								"north": {"uv": [26, 39], "uv_size": [1, 1]}
							}
						},
						{
							"origin": [-5, 22.9, -1.3],
							"size": [1, 1, 1],
							"inflate": -0.2,
							"uv": {
								"north": {"uv": [34, 40], "uv_size": [1, 1]}
							}
						}
					]
				},
				{
					"name": "eyelid",
					"parent": "eyeL",
					"pivot": [-4.5, 23.84625, 1.28068],
					"cubes": [
						{
							"origin": [-5.5, 23.8, -1],
							"size": [2, 1, 2],
							"inflate": 0.2,
							"uv": {
								"north": {"uv": [39, 40], "uv_size": [2, 1]},
								"east": {"uv": [40, 39], "uv_size": [2, 1]},
								"south": {"uv": [8, 41], "uv_size": [2, 1]},
								"west": {"uv": [39, 40], "uv_size": [2, 1]},
								"up": {"uv": [0, 40], "uv_size": [2, 2]},
								"down": {"uv": [40, 2], "uv_size": [2, -2]}
							}
						}
					]
				},
				{
					"name": "eyeR",
					"parent": "eyes",
					"pivot": [-0.5, 16.29625, 1.28068],
					"cubes": [
						{
							"origin": [-1.5, 22.4, -1],
							"size": [2, 2, 2],
							"uv": {
								"north": {"uv": [2, 40], "uv_size": [2, 2]},
								"east": {"uv": [40, 2], "uv_size": [2, 2]},
								"south": {"uv": [4, 40], "uv_size": [2, 2]},
								"west": {"uv": [40, 2], "uv_size": [2, 2]},
								"up": {"uv": [40, 4], "uv_size": [2, 2]},
								"down": {"uv": [40, 8], "uv_size": [2, -2]}
							}
						}
					]
				},
				{
					"name": "pupil2",
					"parent": "eyeR",
					"pivot": [-0.5, 23.29625, -0.36932],
					"cubes": [
						{
							"origin": [-1, 22.9, -1.15],
							"size": [1, 1, 1],
							"uv": {
								"north": {"uv": [16, 41], "uv_size": [1, 1]}
							}
						},
						{
							"origin": [-1, 22.9, -1.3],
							"size": [1, 1, 1],
							"inflate": -0.2,
							"uv": {
								"north": {"uv": [41, 16], "uv_size": [1, 1]}
							}
						}
					]
				},
				{
					"name": "eyelid2",
					"parent": "eyeR",
					"pivot": [-0.5, 23.79625, 1.28068],
					"cubes": [
						{
							"origin": [-1.5, 23.8, -1],
							"size": [2, 1, 2],
							"inflate": 0.2,
							"uv": {
								"north": {"uv": [10, 41], "uv_size": [2, 1]},
								"east": {"uv": [10, 41], "uv_size": [2, 1]},
								"south": {"uv": [12, 41], "uv_size": [2, 1]},
								"west": {"uv": [14, 41], "uv_size": [2, 1]},
								"up": {"uv": [40, 8], "uv_size": [2, 2]},
								"down": {"uv": [40, 12], "uv_size": [2, -2]}
							}
						}
					]
				},
				{
					"name": "bone14",
					"parent": "head",
					"pivot": [-2.5, 23.29625, 1.28068]
				}
			]
		}
	]
}