{
    "format_version": "1.12.0",
    "minecraft:geometry": [
        {
            "description": {
                "identifier": "geometry.black_wall_sign_left",
                "texture_width": 32,
                "texture_height": 32,
                "visible_bounds_width": 3,
                "visible_bounds_height": 2.5,
                "visible_bounds_offset": [
                    0,
                    0.75,
                    0
                ]
            },
            "bones": [
                {
                    "name": "bb_main",
                    "pivot": [
                        0,
                        0,
                        0
                    ],
                    "cubes": [
                        {
                            "origin": [
                                -23,
                                4,
                                7
                            ],
                            "size": [
                                30,
                                9,
                                1
                            ],
                            "uv": {
                                "north": {
                                    "uv": [
                                        0,
                                        0
                                    ],
                                    "uv_size": [
                                        30,
                                        9
                                    ]
                                },
                                "east": {
                                    "uv": [
                                        0,
                                        0
                                    ],
                                    "uv_size": [
                                        1,
                                        9
                                    ]
                                },
                                "south": {
                                    "uv": [
                                        0,
                                        0
                                    ],
                                    "uv_size": [
                                        30,
                                        9
                                    ]
                                },
                                "west": {
                                    "uv": [
                                        29,
                                        0
                                    ],
                                    "uv_size": [
                                        1,
                                        9
                                    ]
                                },
                                "up": {
                                    "uv": [
                                        0,
                                        0
                                    ],
                                    "uv_size": [
                                        30,
                                        1
                                    ]
                                },
                                "down": {
                                    "uv": [
                                        0,
                                        9
                                    ],
                                    "uv_size": [
                                        30,
                                        -1
                                    ]
                                }
                            }
                        }
                    ]
                }
            ]
        }
    ]
}