{
	"format_version": "1.12.0",
	"minecraft:geometry": [
		{
			"description": {
				"identifier": "geometry.bonnie_head",
				"texture_width": 16,
				"texture_height": 16,
				"visible_bounds_width": 3,
				"visible_bounds_height": 2.5,
				"visible_bounds_offset": [0, 0.75, 0]
			},
			"bones": [
				{
					"name": "feddy",
					"pivot": [0, 0, 0]
				},
				{
					"name": "upperpart",
					"parent": "feddy",
					"pivot": [0, -13, 2]
				},
				{
					"name": "feddyHed",
					"parent": "upperpart",
					"pivot": [0, -3, 2]
				},
				{
					"name": "head",
					"parent": "feddyHed",
					"pivot": [0, 2, 3],
					"rotation": [-10, 0, 0]
				},
				{
					"name": "headsuit",
					"parent": "head",
					"pivot": [0, 2, 3]
				},
				{
					"name": "masktop",
					"parent": "headsuit",
					"pivot": [0, -4, 4.4],
					"cubes": [
						{
							"origin": [-4, 3, 2],
							"size": [8, 7, 0],
							"pivot": [0, 10, 2],
							"rotation": [-12.5, 0, 0],
							"uv": {
								"north": {"uv": [8.96, 2.375], "uv_size": [-0.85333, 0.875]},
								"east": {"uv": [8.96, 2.375], "uv_size": [0, 0.875]},
								"south": {"uv": [9.81333, 2.375], "uv_size": [-0.85333, 0.875]},
								"west": {"uv": [8.10667, 2.375], "uv_size": [0, 0.875]},
								"up": {"uv": [8.96, 2.375], "uv_size": [-0.85333, 0]},
								"down": {"uv": [9.81333, 2.375], "uv_size": [-0.85333, 0]}
							}
						},
						{
							"origin": [-4, 2, 2],
							"size": [8, 8, 4],
							"uv": {
								"north": {"uv": [5.97675, 4.254], "uv_size": [0.20651, 0.117]},
								"east": {"uv": [4.91008, 3.004], "uv_size": [0.41984, 0.992]},
								"south": {"uv": [6.61675, 4.004], "uv_size": [0.84651, 0.992]},
								"west": {"uv": [7.04341, 3.004], "uv_size": [0.41984, 0.992]},
								"up": {"uv": [2.56341, 3.254], "uv_size": [0.84651, 0.492]}
							}
						},
						{
							"origin": [-5, 3, 2],
							"size": [10, 4, 2],
							"pivot": [0, 8, 4],
							"rotation": [10, 0, 0],
							"uv": {
								"north": {"uv": [1.39008, 1.879], "uv_size": [1.05984, 0.492]},
								"east": {"uv": [0.43008, 1.879], "uv_size": [0.20651, 0.492]},
								"south": {"uv": [0.11008, 3.129], "uv_size": [1.05984, 0.492]},
								"west": {"uv": [3.20341, 1.879], "uv_size": [0.20651, 0.492]},
								"up": {"uv": [3.73675, 3.504], "uv_size": [1.05984, 0.242]},
								"down": {"uv": [3.73675, 4.496], "uv_size": [1.05984, -0.242]}
							}
						}
					]
				},
				{
					"name": "maskfront",
					"parent": "masktop",
					"pivot": [0, 10, 2],
					"cubes": [
						{
							"origin": [-4, 2, -2],
							"size": [8, 8, 4],
							"uv": {
								"north": {"uv": [5.76341, 3.004], "uv_size": [0.84651, 0.992]},
								"east": {"uv": [5.33675, 3.004], "uv_size": [0.41984, 0.992]},
								"south": {"uv": [5.97675, 4.254], "uv_size": [0.20651, 0.117]},
								"west": {"uv": [6.61675, 3.004], "uv_size": [0.41984, 0.992]},
								"up": {"uv": [2.56341, 3.754], "uv_size": [0.84651, 0.492]}
							}
						},
						{
							"origin": [0.3, 4.1, -1.99],
							"size": [4, 6, 0],
							"uv": {
								"north": {"uv": [6.72, 2], "uv_size": [0.42667, 0.75]},
								"east": {"uv": [6.72, 2], "uv_size": [0, 0.75]},
								"south": {"uv": [7.14667, 2], "uv_size": [0.42667, 0.75]},
								"west": {"uv": [7.14667, 2], "uv_size": [0, 0.75]},
								"up": {"uv": [6.72, 2], "uv_size": [0.42667, 0]},
								"down": {"uv": [7.14667, 2], "uv_size": [0.42667, 0]}
							}
						},
						{
							"origin": [-4.3, 4.1, -1.99],
							"size": [4, 6, 0],
							"uv": {
								"north": {"uv": [7.14667, 2], "uv_size": [-0.42667, 0.75]},
								"east": {"uv": [7.14667, 2], "uv_size": [0, 0.75]},
								"south": {"uv": [7.57333, 2], "uv_size": [-0.42667, 0.75]},
								"west": {"uv": [6.72, 2], "uv_size": [0, 0.75]},
								"up": {"uv": [7.14667, 2], "uv_size": [-0.42667, 0]},
								"down": {"uv": [7.57333, 2], "uv_size": [-0.42667, 0]}
							}
						},
						{
							"origin": [-5, 3, -2],
							"size": [10, 4, 4],
							"pivot": [0, 8, 4],
							"rotation": [10, 0, 0],
							"uv": {
								"north": {"uv": [1.39008, 1.879], "uv_size": [1.05984, 0.492]},
								"east": {"uv": [0.64341, 1.879], "uv_size": [0.41984, 0.492]},
								"south": {"uv": [0.00341, 2.504], "uv_size": [0.09984, 0.117]},
								"west": {"uv": [2.77675, 1.879], "uv_size": [0.41984, 0.492]},
								"up": {"uv": [3.73675, 3.754], "uv_size": [1.05984, 0.492]},
								"down": {"uv": [3.73675, 4.996], "uv_size": [1.05984, -0.492]}
							}
						}
					]
				},
				{
					"name": "muzzle",
					"parent": "maskfront",
					"pivot": [0, -4, 0],
					"cubes": [
						{
							"origin": [-3, 2, -4.5],
							"size": [6, 2, 3],
							"uv": {
								"north": {"uv": [1.60341, 2.879], "uv_size": [0.63317, 0.242]},
								"east": {"uv": [1.07008, 2.129], "uv_size": [0.31317, 0.242]},
								"south": {"uv": [1.60341, 3.379], "uv_size": [0.63317, 0.242]},
								"west": {"uv": [2.45675, 2.129], "uv_size": [0.31317, 0.242]},
								"up": {"uv": [1.60341, 2.379], "uv_size": [0.63317, 0.367]},
								"down": {"uv": [1.60341, 2.746], "uv_size": [0.63317, -0.367]}
							}
						},
						{
							"origin": [-1, 4.2, -4.5],
							"size": [2, 1, 3],
							"inflate": 0.15,
							"uv": {
								"north": {"uv": [5.87008, 0.879], "uv_size": [0.20651, 0.117]},
								"east": {"uv": [5.55008, 0.879], "uv_size": [0.31317, 0.117]},
								"south": {"uv": [6.29675, 0.879], "uv_size": [0.20651, 0.117]},
								"west": {"uv": [5.86325, 0.996], "uv_size": [-0.31317, -0.117]},
								"up": {"uv": [5.87008, 0.504], "uv_size": [0.20651, 0.367]},
								"down": {"uv": [6.08341, 0.871], "uv_size": [0.20651, -0.242]}
							}
						},
						{
							"origin": [-3, 3.7, -4.5],
							"size": [6, 1, 3],
							"inflate": -0.01,
							"uv": {
								"north": {"uv": [1.60341, 2.754], "uv_size": [0.63317, 0.117]},
								"east": {"uv": [1.07008, 2.004], "uv_size": [0.31317, 0.117]},
								"south": {"uv": [2.56341, 2.754], "uv_size": [0.63317, 0.117]},
								"west": {"uv": [2.45675, 2.004], "uv_size": [0.31317, 0.117]},
								"up": {"uv": [1.60341, 2.379], "uv_size": [0.63317, 0.367]},
								"down": {"uv": [1.60341, 2.746], "uv_size": [0.63317, -0.367]}
							}
						},
						{
							"origin": [-0.5, 2, -4.5],
							"size": [1, 3, 1],
							"inflate": 0.01,
							"uv": {
								"north": {"uv": [1.49333, 0.375], "uv_size": [0.10667, 0.375]},
								"east": {"uv": [1.38667, 0.375], "uv_size": [0.10667, 0.375]},
								"south": {"uv": [1.70667, 0.375], "uv_size": [0.10667, 0.375]},
								"west": {"uv": [1.6, 0.375], "uv_size": [0.10667, 0.375]},
								"up": {"uv": [1.49333, 0.25], "uv_size": [0.10667, 0.125]},
								"down": {"uv": [1.6, 0.375], "uv_size": [0.10667, -0.125]}
							}
						}
					]
				},
				{
					"name": "bone6",
					"parent": "muzzle",
					"pivot": [0, 3, -3]
				},
				{
					"name": "bone8",
					"parent": "muzzle",
					"pivot": [6, 3, -3]
				},
				{
					"name": "bone9",
					"parent": "muzzle",
					"pivot": [-6, 3, -3]
				},
				{
					"name": "jaw",
					"parent": "headsuit",
					"pivot": [0, 3, 4],
					"rotation": [10, 0, 0],
					"cubes": [
						{
							"origin": [-3.5, 0, -4],
							"size": [7, 2, 3],
							"uv": {
								"north": {"uv": [3.95008, 2.629], "uv_size": [0.73984, 0.242]},
								"east": {"uv": [3.63008, 2.629], "uv_size": [0.31317, 0.242]},
								"south": {"uv": [5.33675, 2.629], "uv_size": [0.73984, 0.242]},
								"west": {"uv": [4.69675, 2.629], "uv_size": [0.31317, 0.242]},
								"up": {"uv": [3.95008, 2.254], "uv_size": [0.73984, 0.367]},
								"down": {"uv": [0.21675, 5.121], "uv_size": [0.73984, -0.367]}
							}
						},
						{
							"origin": [-4.5, 0, -1],
							"size": [9, 2, 3],
							"uv": {
								"north": {"uv": [3.73675, 2.629], "uv_size": [0.95317, 0.242]},
								"east": {"uv": [3.41675, 2.629], "uv_size": [0.31317, 0.242]},
								"south": {"uv": [5.33675, 2.629], "uv_size": [0.95317, 0.242]},
								"west": {"uv": [4.69675, 2.629], "uv_size": [0.31317, 0.242]},
								"up": {"uv": [3.84341, 1.879], "uv_size": [0.95317, 0.367]},
								"down": {"uv": [0.11008, 4.496], "uv_size": [0.95317, -0.367]}
							}
						},
						{
							"origin": [-4.5, 0, 2],
							"size": [9, 3, 3],
							"inflate": -0.01,
							"uv": {
								"north": {"uv": [6.72, 0.375], "uv_size": [0.96, 0.375]},
								"east": {"uv": [6.4, 0.375], "uv_size": [0.32, 0.375]},
								"south": {"uv": [8, 0.375], "uv_size": [0.96, 0.375]},
								"west": {"uv": [7.68, 0.375], "uv_size": [0.32, 0.375]},
								"up": {"uv": [6.72, 0], "uv_size": [0.96, 0.375]},
								"down": {"uv": [7.68, 0.375], "uv_size": [0.96, -0.375]}
							}
						},
						{
							"origin": [-4.5, 0, 2],
							"size": [9, 2, 4],
							"inflate": 0.01,
							"pivot": [0, 0, 2],
							"rotation": [50, 0, 0],
							"uv": {
								"north": {"uv": [3.84341, 2.629], "uv_size": [0.95317, 0.242]},
								"east": {"uv": [3.41675, 2.629], "uv_size": [0.41984, 0.242]},
								"south": {"uv": [5.33675, 2.629], "uv_size": [0.95317, 0.242]},
								"west": {"uv": [4.59008, 2.629], "uv_size": [0.41984, 0.242]},
								"up": {"uv": [3.84341, 1.379], "uv_size": [0.95317, 0.492]},
								"down": {"uv": [0.11008, 4.246], "uv_size": [0.95317, -0.492]}
							}
						},
						{
							"origin": [-2.5, 1.5, -3.5],
							"size": [5, 1, 4],
							"uv": {
								"north": {"uv": [7.25333, 7], "uv_size": [0.53333, 0.125]},
								"east": {"uv": [6.82667, 7], "uv_size": [0.42667, 0.125]},
								"south": {"uv": [8.21333, 7], "uv_size": [0.53333, 0.125]},
								"west": {"uv": [7.78667, 7], "uv_size": [0.42667, 0.125]},
								"up": {"uv": [7.25333, 6.5], "uv_size": [0.53333, 0.5]},
								"down": {"uv": [7.78667, 7], "uv_size": [0.53333, -0.5]}
							}
						}
					]
				},
				{
					"name": "bone5",
					"parent": "jaw",
					"pivot": [0, 0.21007, -2.1939]
				},
				{
					"name": "bone7",
					"parent": "jaw",
					"pivot": [0, 1.21007, -1.1939]
				},
				{
					"name": "headendo",
					"parent": "head",
					"pivot": [0, 2, 3],
					"cubes": [
						{
							"origin": [-3, 4, 0.9],
							"size": [6, 5, 2],
							"uv": {
								"north": {"uv": [12.59008, 1.254], "uv_size": [0.63317, 0.617]},
								"east": {"uv": [11.40992, 2.004], "uv_size": [-0.20651, 0.617]},
								"south": {"uv": [10.56341, 2.004], "uv_size": [0.63317, 0.617]},
								"west": {"uv": [10.55659, 2.004], "uv_size": [-0.20651, 0.617]},
								"up": {"uv": [10.56341, 1.879], "uv_size": [0.63317, 0.242]},
								"down": {"uv": [10.56341, 2.871], "uv_size": [0.63317, -0.242]}
							}
						},
						{
							"origin": [-4, 2, 0.8],
							"size": [8, 8, 3],
							"inflate": -0.01,
							"uv": {
								"north": {"uv": [8.85333, 15], "uv_size": [-0.85333, 1]},
								"east": {"uv": [9.17333, 15], "uv_size": [-0.32, 1]},
								"south": {"uv": [10.02667, 15], "uv_size": [-0.85333, 1]},
								"west": {"uv": [8, 15], "uv_size": [-0.32, 1]},
								"up": {"uv": [8.85333, 14.625], "uv_size": [-0.85333, 0.375]},
								"down": {"uv": [9.70667, 15], "uv_size": [-0.85333, -0.375]}
							}
						},
						{
							"origin": [-2, 1, 0.9],
							"size": [4, 3, 2],
							"uv": {
								"north": {"uv": [11.63008, 2.754], "uv_size": [0.41984, 0.367]},
								"east": {"uv": [13.12341, 2.754], "uv_size": [0.20651, 0.367]},
								"south": {"uv": [12.69675, 2.754], "uv_size": [0.41984, 0.367]},
								"west": {"uv": [12.48341, 2.754], "uv_size": [0.20651, 0.367]},
								"up": {"uv": [12.69675, 2.379], "uv_size": [0.41984, 0.242]},
								"down": {"uv": [12.69675, 3.246], "uv_size": [0.41984, -0.242]}
							}
						},
						{
							"origin": [-4, 1, 2],
							"size": [8, 5, 0],
							"uv": {
								"north": {"uv": [11.41675, 2.504], "uv_size": [0.84651, 0.617]}
							}
						}
					]
				},
				{
					"name": "bone3",
					"parent": "headendo",
					"pivot": [0, 3, 1],
					"cubes": [
						{
							"origin": [-1.5, 2.5, -1],
							"size": [3, 1, 2],
							"uv": {
								"north": {"uv": [7.04341, 11.629], "uv_size": [0.31317, 0.117]},
								"east": {"uv": [7.15008, 10.879], "uv_size": [0.20651, 0.117]},
								"south": {"uv": [7.79008, 10.879], "uv_size": [0.31317, 0.117]},
								"west": {"uv": [7.57675, 10.879], "uv_size": [0.20651, 0.117]},
								"up": {"uv": [7.36341, 10.629], "uv_size": [0.31317, 0.242]},
								"down": {"uv": [7.57675, 10.871], "uv_size": [0.31317, -0.242]}
							}
						},
						{
							"origin": [-1.5, 2, -1],
							"size": [3, 1, 2],
							"inflate": 0.1,
							"uv": {
								"north": {"uv": [4.48341, 11.129], "uv_size": [0.31317, 0.117]},
								"east": {"uv": [4.37675, 11.004], "uv_size": [0.20651, 0.117]},
								"south": {"uv": [5.01675, 11.004], "uv_size": [0.31317, 0.117]},
								"west": {"uv": [4.80341, 11.004], "uv_size": [0.20651, 0.117]},
								"up": {"uv": [3.84341, 10.754], "uv_size": [0.31317, 0.242]},
								"down": {"uv": [3.84341, 11.246], "uv_size": [0.31317, -0.242]}
							}
						},
						{
							"origin": [-0.5, 2.6, 0],
							"size": [1, 1, 1],
							"uv": {
								"north": {"uv": [6.72, 15.875], "uv_size": [0.10667, 0.125]},
								"east": {"uv": [6.61333, 15.875], "uv_size": [0.10667, 0.125]},
								"south": {"uv": [6.93333, 15.875], "uv_size": [0.10667, 0.125]},
								"west": {"uv": [6.82667, 15.875], "uv_size": [0.10667, 0.125]},
								"up": {"uv": [6.72, 15.75], "uv_size": [0.10667, 0.125]},
								"down": {"uv": [6.82667, 15.875], "uv_size": [0.10667, -0.125]}
							}
						}
					]
				},
				{
					"name": "eyes",
					"parent": "headendo",
					"pivot": [0, 6, 0]
				},
				{
					"name": "eyeL",
					"parent": "eyes",
					"pivot": [-2, -1, 1],
					"cubes": [
						{
							"origin": [-3, 5, -1.2],
							"size": [2, 2, 2],
							"uv": {
								"north": {"uv": [11.52341, 1.254], "uv_size": [0.20651, 0.242]},
								"east": {"uv": [11.31008, 1.254], "uv_size": [0.20651, 0.242]},
								"south": {"uv": [8.75008, 13.379], "uv_size": [0.20651, 0.242]},
								"west": {"uv": [11.51659, 1.254], "uv_size": [-0.20651, 0.242]},
								"up": {"uv": [4.59008, 9.379], "uv_size": [0.20651, 0.242]},
								"down": {"uv": [11.52341, 1.371], "uv_size": [0.20651, -0.242]}
							}
						}
					]
				},
				{
					"name": "pupil",
					"parent": "eyeL",
					"pivot": [-2, 6, -0.65],
					"cubes": [
						{
							"origin": [-2.5, 5.5, -1.15],
							"size": [1, 1, 1],
							"uv": {
								"north": {"uv": [11.52341, 1.879], "uv_size": [0.09984, 0.117]}
							}
						},
						{
							"origin": [-2.5, 5.5, -1.3],
							"size": [1, 1, 1],
							"inflate": -0.2,
							"uv": {
								"north": {"uv": [11.52341, 2.004], "uv_size": [0.09984, 0.117]}
							}
						}
					]
				},
				{
					"name": "eyelid",
					"parent": "eyeL",
					"pivot": [-2, 6.55, 1],
					"cubes": [
						{
							"origin": [-3, 6.6, -1],
							"size": [2, 1, 2],
							"inflate": 0.2,
							"uv": {
								"north": {"uv": [11.52341, 1.129], "uv_size": [0.20651, 0.117]},
								"east": {"uv": [11.31008, 1.129], "uv_size": [0.20651, 0.117]},
								"south": {"uv": [6.40341, 2.129], "uv_size": [0.20651, 0.117]},
								"west": {"uv": [11.52341, 1.129], "uv_size": [0.20651, 0.117]},
								"up": {"uv": [11.52341, 1.004], "uv_size": [0.20651, 0.242]},
								"down": {"uv": [11.52341, 1.246], "uv_size": [0.20651, -0.242]}
							}
						}
					]
				},
				{
					"name": "eyeR",
					"parent": "eyes",
					"pivot": [2, -1, 1],
					"cubes": [
						{
							"origin": [1, 5, -1.2],
							"size": [2, 2, 2],
							"uv": {
								"north": {"uv": [11.95008, 1.254], "uv_size": [0.20651, 0.242]},
								"east": {"uv": [12.36992, 1.254], "uv_size": [-0.20651, 0.242]},
								"south": {"uv": [9.07008, 13.504], "uv_size": [0.20651, 0.242]},
								"west": {"uv": [12.16341, 1.254], "uv_size": [0.20651, 0.242]},
								"up": {"uv": [6.19008, 7.754], "uv_size": [0.20651, 0.242]},
								"down": {"uv": [11.95008, 1.371], "uv_size": [0.20651, -0.242]}
							}
						}
					]
				},
				{
					"name": "pupil2",
					"parent": "eyeR",
					"pivot": [2, 6, -0.65],
					"cubes": [
						{
							"origin": [1.5, 5.5, -1.3],
							"size": [1, 1, 1],
							"inflate": -0.2,
							"uv": {
								"north": {"uv": [12.05675, 2.004], "uv_size": [0.09984, 0.117]}
							}
						},
						{
							"origin": [1.5, 5.5, -1.15],
							"size": [1, 1, 1],
							"uv": {
								"north": {"uv": [12.05675, 1.879], "uv_size": [0.09984, 0.117]}
							}
						}
					]
				},
				{
					"name": "eyelid2",
					"parent": "eyeR",
					"pivot": [2, 6.5, 1],
					"cubes": [
						{
							"origin": [1, 6.6, -1],
							"size": [2, 1, 2],
							"inflate": 0.2,
							"uv": {
								"north": {"uv": [11.95008, 1.129], "uv_size": [0.20651, 0.117]},
								"east": {"uv": [11.95008, 1.129], "uv_size": [0.20651, 0.117]},
								"south": {"uv": [1.92341, 6.754], "uv_size": [0.20651, 0.117]},
								"west": {"uv": [12.16341, 1.129], "uv_size": [0.20651, 0.117]},
								"up": {"uv": [11.95008, 1.004], "uv_size": [0.20651, 0.242]},
								"down": {"uv": [11.95008, 1.246], "uv_size": [0.20651, -0.242]}
							}
						}
					]
				},
				{
					"name": "bone4",
					"parent": "headendo",
					"pivot": [0, 4.1, 1],
					"cubes": [
						{
							"origin": [-1.5, 3.5, -1],
							"size": [3, 1, 2],
							"uv": {
								"north": {"uv": [5.97675, 11.379], "uv_size": [0.31317, 0.117]},
								"east": {"uv": [5.76341, 11.379], "uv_size": [0.20651, 0.117]},
								"south": {"uv": [6.40341, 11.379], "uv_size": [0.31317, 0.117]},
								"west": {"uv": [6.19008, 11.379], "uv_size": [0.20651, 0.117]},
								"up": {"uv": [5.97675, 11.129], "uv_size": [0.31317, 0.242]},
								"down": {"uv": [6.19008, 11.371], "uv_size": [0.31317, -0.242]}
							}
						},
						{
							"origin": [-1.5, 4, -1],
							"size": [3, 1, 2],
							"inflate": 0.1,
							"uv": {
								"north": {"uv": [4.48341, 11.129], "uv_size": [0.31317, 0.117]},
								"east": {"uv": [4.37675, 11.004], "uv_size": [0.20651, 0.117]},
								"south": {"uv": [5.01675, 11.004], "uv_size": [0.31317, 0.117]},
								"west": {"uv": [4.80341, 11.004], "uv_size": [0.20651, 0.117]},
								"up": {"uv": [3.84341, 10.754], "uv_size": [0.31317, 0.242]},
								"down": {"uv": [3.84341, 11.246], "uv_size": [0.31317, -0.242]}
							}
						}
					]
				},
				{
					"name": "neck",
					"parent": "feddyHed",
					"pivot": [0, -9, 2]
				}
			]
		}
	]
}