{
	"format_version": "1.12.0",
	"minecraft:geometry": [
		{
			"description": {
				"identifier": "geometry.broom_mop_and_bucket",
				"texture_width": 64,
				"texture_height": 64,
				"visible_bounds_width": 3,
				"visible_bounds_height": 4.5,
				"visible_bounds_offset": [0, 1.75, 0]
			},
			"bones": [
				{
					"name": "cleaning_kit",
					"pivot": [0.0652, 8.57747, 4.94874]
				},
				{
					"name": "broom",
					"parent": "cleaning_kit",
					"pivot": [-4.5, 11.09202, 4.8614],
					"rotation": [-2, 0, 0],
					"cubes": [
						{"origin": [-5.5, 12.01924, 4.8712], "size": [2, 16, 2], "pivot": [-4.5, 14.80255, 5.87062], "rotation": [-4.5, 0, 0], "uv": [0, 30]},
						{"origin": [-6.5, 7.08907, 4.18798], "size": [4, 5, 3], "pivot": [-4.5, 14.80255, 5.87062], "rotation": [-2.5, 0, 0], "uv": [36, 23]},
						{"origin": [-8, 0.17095, 2.75877], "size": [7, 7, 5], "uv": [28, 0]}
					]
				},
				{
					"name": "mop_bucket",
					"parent": "cleaning_kit",
					"pivot": [4.62611, 6.06292, 5.61108],
					"cubes": [
						{"origin": [0.8, 0.2, 0.8], "size": [7, 8, 7], "inflate": 0.2, "uv": [0, 15]},
						{"origin": [3.52189, 6.84938, 5.12357], "size": [2, 18, 2], "pivot": [4.52189, 15.84938, 6.12357], "rotation": [-8, 0, 0], "uv": [28, 23]},
						{"origin": [2.52189, 4.95127, 2.65169], "size": [4, 2, 4], "pivot": [4.52189, 5.95127, 4.65169], "rotation": [-9, 0, 0], "uv": [36, 31]},
						{"origin": [1.52189, 0.30005, 1.47959], "size": [6, 5, 6], "pivot": [4.52189, 2.80005, 4.47959], "rotation": [-1.5, 0, 0], "uv": [28, 12]},
						{"origin": [0.29418, 1.57682, 1.6232], "size": [8, 6, 1], "pivot": [4.29418, 4.57682, 2.1232], "rotation": [-37.5, 0, 0], "uv": [8, 30]},
						{"origin": [0.8, 0.2, 0.8], "size": [7, 8, 7], "uv": [0, 0]}
					]
				}
			]
		}
	]
}