{
	"format_version": "1.21.0",
	"minecraft:geometry": [
		{
			"description": {
				"identifier": "geometry.cardboard_box_small",
				"texture_width": 64,
				"texture_height": 64,
				"visible_bounds_width": 2,
				"visible_bounds_height": 2.5,
				"visible_bounds_offset": [0, 0.75, 0]
			},
			"bones": [
				{
					"name": "bb_main",
					"pivot": [0, 0, 0],
					"cubes": [
						{
							"origin": [-6, 0, -6],
							"size": [12, 9, 12],
							"uv": {
								"north": {"uv": [15, 2], "uv_size": [12, 9]},
								"east": {"uv": [15, 18], "uv_size": [12, 9]},
								"south": {"uv": [29, 0], "uv_size": [12, 9]},
								"west": {"uv": [2, 19], "uv_size": [12, 9]},
								"up": {"uv": [13, 12], "uv_size": [-12, -12], "uv_rotation": 180},
								"down": {"uv": [27, 12], "uv_size": [-12, -12]}
							}
						}
					]
				}
			]
		}
	]
}