{
	"format_version": "1.12.0",
	"minecraft:geometry": [
		{
			"description": {
				"identifier": "geometry.chica_head",
				"texture_width": 16,
				"texture_height": 16,
				"visible_bounds_width": 2,
				"visible_bounds_height": 2.5,
				"visible_bounds_offset": [0, 0.75, 0]
			},
			"bones": [
				{
					"name": "Chica",
					"pivot": [0, 0, 0]
				},
				{
					"name": "upperpart",
					"parent": "Chica",
					"pivot": [0, 16, 2]
				},
				{
					"name": "ChicaHead",
					"parent": "upperpart",
					"pivot": [0, 0, 2],
					"rotation": [-5, 0, 0]
				},
				{
					"name": "head",
					"parent": "ChicaHead",
					"pivot": [0, 0, 2]
				},
				{
					"name": "headsuit",
					"parent": "head",
					"pivot": [0, 1, 4]
				},
				{
					"name": "masktop",
					"parent": "headsuit",
					"pivot": [0, -5, 5.4],
					"cubes": [
						{
							"origin": [-4, 0, -1.1],
							"size": [8, 9, 7],
							"inflate": 0.01,
							"uv": {
								"north": {"uv": [1.754, 1.379], "uv_size": [0.992, 1.117]},
								"east": {"uv": [0.379, 1.379], "uv_size": [0.867, 1.117]},
								"south": {"uv": [0.254, 2.629], "uv_size": [0.992, 1.117]},
								"west": {"uv": [3.254, 1.379], "uv_size": [0.867, 1.117]},
								"up": {"uv": [3.004, 3.379], "uv_size": [0.992, 0.867]},
								"down": {"uv": [4.504, 5.121], "uv_size": [0.992, -0.867]}
							}
						},
						{
							"origin": [-0.5, 3.05, -1.1],
							"size": [1, 3, 0],
							"uv": {
								"north": {"uv": [0, 3.75], "uv_size": [0.125, 0.375]},
								"east": {"uv": [0, 3.75], "uv_size": [0, 0.375]},
								"south": {"uv": [0.125, 3.75], "uv_size": [0.125, 0.375]},
								"west": {"uv": [0.125, 3.75], "uv_size": [0, 0.375]},
								"up": {"uv": [0, 3.75], "uv_size": [0.125, 0]},
								"down": {"uv": [0.125, 3.75], "uv_size": [0.125, 0]}
							}
						},
						{
							"origin": [-4.2, 2.7, -1],
							"size": [4, 4, 0],
							"uv": {
								"north": {"uv": [3, 0.625], "uv_size": [0.5, 0.5]},
								"east": {"uv": [3, 0.625], "uv_size": [0, 0.5]},
								"south": {"uv": [3.5, 0.625], "uv_size": [0.5, 0.5]},
								"west": {"uv": [3.5, 0.625], "uv_size": [0, 0.5]},
								"up": {"uv": [3, 0.625], "uv_size": [0.5, 0]},
								"down": {"uv": [3.5, 0.625], "uv_size": [0.5, 0]}
							}
						},
						{
							"origin": [0.2, 2.7, -1],
							"size": [4, 4, 0],
							"uv": {
								"north": {"uv": [3.5, 0.625], "uv_size": [-0.5, 0.5]},
								"east": {"uv": [3.5, 0.625], "uv_size": [0, 0.5]},
								"south": {"uv": [4, 0.625], "uv_size": [-0.5, 0.5]},
								"west": {"uv": [3, 0.625], "uv_size": [0, 0.5]},
								"up": {"uv": [3.5, 0.625], "uv_size": [-0.5, 0]},
								"down": {"uv": [4, 0.625], "uv_size": [-0.5, 0]}
							}
						},
						{
							"origin": [-4, 0, -1.1],
							"size": [8, 9, 7],
							"inflate": 0.3,
							"uv": {
								"north": {"uv": [13.129, 13.379], "uv_size": [0.992, 1.117]},
								"east": {"uv": [11.629, 13.379], "uv_size": [0.867, 1.117]},
								"south": {"uv": [11.629, 14.633], "uv_size": [0.992, 1.117]},
								"west": {"uv": [14.629, 13.379], "uv_size": [0.867, 1.117]},
								"up": {"uv": [0, 0], "uv_size": [0, 0]},
								"down": {"uv": [0, 0], "uv_size": [0, 0]}
							}
						},
						{
							"origin": [-3.5, 8.2, -1.1],
							"size": [7, 1, 8],
							"inflate": 0.2,
							"uv": {
								"north": {"uv": [13.25, 15.875], "uv_size": [0.875, 0.125]},
								"east": {"uv": [12.25, 15.875], "uv_size": [1, 0.125]},
								"south": {"uv": [15.125, 15.875], "uv_size": [0.875, 0.125]},
								"west": {"uv": [14.125, 15.875], "uv_size": [1, 0.125]},
								"up": {"uv": [13.25, 14.875], "uv_size": [0.875, 1]},
								"down": {"uv": [14.125, 15.875], "uv_size": [0.875, -1]}
							}
						},
						{
							"origin": [-4, 3.5, -1],
							"size": [8, 3, 2],
							"inflate": -0.01,
							"uv": {
								"north": {"uv": [12.625, 12], "uv_size": [1, 0.375]},
								"east": {"uv": [12.375, 12], "uv_size": [0.25, 0.375]},
								"south": {"uv": [13.875, 12], "uv_size": [1, 0.375]},
								"west": {"uv": [13.625, 12], "uv_size": [0.25, 0.375]},
								"up": {"uv": [12.625, 11.75], "uv_size": [1, 0.25]},
								"down": {"uv": [13.625, 12], "uv_size": [1, -0.25]}
							}
						}
					]
				},
				{
					"name": "Pizza6",
					"parent": "masktop",
					"pivot": [4.5, 5.5, 1.5],
					"rotation": [10, 0, 80],
					"cubes": [
						{
							"origin": [7, 5.1, 0],
							"size": [3, 0.1, 3],
							"uv": {
								"north": {"uv": [1.504, 0.129], "uv_size": [0.117, 0.117]},
								"east": {"uv": [1.379, 0.004], "uv_size": [0.117, 0.117]},
								"south": {"uv": [1.504, 0.121], "uv_size": [0.117, -0.117]},
								"west": {"uv": [1.629, 0.004], "uv_size": [0.117, 0.117]},
								"up": {"uv": [1.879, 0.254], "uv_size": [0.367, 0.367]},
								"down": {"uv": [2.254, 0.621], "uv_size": [0.367, -0.367]}
							}
						},
						{
							"origin": [5, 5, 0],
							"size": [2, 1, 3],
							"uv": {
								"north": {"uv": [0.625, 0.5], "uv_size": [0.25, 0.125]},
								"east": {"uv": [0.25, 0.5], "uv_size": [0.375, 0.125]},
								"south": {"uv": [1.25, 0.5], "uv_size": [0.25, 0.125]},
								"west": {"uv": [0.875, 0.5], "uv_size": [0.375, 0.125]},
								"up": {"uv": [0.625, 0.125], "uv_size": [0.25, 0.375]},
								"down": {"uv": [0.875, 0.5], "uv_size": [0.25, -0.375]}
							}
						},
						{
							"origin": [4, 4.5, 0],
							"size": [1, 2, 3],
							"uv": {
								"north": {"uv": [0.625, 1.125], "uv_size": [0.125, 0.25]},
								"east": {"uv": [0.25, 1.125], "uv_size": [0.375, 0.25]},
								"south": {"uv": [1.125, 1.125], "uv_size": [0.125, 0.25]},
								"west": {"uv": [0.75, 1.125], "uv_size": [0.375, 0.25]},
								"up": {"uv": [0.625, 0.75], "uv_size": [0.125, 0.375]},
								"down": {"uv": [0.75, 1.125], "uv_size": [0.125, -0.375]}
							}
						}
					]
				},
				{
					"name": "Topfeather",
					"parent": "masktop",
					"pivot": [-8, -33, 2]
				},
				{
					"name": "Feather1",
					"parent": "Topfeather",
					"pivot": [1, 9, 3],
					"rotation": [165, -75, -150],
					"cubes": [
						{
							"origin": [1, 9, 2],
							"size": [0, 2, 2],
							"pivot": [1, 9, 3],
							"rotation": [0, 90, 0],
							"uv": {
								"north": {"uv": [15.379, 10.879], "uv_size": [-0.008, 0.492]},
								"south": {"uv": [16.004, 10.879], "uv_size": [-0.008, 0.492]},
								"west": {"uv": [9.004, 7.754], "uv_size": [0.242, 0.242]},
								"up": {"uv": [15.371, 10.254], "uv_size": [0.008, 0.617]},
								"down": {"uv": [15.371, 10.871], "uv_size": [0.008, -0.617]}
							}
						},
						{
							"origin": [1, 11, 2.5],
							"size": [0, 1, 1],
							"pivot": [1, 11, 3],
							"rotation": [90, 55.5, 90],
							"uv": {
								"north": {"uv": [15.379, 10.879], "uv_size": [-0.008, 0.492]},
								"south": {"uv": [16.004, 10.879], "uv_size": [-0.008, 0.492]},
								"west": {"uv": [9.129, 7.871], "uv_size": [0.117, -0.117]},
								"up": {"uv": [15.371, 10.254], "uv_size": [0.008, 0.617]},
								"down": {"uv": [15.371, 10.871], "uv_size": [0.008, -0.617]}
							}
						}
					]
				},
				{
					"name": "Feather2",
					"parent": "Topfeather",
					"pivot": [-1, 9, 3],
					"rotation": [165, 75, 150],
					"cubes": [
						{
							"origin": [-1, 9, 2],
							"size": [0, 2, 2],
							"pivot": [-1, 9, 3],
							"rotation": [0, -90, 0],
							"uv": {
								"north": {"uv": [15.379, 10.879], "uv_size": [-0.008, 0.492]},
								"east": {"uv": [9.246, 7.754], "uv_size": [-0.242, 0.242]},
								"south": {"uv": [16.004, 10.879], "uv_size": [-0.008, 0.492]},
								"up": {"uv": [15.371, 10.254], "uv_size": [0.008, 0.617]},
								"down": {"uv": [15.371, 10.871], "uv_size": [0.008, -0.617]}
							}
						},
						{
							"origin": [-1, 11, 2.5],
							"size": [0, 1, 1],
							"pivot": [-1, 11, 3],
							"rotation": [90, -55.5, -90],
							"uv": {
								"north": {"uv": [15.379, 10.879], "uv_size": [-0.008, 0.492]},
								"east": {"uv": [9.246, 7.871], "uv_size": [-0.117, -0.117]},
								"south": {"uv": [16.004, 10.879], "uv_size": [-0.008, 0.492]},
								"up": {"uv": [15.371, 10.254], "uv_size": [0.008, 0.617]},
								"down": {"uv": [15.371, 10.871], "uv_size": [0.008, -0.617]}
							}
						}
					]
				},
				{
					"name": "Feather3",
					"parent": "Topfeather",
					"pivot": [0, 9, 2],
					"rotation": [15, 0, 0],
					"cubes": [
						{
							"origin": [0, 9, 1],
							"size": [0, 2, 2],
							"pivot": [0, 9, 2],
							"rotation": [0, 90, 0],
							"uv": {
								"north": {"uv": [15.379, 10.879], "uv_size": [-0.008, 0.492]},
								"south": {"uv": [16.004, 10.879], "uv_size": [-0.008, 0.492]},
								"west": {"uv": [9.246, 7.754], "uv_size": [-0.242, 0.242]},
								"up": {"uv": [15.371, 10.254], "uv_size": [0.008, 0.617]},
								"down": {"uv": [15.371, 10.871], "uv_size": [0.008, -0.617]}
							}
						},
						{
							"origin": [-1, 11, 2.5],
							"size": [0, 1, 1],
							"pivot": [-1, 11, 2],
							"rotation": [90, 55.5, 90],
							"uv": {
								"north": {"uv": [15.379, 10.879], "uv_size": [-0.008, 0.492]},
								"south": {"uv": [16.004, 10.879], "uv_size": [-0.008, 0.492]},
								"west": {"uv": [9.246, 7.871], "uv_size": [-0.117, -0.117]},
								"up": {"uv": [15.371, 10.254], "uv_size": [0.008, 0.617]},
								"down": {"uv": [15.371, 10.871], "uv_size": [0.008, -0.617]}
							}
						}
					]
				},
				{
					"name": "beaktop",
					"parent": "masktop",
					"pivot": [0, 2.5, -1.1],
					"cubes": [
						{
							"origin": [-2, 2.4, -5],
							"size": [4, 1, 4],
							"uv": {
								"north": {"uv": [5.75, 0.875], "uv_size": [0.5, 0.125]},
								"east": {"uv": [5.25, 0.875], "uv_size": [0.5, 0.125]},
								"south": {"uv": [6.75, 0.875], "uv_size": [0.5, 0.125]},
								"west": {"uv": [6.25, 0.875], "uv_size": [0.5, 0.125]},
								"up": {"uv": [5.75, 0.375], "uv_size": [0.5, 0.5]},
								"down": {"uv": [6.25, 0.875], "uv_size": [0.5, -0.5]}
							}
						},
						{
							"origin": [-1, 3.3, -4.1],
							"size": [2, 1, 3],
							"uv": {
								"north": {"uv": [9.25, 1.25], "uv_size": [0.25, 0.125]},
								"east": {"uv": [8.875, 1.25], "uv_size": [0.375, 0.125]},
								"south": {"uv": [9.875, 1.25], "uv_size": [0.25, 0.125]},
								"west": {"uv": [9.5, 1.25], "uv_size": [0.375, 0.125]},
								"up": {"uv": [9.25, 0.875], "uv_size": [0.25, 0.375]},
								"down": {"uv": [9.5, 1.25], "uv_size": [0.25, -0.375]}
							}
						}
					]
				},
				{
					"name": "bone4",
					"parent": "beaktop",
					"pivot": [0, 2.9, -3]
				},
				{
					"name": "bone8",
					"parent": "bone4",
					"pivot": [0, 2.9, -3]
				},
				{
					"name": "eyebrows",
					"parent": "masktop",
					"pivot": [-3, -0.1, 0]
				},
				{
					"name": "eyebrowL",
					"parent": "eyebrows",
					"pivot": [-2, 6.9, -1],
					"cubes": [
						{
							"origin": [-2.8, 6.5, -1.3],
							"size": [2, 1, 1],
							"uv": {
								"north": {"uv": [1.879, 0.004], "uv_size": [0.242, 0.117]},
								"east": {"uv": [11.629, 8.379], "uv_size": [0.117, 0.117]},
								"south": {"uv": [12.129, 8.379], "uv_size": [0.242, 0.117]},
								"west": {"uv": [12.004, 8.379], "uv_size": [0.117, 0.117]},
								"up": {"uv": [16, 12.129], "uv_size": [0, -0.133]},
								"down": {"uv": [12.004, 8.371], "uv_size": [0.242, -0.117]}
							}
						}
					]
				},
				{
					"name": "eyebrowR",
					"parent": "eyebrows",
					"pivot": [2, 6.9, -1],
					"cubes": [
						{
							"origin": [0.8, 6.5, -1.3],
							"size": [2, 1, 1],
							"uv": {
								"north": {"uv": [2.621, 0.004], "uv_size": [-0.242, 0.117]},
								"east": {"uv": [15.121, 8.379], "uv_size": [-0.117, 0.117]},
								"south": {"uv": [15.371, 8.379], "uv_size": [-0.242, 0.117]},
								"west": {"uv": [14.746, 8.379], "uv_size": [-0.117, 0.117]},
								"up": {"uv": [14.996, 8.254], "uv_size": [-0.242, 0.117]},
								"down": {"uv": [15.246, 8.371], "uv_size": [-0.242, -0.117]}
							}
						}
					]
				},
				{
					"name": "muzzle",
					"parent": "masktop",
					"pivot": [0, -5, 1]
				},
				{
					"name": "hat",
					"parent": "masktop",
					"pivot": [0, 2.25, 3]
				},
				{
					"name": "jaw",
					"parent": "headsuit",
					"pivot": [0, 0.7, 4],
					"cubes": [
						{
							"origin": [-1.5, 0.2, 0],
							"size": [3, 1, 2],
							"inflate": 0.1,
							"uv": {
								"north": {"uv": [5.254, 11.129], "uv_size": [0.367, 0.117]},
								"east": {"uv": [5.129, 11.004], "uv_size": [0.242, 0.117]},
								"south": {"uv": [5.879, 11.004], "uv_size": [0.367, 0.117]},
								"west": {"uv": [5.629, 11.004], "uv_size": [0.242, 0.117]},
								"up": {"uv": [4.504, 10.754], "uv_size": [0.367, 0.242]},
								"down": {"uv": [4.504, 11.246], "uv_size": [0.367, -0.242]}
							}
						},
						{
							"origin": [-1.5, 0.7, 0],
							"size": [3, 1, 2],
							"uv": {
								"north": {"uv": [8.254, 11.629], "uv_size": [0.367, 0.117]},
								"east": {"uv": [8.379, 10.879], "uv_size": [0.242, 0.117]},
								"south": {"uv": [9.129, 10.879], "uv_size": [0.367, 0.117]},
								"west": {"uv": [8.879, 10.879], "uv_size": [0.242, 0.117]},
								"up": {"uv": [8.629, 10.629], "uv_size": [0.367, 0.242]},
								"down": {"uv": [8.879, 10.871], "uv_size": [0.367, -0.242]}
							}
						}
					]
				},
				{
					"name": "beakjaw",
					"parent": "jaw",
					"pivot": [0, 1.3, -1],
					"rotation": [15, 0, 0],
					"cubes": [
						{
							"origin": [-2, 0.6, -5],
							"size": [4, 1, 4],
							"inflate": 0.01,
							"uv": {
								"north": {"uv": [7.75, 0.875], "uv_size": [0.5, 0.125]},
								"east": {"uv": [7.25, 0.875], "uv_size": [0.5, 0.125]},
								"south": {"uv": [8.75, 0.875], "uv_size": [0.5, 0.125]},
								"west": {"uv": [8.25, 0.875], "uv_size": [0.5, 0.125]},
								"up": {"uv": [7.75, 0.375], "uv_size": [0.5, 0.5]},
								"down": {"uv": [8.25, 0.875], "uv_size": [0.5, -0.5]}
							}
						},
						{
							"origin": [-2, 0.2, -5],
							"size": [4, 1, 4],
							"uv": {
								"north": {"uv": [9.25, 0.75], "uv_size": [0.5, 0.125]},
								"east": {"uv": [8.75, 0.75], "uv_size": [0.5, 0.125]},
								"south": {"uv": [10.25, 0.75], "uv_size": [0.5, 0.125]},
								"west": {"uv": [9.75, 0.75], "uv_size": [0.5, 0.125]},
								"up": {"uv": [9.25, 0.25], "uv_size": [0.5, 0.5]},
								"down": {"uv": [9.75, 0.75], "uv_size": [0.5, -0.5]}
							}
						},
						{
							"origin": [-1.5, 1.2, -4.5],
							"size": [3, 1, 3],
							"uv": {
								"north": {"uv": [6.254, 2.004], "uv_size": [0.367, 0.117]},
								"east": {"uv": [5.879, 1.879], "uv_size": [0.367, 0.117]},
								"south": {"uv": [6.879, 2.254], "uv_size": [0.367, 0.242]},
								"west": {"uv": [6.879, 1.879], "uv_size": [0.367, 0.117]},
								"up": {"uv": [6.004, 1.379], "uv_size": [0.367, 0.242]},
								"down": {"uv": [6.004, 1.621], "uv_size": [0.367, -0.242]}
							}
						}
					]
				},
				{
					"name": "bone9",
					"parent": "beakjaw",
					"pivot": [0, 1.1, -3]
				},
				{
					"name": "bone6",
					"parent": "beakjaw",
					"pivot": [1, 2.6, -4]
				},
				{
					"name": "bone7",
					"parent": "beakjaw",
					"pivot": [-1, 2.6, -4]
				},
				{
					"name": "bone5",
					"parent": "beakjaw",
					"pivot": [0, 1.7, -3]
				},
				{
					"name": "bone10",
					"parent": "bone5",
					"pivot": [0, 1.7, -3]
				},
				{
					"name": "headendo",
					"parent": "head",
					"pivot": [0, 1, 4],
					"cubes": [
						{
							"origin": [-3, 3, 1.9],
							"size": [6, 5, 2],
							"inflate": 0.01,
							"uv": {
								"north": {"uv": [14.754, 1.254], "uv_size": [0.742, 0.617]},
								"east": {"uv": [13.371, 2.004], "uv_size": [-0.242, 0.617]},
								"south": {"uv": [12.379, 2.004], "uv_size": [0.742, 0.617]},
								"west": {"uv": [12.371, 2.004], "uv_size": [-0.242, 0.617]},
								"up": {"uv": [12.379, 1.879], "uv_size": [0.742, 0.242]},
								"down": {"uv": [12.379, 2.871], "uv_size": [0.742, -0.242]}
							}
						},
						{
							"origin": [-2, 0, 1.9],
							"size": [4, 3, 2],
							"uv": {
								"north": {"uv": [13.629, 2.754], "uv_size": [0.492, 0.367]},
								"east": {"uv": [15.379, 2.754], "uv_size": [0.242, 0.367]},
								"south": {"uv": [14.879, 2.754], "uv_size": [0.492, 0.367]},
								"west": {"uv": [14.629, 2.754], "uv_size": [0.242, 0.367]},
								"up": {"uv": [14.879, 2.379], "uv_size": [0.492, 0.242]},
								"down": {"uv": [14.879, 3.246], "uv_size": [0.492, -0.242]}
							}
						},
						{
							"origin": [-1.5, -0.5, 2.5],
							"size": [3, 3, 2],
							"uv": {
								"north": {"uv": [0.625, 5.75], "uv_size": [-0.375, 0.375]},
								"east": {"uv": [0.875, 5.75], "uv_size": [-0.25, 0.375]},
								"south": {"uv": [1.25, 5.75], "uv_size": [-0.375, 0.375]},
								"west": {"uv": [0.25, 5.75], "uv_size": [-0.25, 0.375]},
								"up": {"uv": [0.625, 5.5], "uv_size": [-0.375, 0.25]},
								"down": {"uv": [1, 5.75], "uv_size": [-0.375, -0.25]}
							}
						},
						{
							"origin": [-4, 0, 3],
							"size": [8, 5, 0],
							"uv": {
								"north": {"uv": [13.379, 2.504], "uv_size": [0.992, 0.617]}
							}
						},
						{
							"origin": [-1.5, 2.5, 0],
							"size": [3, 1, 2],
							"inflate": 0.1,
							"uv": {
								"north": {"uv": [5.254, 11.129], "uv_size": [0.367, 0.117]},
								"east": {"uv": [5.129, 11.004], "uv_size": [0.242, 0.117]},
								"south": {"uv": [5.879, 11.004], "uv_size": [0.367, 0.117]},
								"west": {"uv": [5.629, 11.004], "uv_size": [0.242, 0.117]},
								"up": {"uv": [4.504, 10.754], "uv_size": [0.367, 0.242]},
								"down": {"uv": [4.504, 11.246], "uv_size": [0.367, -0.242]}
							}
						},
						{
							"origin": [-1.5, 2, 0],
							"size": [3, 1, 2],
							"uv": {
								"north": {"uv": [7.004, 11.379], "uv_size": [0.367, 0.117]},
								"east": {"uv": [6.754, 11.379], "uv_size": [0.242, 0.117]},
								"south": {"uv": [7.504, 11.379], "uv_size": [0.367, 0.117]},
								"west": {"uv": [7.254, 11.379], "uv_size": [0.242, 0.117]},
								"up": {"uv": [7.004, 11.129], "uv_size": [0.367, 0.242]},
								"down": {"uv": [7.254, 11.371], "uv_size": [0.367, -0.242]}
							}
						}
					]
				},
				{
					"name": "earL",
					"parent": "headendo",
					"pivot": [-2.55, 7.5, 2.5],
					"rotation": [0, 0, -75],
					"cubes": [
						{
							"origin": [-3.08242, 7.54261, 2],
							"size": [1, 1, 1],
							"uv": {
								"north": {"uv": [4.129, 0.754], "uv_size": [0.117, 0.117]},
								"east": {"uv": [4.004, 0.754], "uv_size": [0.117, 0.117]},
								"south": {"uv": [4.379, 0.754], "uv_size": [0.117, 0.117]},
								"west": {"uv": [4.254, 0.754], "uv_size": [0.117, 0.117]},
								"up": {"uv": [4.129, 0.629], "uv_size": [0.117, 0.117]},
								"down": {"uv": [4.254, 0.746], "uv_size": [0.117, -0.117]}
							}
						}
					]
				},
				{
					"name": "earR",
					"parent": "headendo",
					"pivot": [2.55, 7.5, 2.5],
					"rotation": [0, 0, 75],
					"cubes": [
						{
							"origin": [2.08242, 7.54261, 2],
							"size": [1, 1, 1],
							"uv": {
								"north": {"uv": [4.004, 4.004], "uv_size": [0.117, 0.117]},
								"east": {"uv": [4.004, 4.129], "uv_size": [0.117, 0.117]},
								"south": {"uv": [4.254, 4.004], "uv_size": [0.117, 0.117]},
								"west": {"uv": [4.129, 4.004], "uv_size": [0.117, 0.117]},
								"up": {"uv": [4.004, 3.879], "uv_size": [0.117, 0.117]},
								"down": {"uv": [4.129, 3.996], "uv_size": [0.117, -0.117]}
							}
						}
					]
				},
				{
					"name": "eyes",
					"parent": "headendo",
					"pivot": [-2, -2, 2]
				},
				{
					"name": "eyeL",
					"parent": "eyes",
					"pivot": [-2, -2, 2],
					"cubes": [
						{
							"origin": [-2.8, 3.9, -1],
							"size": [2, 2, 2],
							"inflate": -0.05,
							"uv": {
								"north": {"uv": [13.746, 1.254], "uv_size": [-0.242, 0.242]},
								"east": {"uv": [13.254, 1.254], "uv_size": [0.242, 0.242]},
								"south": {"uv": [13.746, 6.379], "uv_size": [-0.242, 0.242]},
								"west": {"uv": [13.496, 1.254], "uv_size": [-0.242, 0.242]},
								"up": {"uv": [5.621, 9.379], "uv_size": [-0.242, 0.242]},
								"down": {"uv": [13.746, 1.371], "uv_size": [-0.242, -0.242]}
							}
						}
					]
				},
				{
					"name": "pupil",
					"parent": "eyeL",
					"pivot": [-2, 5, 0.35]
				},
				{
					"name": "eyelid",
					"parent": "eyeL",
					"pivot": [-2, 5.55, 2],
					"cubes": [
						{
							"origin": [-2.8, 5.4, 0],
							"size": [2, 1, 2],
							"inflate": 0.15,
							"uv": {
								"north": {"uv": [13.746, 1.129], "uv_size": [-0.242, 0.117]},
								"east": {"uv": [13.746, 1.129], "uv_size": [-0.242, 0.117]},
								"south": {"uv": [7.746, 2.129], "uv_size": [-0.242, 0.117]},
								"west": {"uv": [13.496, 1.129], "uv_size": [-0.242, 0.117]},
								"up": {"uv": [13.746, 1.004], "uv_size": [-0.242, 0.242]}
							}
						}
					]
				},
				{
					"name": "eyeR",
					"parent": "eyes",
					"pivot": [2, -2, 2],
					"cubes": [
						{
							"origin": [0.8, 3.9, -1],
							"size": [2, 2, 2],
							"inflate": -0.05,
							"uv": {
								"north": {"uv": [14.004, 1.254], "uv_size": [0.242, 0.242]},
								"east": {"uv": [14.496, 1.254], "uv_size": [-0.242, 0.242]},
								"south": {"uv": [14.004, 6.379], "uv_size": [0.242, 0.242]},
								"west": {"uv": [14.254, 1.254], "uv_size": [0.242, 0.242]},
								"up": {"uv": [7.254, 7.754], "uv_size": [0.242, 0.242]},
								"down": {"uv": [14.004, 1.371], "uv_size": [0.242, -0.242]}
							}
						}
					]
				},
				{
					"name": "pupil2",
					"parent": "eyeR",
					"pivot": [2, 5, 0.35]
				},
				{
					"name": "eyelid2",
					"parent": "eyeR",
					"pivot": [2, 5.5, 2],
					"cubes": [
						{
							"origin": [0.8, 5.4, 0],
							"size": [2, 1, 2],
							"inflate": 0.15,
							"uv": {
								"north": {"uv": [14.004, 1.129], "uv_size": [0.242, 0.117]},
								"east": {"uv": [14.004, 1.129], "uv_size": [0.242, 0.117]},
								"south": {"uv": [14.504, 1.129], "uv_size": [0.242, 0.117]},
								"west": {"uv": [14.254, 1.129], "uv_size": [0.242, 0.117]},
								"up": {"uv": [14.004, 1.004], "uv_size": [0.242, 0.242]}
							}
						}
					]
				},
				{
					"name": "neck",
					"parent": "ChicaHead",
					"pivot": [0, -10, 2]
				}
			]
		}
	]
}