{
	"format_version": "1.21.20",
	"minecraft:geometry": [
		{
			"description": {
				"identifier": "geometry.cigarrete",
				"texture_width": 32,
				"texture_height": 32,
				"visible_bounds_width": 2,
				"visible_bounds_height": 2.5,
				"visible_bounds_offset": [0, 0.75, 0]
			},
			"bones": [
				{
					"name": "bone",
					"pivot": [3, 0, -4],
					"rotation": [0, -35, 0],
					"cubes": [
						{
							"origin": [2.5, 0, -2],
							"size": [1, 1, 6],
							"uv": {
								"north": {"uv": [2, 11], "uv_size": [1, 1], "material_instance": "cigarrete"},
								"east": {"uv": [0, 10], "uv_size": [6, 1], "material_instance": "cigarrete"},
								"south": {"uv": [3, 11], "uv_size": [1, 1], "material_instance": "cigarrete"},
								"west": {"uv": [6, 10], "uv_size": [6, 1], "material_instance": "cigarrete"},
								"up": {"uv": [0, 11], "uv_size": [1, 6], "material_instance": "cigarrete"},
								"down": {"uv": [1, 17], "uv_size": [1, -6], "material_instance": "cigarrete"}
							}
						},
						{
							"origin": [3, 0, -8],
							"size": [0, 10, 7],
							"uv": {
								"north": {"uv": [0, 0], "uv_size": [0, 10]},
								"east": {"uv": [0, 0], "uv_size": [7, 10]},
								"south": {"uv": [0, 0], "uv_size": [0, 10]},
								"west": {"uv": [7, 0], "uv_size": [-7, 10]},
								"up": {"uv": [0, 0], "uv_size": [0, 7]},
								"down": {"uv": [0, 7], "uv_size": [0, -7]}
							}
						}
					]
				}
			]
		}
	]
}