{
	"format_version": "1.12.0",
	"minecraft:geometry": [
		{
			"description": {
				"identifier": "geometry.condiment_bottles",
				"texture_width": 32,
				"texture_height": 32,
				"visible_bounds_width": 2,
				"visible_bounds_height": 1.5,
				"visible_bounds_offset": [0, 0.25, 0]
			},
			"bones": [
				{
					"name": "bottles",
					"pivot": [0, 0, 0]
				},
				{
					"name": "ketchup_bottle",
					"parent": "bottles",
					"pivot": [-5, 4.83333, 0],
					"cubes": [
						{"origin": [-5.5, 6, 0], "size": [1, 2, 0], "uv": [0, 16]},
						{"origin": [-6, 5, -1], "size": [2, 1, 2], "uv": [12, 8]},
						{"origin": [-6.5, 0, -1.5], "size": [3, 5, 3], "uv": [0, 0]}
					]
				},
				{
					"name": "mustard_bottle",
					"parent": "bottles",
					"pivot": [0, 4.83333, 0],
					"cubes": [
						{"origin": [-0.5, 6, 0], "size": [1, 2, 0], "uv": [2, 16]},
						{"origin": [-1, 5, -1], "size": [2, 1, 2], "uv": [12, 11]},
						{"origin": [-1.5, 0, -1.5], "size": [3, 5, 3], "uv": [0, 8]}
					]
				},
				{
					"name": "mayonnaise_bottle",
					"parent": "bottles",
					"pivot": [5, 4.83333, 0],
					"cubes": [
						{"origin": [4.5, 6, 0], "size": [1, 2, 0], "uv": [4, 16]},
						{"origin": [4, 5, -1], "size": [2, 1, 2], "uv": [12, 14]},
						{"origin": [3.5, 0, -1.5], "size": [3, 5, 3], "uv": [12, 0]}
					]
				}
			]
		}
	]
}