{
	"format_version": "1.12.0",
	"minecraft:geometry": [
		{
			"description": {
				"identifier": "geometry.cup_of_coffee",
				"texture_width": 16,
				"texture_height": 16,
				"visible_bounds_width": 2,
				"visible_bounds_height": 1.5,
				"visible_bounds_offset": [0, 0.25, 0]
			},
			"bones": [
				{
					"name": "up_0",
					"pivot": [0, 0, 0],
					"cubes": [
						{
							"origin": [-2, 0, -1.5],
							"size": [4, 1, 4],
							"uv": {
								"up": {"uv": [12, 4], "uv_size": [4, 4]},
								"down": {"uv": [12, 8], "uv_size": [4, -4]}
							}
						},
						{
							"origin": [-3, 0, -1.5],
							"size": [1, 6, 4],
							"uv": {
								"east": {"uv": [7, 6], "uv_size": [4, 6]},
								"west": {"uv": [7, 0], "uv_size": [4, 6]},
								"up": {"uv": [0, 1], "uv_size": [1, 4]},
								"down": {"uv": [0, 11], "uv_size": [1, -4]}
							}
						},
						{
							"origin": [-3, 0, 2.5],
							"size": [6, 6, 1],
							"uv": {
								"north": {"uv": [6, 6], "uv_size": [6, 6]},
								"east": {"uv": [6, 6], "uv_size": [1, 6]},
								"south": {"uv": [6, 0], "uv_size": [6, 6]},
								"west": {"uv": [11, 0], "uv_size": [1, 6]},
								"up": {"uv": [0, 0], "uv_size": [6, 1]},
								"down": {"uv": [0, 7], "uv_size": [6, -1]}
							}
						},
						{
							"origin": [2, 0, -1.5],
							"size": [1, 6, 4],
							"uv": {
								"east": {"uv": [7, 6], "uv_size": [4, 6]},
								"west": {"uv": [7, 0], "uv_size": [4, 6]},
								"up": {"uv": [5, 1], "uv_size": [1, 4]},
								"down": {"uv": [5, 11], "uv_size": [1, -4]}
							}
						},
						{
							"origin": [-3, 0, -2.5],
							"size": [6, 6, 1],
							"uv": {
								"north": {"uv": [6, 6], "uv_size": [6, 6]},
								"east": {"uv": [11, 6], "uv_size": [1, 6]},
								"south": {"uv": [12, 0], "uv_size": [-6, 6]},
								"west": {"uv": [6, 0], "uv_size": [1, 6]},
								"up": {"uv": [0, 5], "uv_size": [6, 1]},
								"down": {"uv": [0, 12], "uv_size": [6, -1]}
							}
						},
						{
							"origin": [0, 1, -4.5],
							"size": [0, 4, 3],
							"uv": {
								"east": {"uv": [15, 8], "uv_size": [-3, 4]},
								"south": {"uv": [0, 0], "uv_size": [0, 5]}
							}
						},
						{
							"origin": [-2, 1, -1.5],
							"size": [4, 4, 4],
							"uv": {
								"up": {"uv": [16, 4], "uv_size": [-4, -4]}
							}
						}
					]
				},
				{
					"name": "side",
					"pivot": [-0.5, 5, 13.5],
					"cubes": [
						{
							"origin": [-2, 0, -1.5],
							"size": [4, 1, 4],
							"uv": {
								"up": {"uv": [12, 4], "uv_size": [4, 4]},
								"down": {"uv": [12, 8], "uv_size": [4, -4]}
							}
						},
						{
							"origin": [-3, 0, -1.5],
							"size": [1, 6, 4],
							"uv": {
								"east": {"uv": [7, 6], "uv_size": [4, 6]},
								"west": {"uv": [7, 0], "uv_size": [4, 6]},
								"up": {"uv": [0, 1], "uv_size": [1, 4]},
								"down": {"uv": [0, 11], "uv_size": [1, -4]}
							}
						},
						{
							"origin": [-3, 0, 2.5],
							"size": [6, 6, 1],
							"uv": {
								"north": {"uv": [6, 6], "uv_size": [6, 6]},
								"east": {"uv": [6, 6], "uv_size": [1, 6]},
								"south": {"uv": [6, 0], "uv_size": [6, 6]},
								"west": {"uv": [11, 0], "uv_size": [1, 6]},
								"up": {"uv": [0, 0], "uv_size": [6, 1]},
								"down": {"uv": [0, 7], "uv_size": [6, -1]}
							}
						},
						{
							"origin": [2, 0, -1.5],
							"size": [1, 6, 4],
							"uv": {
								"east": {"uv": [7, 6], "uv_size": [4, 6]},
								"west": {"uv": [7, 0], "uv_size": [4, 6]},
								"up": {"uv": [5, 1], "uv_size": [1, 4]},
								"down": {"uv": [5, 11], "uv_size": [1, -4]}
							}
						},
						{
							"origin": [-3, 0, -2.5],
							"size": [6, 6, 1],
							"uv": {
								"north": {"uv": [6, 6], "uv_size": [6, 6]},
								"east": {"uv": [11, 6], "uv_size": [1, 6]},
								"south": {"uv": [12, 0], "uv_size": [-6, 6]},
								"west": {"uv": [6, 0], "uv_size": [1, 6]},
								"up": {"uv": [0, 5], "uv_size": [6, 1]},
								"down": {"uv": [0, 12], "uv_size": [6, -1]}
							}
						},
						{
							"origin": [0, 1, -4.5],
							"size": [0, 4, 3],
							"uv": {
								"east": {"uv": [15, 8], "uv_size": [-3, 4]},
								"south": {"uv": [0, 0], "uv_size": [0, 5]}
							}
						},
						{
							"origin": [-2, 1, -1.5],
							"size": [4, 4, 4],
							"uv": {
								"up": {"uv": [16, 4], "uv_size": [-4, -4]}
							}
						}
					]
				},
				{
					"name": "up_22_5",
					"pivot": [-0.5, 0, -0.5],
					"rotation": [0, 22.5, 0],
					"cubes": [
						{
							"origin": [-2, 0, -1.5],
							"size": [4, 1, 4],
							"uv": {
								"up": {"uv": [12, 4], "uv_size": [4, 4]},
								"down": {"uv": [12, 8], "uv_size": [4, -4]}
							}
						},
						{
							"origin": [-3, 0, -1.5],
							"size": [1, 6, 4],
							"uv": {
								"east": {"uv": [7, 6], "uv_size": [4, 6]},
								"west": {"uv": [7, 0], "uv_size": [4, 6]},
								"up": {"uv": [0, 1], "uv_size": [1, 4]},
								"down": {"uv": [0, 11], "uv_size": [1, -4]}
							}
						},
						{
							"origin": [-3, 0, 2.5],
							"size": [6, 6, 1],
							"uv": {
								"north": {"uv": [6, 6], "uv_size": [6, 6]},
								"east": {"uv": [6, 6], "uv_size": [1, 6]},
								"south": {"uv": [6, 0], "uv_size": [6, 6]},
								"west": {"uv": [11, 0], "uv_size": [1, 6]},
								"up": {"uv": [0, 0], "uv_size": [6, 1]},
								"down": {"uv": [0, 7], "uv_size": [6, -1]}
							}
						},
						{
							"origin": [2, 0, -1.5],
							"size": [1, 6, 4],
							"uv": {
								"east": {"uv": [7, 6], "uv_size": [4, 6]},
								"west": {"uv": [7, 0], "uv_size": [4, 6]},
								"up": {"uv": [5, 1], "uv_size": [1, 4]},
								"down": {"uv": [5, 11], "uv_size": [1, -4]}
							}
						},
						{
							"origin": [-3, 0, -2.5],
							"size": [6, 6, 1],
							"uv": {
								"north": {"uv": [6, 6], "uv_size": [6, 6]},
								"east": {"uv": [11, 6], "uv_size": [1, 6]},
								"south": {"uv": [12, 0], "uv_size": [-6, 6]},
								"west": {"uv": [6, 0], "uv_size": [1, 6]},
								"up": {"uv": [0, 5], "uv_size": [6, 1]},
								"down": {"uv": [0, 12], "uv_size": [6, -1]}
							}
						},
						{
							"origin": [0, 1, -4.5],
							"size": [0, 4, 3],
							"uv": {
								"east": {"uv": [15, 8], "uv_size": [-3, 4]},
								"south": {"uv": [0, 0], "uv_size": [0, 5]}
							}
						},
						{
							"origin": [-2, 1, -1.5],
							"size": [4, 4, 4],
							"uv": {
								"up": {"uv": [16, 4], "uv_size": [-4, -4]}
							}
						}
					]
				},
				{
					"name": "up_45",
					"pivot": [-0.5, 0, -0.5],
					"rotation": [0, 45, 0],
					"cubes": [
						{
							"origin": [-2, 0, -1.5],
							"size": [4, 1, 4],
							"uv": {
								"up": {"uv": [12, 4], "uv_size": [4, 4]},
								"down": {"uv": [12, 8], "uv_size": [4, -4]}
							}
						},
						{
							"origin": [-3, 0, -1.5],
							"size": [1, 6, 4],
							"uv": {
								"east": {"uv": [7, 6], "uv_size": [4, 6]},
								"west": {"uv": [7, 0], "uv_size": [4, 6]},
								"up": {"uv": [0, 1], "uv_size": [1, 4]},
								"down": {"uv": [0, 11], "uv_size": [1, -4]}
							}
						},
						{
							"origin": [-3, 0, 2.5],
							"size": [6, 6, 1],
							"uv": {
								"north": {"uv": [6, 6], "uv_size": [6, 6]},
								"east": {"uv": [6, 6], "uv_size": [1, 6]},
								"south": {"uv": [6, 0], "uv_size": [6, 6]},
								"west": {"uv": [11, 0], "uv_size": [1, 6]},
								"up": {"uv": [0, 0], "uv_size": [6, 1]},
								"down": {"uv": [0, 7], "uv_size": [6, -1]}
							}
						},
						{
							"origin": [2, 0, -1.5],
							"size": [1, 6, 4],
							"uv": {
								"east": {"uv": [7, 6], "uv_size": [4, 6]},
								"west": {"uv": [7, 0], "uv_size": [4, 6]},
								"up": {"uv": [5, 1], "uv_size": [1, 4]},
								"down": {"uv": [5, 11], "uv_size": [1, -4]}
							}
						},
						{
							"origin": [-3, 0, -2.5],
							"size": [6, 6, 1],
							"uv": {
								"north": {"uv": [6, 6], "uv_size": [6, 6]},
								"east": {"uv": [11, 6], "uv_size": [1, 6]},
								"south": {"uv": [12, 0], "uv_size": [-6, 6]},
								"west": {"uv": [6, 0], "uv_size": [1, 6]},
								"up": {"uv": [0, 5], "uv_size": [6, 1]},
								"down": {"uv": [0, 12], "uv_size": [6, -1]}
							}
						},
						{
							"origin": [0, 1, -4.5],
							"size": [0, 4, 3],
							"uv": {
								"east": {"uv": [15, 8], "uv_size": [-3, 4]},
								"south": {"uv": [0, 0], "uv_size": [0, 5]}
							}
						},
						{
							"origin": [-2, 1, -1.5],
							"size": [4, 4, 4],
							"uv": {
								"up": {"uv": [16, 4], "uv_size": [-4, -4]}
							}
						}
					]
				},
				{
					"name": "up_67_5",
					"pivot": [-0.5, 0, -0.5],
					"rotation": [0, 67.5, 0],
					"cubes": [
						{
							"origin": [-2, 0, -1.5],
							"size": [4, 1, 4],
							"uv": {
								"up": {"uv": [12, 4], "uv_size": [4, 4]},
								"down": {"uv": [12, 8], "uv_size": [4, -4]}
							}
						},
						{
							"origin": [-3, 0, -1.5],
							"size": [1, 6, 4],
							"uv": {
								"east": {"uv": [7, 6], "uv_size": [4, 6]},
								"west": {"uv": [7, 0], "uv_size": [4, 6]},
								"up": {"uv": [0, 1], "uv_size": [1, 4]},
								"down": {"uv": [0, 11], "uv_size": [1, -4]}
							}
						},
						{
							"origin": [-3, 0, 2.5],
							"size": [6, 6, 1],
							"uv": {
								"north": {"uv": [6, 6], "uv_size": [6, 6]},
								"east": {"uv": [6, 6], "uv_size": [1, 6]},
								"south": {"uv": [6, 0], "uv_size": [6, 6]},
								"west": {"uv": [11, 0], "uv_size": [1, 6]},
								"up": {"uv": [0, 0], "uv_size": [6, 1]},
								"down": {"uv": [0, 7], "uv_size": [6, -1]}
							}
						},
						{
							"origin": [2, 0, -1.5],
							"size": [1, 6, 4],
							"uv": {
								"east": {"uv": [7, 6], "uv_size": [4, 6]},
								"west": {"uv": [7, 0], "uv_size": [4, 6]},
								"up": {"uv": [5, 1], "uv_size": [1, 4]},
								"down": {"uv": [5, 11], "uv_size": [1, -4]}
							}
						},
						{
							"origin": [-3, 0, -2.5],
							"size": [6, 6, 1],
							"uv": {
								"north": {"uv": [6, 6], "uv_size": [6, 6]},
								"east": {"uv": [11, 6], "uv_size": [1, 6]},
								"south": {"uv": [12, 0], "uv_size": [-6, 6]},
								"west": {"uv": [6, 0], "uv_size": [1, 6]},
								"up": {"uv": [0, 5], "uv_size": [6, 1]},
								"down": {"uv": [0, 12], "uv_size": [6, -1]}
							}
						},
						{
							"origin": [0, 1, -4.5],
							"size": [0, 4, 3],
							"uv": {
								"east": {"uv": [15, 8], "uv_size": [-3, 4]},
								"south": {"uv": [0, 0], "uv_size": [0, 5]}
							}
						},
						{
							"origin": [-2, 1, -1.5],
							"size": [4, 4, 4],
							"uv": {
								"up": {"uv": [16, 4], "uv_size": [-4, -4]}
							}
						}
					]
				}
			]
		}
	]
}