{
	"format_version": "1.12.0",
	"minecraft:geometry": [
		{
			"description": {
				"identifier": "geometry.cupcake",
				"texture_width": 16,
				"texture_height": 16,
				"visible_bounds_width": 2,
				"visible_bounds_height": 2.5,
				"visible_bounds_offset": [0, 0.75, 0]
			},
			"bones": [
				{
					"name": "cupcake",
					"pivot": [16.5, 1, 0.5],
					"cubes": [
						{
							"origin": [-2.5, 0, -2.5],
							"size": [5, 3, 5],
							"uv": {
								"north": {"uv": [7.5, 8], "uv_size": [2.5, 1.5]},
								"east": {"uv": [7.5, 8], "uv_size": [2.5, 1.5]},
								"south": {"uv": [7.5, 8], "uv_size": [2.5, 1.5]},
								"west": {"uv": [7.5, 8], "uv_size": [2.5, 1.5]},
								"up": {"uv": [12.5, 13.5], "uv_size": [-2.5, -2.5]},
								"down": {"uv": [12.5, 13.5], "uv_size": [-2.5, -2.5]}
							}
						},
						{
							"origin": [-1.9, 7, -2],
							"size": [4, 1, 4],
							"uv": {
								"north": {"uv": [9.5, 7], "uv_size": [2, 0.5]},
								"east": {"uv": [9.5, 7.5], "uv_size": [2, 0.5]},
								"south": {"uv": [9.5, 9.5], "uv_size": [2, 0.5]},
								"west": {"uv": [10, 0], "uv_size": [2, 0.5]},
								"up": {"uv": [7.5, 4], "uv_size": [2, 2]},
								"down": {"uv": [7.5, 8], "uv_size": [2, -2]}
							}
						},
						{
							"origin": [-0.9, 8, -1],
							"size": [2, 3, 2],
							"uv": {
								"north": {"uv": [9.5, 4], "uv_size": [1, 1.5]},
								"east": {"uv": [9.5, 5.5], "uv_size": [1, 1.5]},
								"south": {"uv": [7.5, 9.5], "uv_size": [1, 1.5]},
								"west": {"uv": [8.5, 9.5], "uv_size": [1, 1.5]},
								"up": {"uv": [10, 0.5], "uv_size": [1, 1]},
								"down": {"uv": [10, 2.5], "uv_size": [1, -1]}
							}
						},
						{
							"origin": [-0.4, 11, 0],
							"size": [1, 1, 0],
							"uv": {
								"north": {"uv": [10, 2.5], "uv_size": [0.5, 0.5]},
								"east": {"uv": [0, 0], "uv_size": [0, 0.5]},
								"south": {"uv": [10, 3], "uv_size": [0.5, 0.5]},
								"west": {"uv": [0, 0], "uv_size": [0, 0.5]},
								"up": {"uv": [0, 0], "uv_size": [0.5, 0]},
								"down": {"uv": [0, 0], "uv_size": [0.5, 0]}
							}
						},
						{
							"origin": [-2.5, 3, -2.5],
							"size": [5, 4, 5],
							"uv": {
								"north": {"uv": [2.5, 5], "uv_size": [2.5, 2]},
								"east": {"uv": [5, 2.5], "uv_size": [2.5, 2]},
								"south": {"uv": [5, 4.5], "uv_size": [2.5, 2]},
								"west": {"uv": [5, 6.5], "uv_size": [2.5, 2]},
								"up": {"uv": [2.5, 0], "uv_size": [2.5, 2.5]},
								"down": {"uv": [2.5, 5], "uv_size": [2.5, -2.5]}
							}
						},
						{
							"origin": [-2.5, 2, -2.5],
							"size": [5, 5, 5],
							"inflate": 0.3,
							"uv": {
								"north": {"uv": [2.5, 10.5], "uv_size": [2.5, 2.5]},
								"east": {"uv": [5, 10.5], "uv_size": [2.5, 2.5]},
								"south": {"uv": [7.5, 11], "uv_size": [2.5, 2.5]},
								"west": {"uv": [7.5, 10.5], "uv_size": [-2.5, 2.5]},
								"up": {"uv": [0, 5], "uv_size": [2.5, 2.5]},
								"down": {"uv": [5, 2.5], "uv_size": [2.5, -2.5]}
							}
						},
						{
							"origin": [-2, 4.5, -2.6],
							"size": [4, 1, 0],
							"uv": {
								"north": {"uv": [0, 11], "uv_size": [2, 0.5]},
								"east": {"uv": [0, 11], "uv_size": [0, 0.5]},
								"south": {"uv": [0, 11], "uv_size": [2, 0.5]},
								"west": {"uv": [0, 11], "uv_size": [0, 0.5]}
							}
						},
						{
							"origin": [-2.5, 5.6, -2.6],
							"size": [5, 1, 2],
							"inflate": 0.1,
							"uv": {
								"north": {"uv": [0, 12], "uv_size": [2.5, 0.5]},
								"east": {"uv": [0, 12], "uv_size": [1, 0.5]},
								"west": {"uv": [0, 12], "uv_size": [1, 0.5]}
							}
						},
						{
							"origin": [-2, 2.1, -2.6],
							"size": [4, 1, 0],
							"uv": {
								"north": {"uv": [0, 11.5], "uv_size": [2, 0.5]}
							}
						}
					]
				}
			]
		}
	]
}