{
	"format_version": "1.12.0",
	"minecraft:geometry": [
		{
			"description": {
				"identifier": "geometry.deep_fryer_machine",
				"texture_width": 96,
				"texture_height": 96,
				"visible_bounds_width": 2,
				"visible_bounds_height": 3.5,
				"visible_bounds_offset": [
					0,
					1.25,
					0
				]
			},
			"bones": [
				{
					"name": "deep_fryer",
					"pivot": [
						0.625,
						16,
						1.49975
					],
					"cubes": [
						{
							"origin": [
								-8,
								23,
								7.999
							],
							"size": [
								16,
								3,
								0
							],
							"uv": [
								60,
								62
							]
						},
						{
							"origin": [
								-8,
								14,
								5
							],
							"size": [
								16,
								9,
								3
							],
							"uv": [
								0,
								44
							]
						},
						{
							"origin": [
								-1,
								12,
								-9
							],
							"size": [
								7,
								2,
								1
							],
							"pivot": [
								2.5,
								13,
								-8.5
							],
							"rotation": [
								-15,
								0,
								0
							],
							"uv": [
								64,
								16
							]
						},
						{
							"origin": [
								-8,
								2,
								-8
							],
							"size": [
								16,
								12,
								16
							],
							"uv": [
								0,
								0
							]
						}
					]
				},
				{
					"name": "baskets",
					"parent": "deep_fryer",
					"pivot": [
						0,
						-1,
						0
					]
				},
				{
					"name": "fryer_basket1",
					"parent": "baskets",
					"pivot": [
						-4.01,
						20.83087,
						-6.01687
					],
					"rotation": [
						7.5,
						0,
						0
					],
					"cubes": [
						{
							"origin": [
								-5.01,
								23.64332,
								-13.90144
							],
							"size": [
								2,
								2,
								6
							],
							"pivot": [
								-4.01,
								24.64332,
								-10.90144
							],
							"rotation": [
								2.5,
								0,
								0
							],
							"uv": [
								64,
								0
							]
						},
						{
							"origin": [
								-5.01,
								15.85624,
								-7.51879
							],
							"size": [
								2,
								9,
								2
							],
							"pivot": [
								-4.01,
								20.35624,
								-6.51879
							],
							"rotation": [
								5,
								0,
								0
							],
							"uv": [
								60,
								65
							]
						},
						{
							"origin": [
								-7.01,
								14.99305,
								-5.13039
							],
							"size": [
								6,
								5,
								9
							],
							"uv": [
								0,
								56
							]
						}
					]
				},
				{
					"name": "fryer_basket2",
					"parent": "baskets",
					"pivot": [
						3.99,
						20.83087,
						-6.01687
					],
					"rotation": [
						7.5,
						0,
						0
					],
					"cubes": [
						{
							"origin": [
								2.99,
								23.64332,
								-13.90144
							],
							"size": [
								2,
								2,
								6
							],
							"pivot": [
								3.99,
								24.64332,
								-10.90144
							],
							"rotation": [
								2.5,
								0,
								0
							],
							"uv": [
								64,
								8
							]
						},
						{
							"origin": [
								2.99,
								15.85624,
								-7.51879
							],
							"size": [
								2,
								9,
								2
							],
							"pivot": [
								3.99,
								20.35624,
								-6.51879
							],
							"rotation": [
								5,
								0,
								0
							],
							"uv": [
								68,
								44
							]
						},
						{
							"origin": [
								0.99,
								14.99305,
								-5.13039
							],
							"size": [
								6,
								5,
								9
							],
							"uv": [
								30,
								60
							]
						}
					]
				},
				{
					"name": "fryer",
					"parent": "deep_fryer",
					"pivot": [
						-0.00333,
						18.47197,
						1.33047
					],
					"cubes": [
						{
							"origin": [
								-8,
								21,
								4
							],
							"size": [
								16,
								1,
								1
							],
							"uv": [
								60,
								60
							]
						},
						{
							"origin": [
								-6.01,
								20.91591,
								3.49142
							],
							"size": [
								4,
								1,
								1
							],
							"pivot": [
								-4.01,
								21.41591,
								3.99142
							],
							"rotation": [
								52.5,
								0,
								0
							],
							"uv": [
								64,
								19
							]
						},
						{
							"origin": [
								1.99,
								20.91591,
								3.49142
							],
							"size": [
								4,
								1,
								1
							],
							"pivot": [
								3.99,
								21.41591,
								3.99142
							],
							"rotation": [
								52.5,
								0,
								0
							],
							"uv": [
								64,
								21
							]
						},
						{
							"origin": [
								-8,
								14,
								-8
							],
							"size": [
								7,
								3,
								13
							],
							"uv": [
								0,
								28
							]
						},
						{
							"origin": [
								-1,
								14,
								-8
							],
							"size": [
								2,
								3,
								13
							],
							"uv": [
								38,
								44
							]
						},
						{
							"origin": [
								1,
								14,
								-8
							],
							"size": [
								7,
								3,
								13
							],
							"uv": [
								40,
								28
							]
						}
					]
				},
				{
					"name": "leveling_legs",
					"parent": "deep_fryer",
					"pivot": [
						0,
						1,
						0
					],
					"cubes": [
						{
							"origin": [
								-7,
								0,
								5
							],
							"size": [
								2,
								2,
								2
							],
							"uv": [
								30,
								56
							]
						},
						{
							"origin": [
								5,
								0,
								5
							],
							"size": [
								2,
								2,
								2
							],
							"uv": [
								64,
								23
							]
						},
						{
							"origin": [
								-7,
								0,
								-7
							],
							"size": [
								2,
								2,
								2
							],
							"uv": [
								68,
								55
							]
						},
						{
							"origin": [
								5,
								0,
								-7
							],
							"size": [
								2,
								2,
								2
							],
							"uv": [
								68,
								65
							]
						}
					]
				}
			]
		}
	]
}