{
	"format_version": "1.21.20",
	"minecraft:geometry": [
		{
			"description": {
				"identifier": "geometry.door_buttons_office",
				"texture_width": 32,
				"texture_height": 32,
				"visible_bounds_width": 3,
				"visible_bounds_height": 3,
				"visible_bounds_offset": [0, 0.5, 0]
			},
			"bones": [
				{
					"name": "bb_main",
					"pivot": [0, 0, 0],
					"cubes": [
						{
							"origin": [-4, -2, 6],
							"size": [8, 20, 2],
							"uv": {
								"north": {"uv": [0, 0], "uv_size": [8, 20]},
								"east": {"uv": [16, 0], "uv_size": [2, 20]},
								"south": {"uv": [8, 0], "uv_size": [8, 20]},
								"west": {"uv": [18, 0], "uv_size": [2, 20]},
								"up": {"uv": [12, 20], "uv_size": [8, 2]},
								"down": {"uv": [20, 14], "uv_size": [8, -2]}
							}
						}
					]
				},
				{
					"name": "door_off",
					"pivot": [0, 0, -1],
					"cubes": [
						{
							"origin": [-3, 10, 5],
							"size": [6, 6, 1],
							"uv": {
								"north": {"uv": [0, 20], "uv_size": [6, 6]},
								"east": {"uv": [20, 14], "uv_size": [1, 6]},
								"south": {"uv": [20, 0], "uv_size": [6, 6]},
								"west": {"uv": [20, 20], "uv_size": [1, 6]},
								"up": {"uv": [21, 14], "uv_size": [6, 1]},
								"down": {"uv": [21, 16], "uv_size": [6, -1]}
							}
						}
					]
				},
				{
					"name": "door_on",
					"pivot": [0, 0, 0],
					"cubes": [
						{
							"origin": [-3, 10, 6],
							"size": [6, 6, 1],
							"uv": {
								"north": {"uv": [0, 20], "uv_size": [6, 6]},
								"east": {"uv": [20, 14], "uv_size": [1, 6]},
								"south": {"uv": [20, 0], "uv_size": [6, 6]},
								"west": {"uv": [20, 20], "uv_size": [1, 6]},
								"up": {"uv": [21, 14], "uv_size": [6, 1]},
								"down": {"uv": [21, 16], "uv_size": [6, -1]}
							}
						}
					]
				},
				{
					"name": "light_off",
					"pivot": [0, 0, 0],
					"cubes": [
						{
							"origin": [-3, 1, 6],
							"size": [6, 6, 1],
							"uv": {
								"north": {"uv": [6, 20], "uv_size": [6, 6]},
								"east": {"uv": [21, 16], "uv_size": [1, 6]},
								"south": {"uv": [20, 6], "uv_size": [6, 6]},
								"west": {"uv": [12, 22], "uv_size": [1, 6]},
								"up": {"uv": [13, 22], "uv_size": [6, 1]},
								"down": {"uv": [22, 17], "uv_size": [6, -1]}
							}
						}
					]
				},
				{
					"name": "light_on",
					"pivot": [0, 0, -1],
					"cubes": [
						{
							"origin": [-3, 1, 5],
							"size": [6, 6, 1],
							"uv": {
								"north": {"uv": [6, 20], "uv_size": [6, 6]},
								"east": {"uv": [21, 16], "uv_size": [1, 6]},
								"south": {"uv": [20, 6], "uv_size": [6, 6]},
								"west": {"uv": [12, 22], "uv_size": [1, 6]},
								"up": {"uv": [13, 22], "uv_size": [6, 1]},
								"down": {"uv": [22, 17], "uv_size": [6, -1]}
							}
						}
					]
				}
			],
			"item_display_transforms": {
				"thirdperson_righthand": {
					"rotation": [75, 45, 0],
					"translation": [0, 2.5, 0],
					"scale": [0.375, 0.375, 0.375],
					"rotation_pivot": [0, 0, 0],
					"scale_pivot": [0, 0, 0]
				},
				"thirdperson_lefthand": {
					"rotation": [75, 45, 0],
					"translation": [0, 2.5, 0],
					"scale": [0.375, 0.375, 0.375],
					"rotation_pivot": [0, 0, 0],
					"scale_pivot": [0, 0, 0]
				},
				"firstperson_righthand": {
					"rotation": [-180, 57.75, -180],
					"translation": [-1.25, 2.5, 2.25],
					"scale": [0.4, 0.4, 0.4],
					"rotation_pivot": [0, 0, 0],
					"scale_pivot": [0, 0, 0]
				},
				"firstperson_lefthand": {
					"rotation": [-180, 57.75, -180],
					"translation": [-1.25, 2.5, 2.25],
					"scale": [0.4, 0.4, 0.4],
					"rotation_pivot": [0, 0, 0],
					"scale_pivot": [0, 0, 0]
				},
				"ground": {
					"rotation": [0, 0, 0],
					"translation": [0, 3, 0],
					"scale": [0.25, 0.25, 0.25],
					"rotation_pivot": [0, 0, 0],
					"scale_pivot": [0, 0, 0]
				},
				"gui": {
					"rotation": [30, -135, 0],
					"translation": [3.5, -1.5, 0],
					"scale": [0.625, 0.625, 0.625],
					"rotation_pivot": [0, 0, 0],
					"scale_pivot": [0, 0, 0],
					"fit_to_frame": false
				},
				"head": {
					"rotation": [-180, 0.25, -180],
					"translation": [0, 0, 14.5],
					"scale": [1, 1, 1],
					"rotation_pivot": [0, 0, 0],
					"scale_pivot": [0, 0, 0]
				},
				"fixed": {
					"rotation": [0, 0, 0],
					"translation": [0, 0, -3.25],
					"scale": [0.5, 0.5, 0.5],
					"rotation_pivot": [0, 0, 0],
					"scale_pivot": [0, 0, 0]
				}
			}
		}
	]
}