{
	"format_version": "1.12.0",
	"minecraft:geometry": [
		{
			"description": {
				"identifier": "geometry.door_frame_thin_corner_top_right",
				"texture_width": 16,
				"texture_height": 16,
				"visible_bounds_width": 5,
				"visible_bounds_height": 2.5,
				"visible_bounds_offset": [0, 0.75, 0]
			},
			"bones": [
				{
					"name": "bb_main",
					"pivot": [0, 0, 0],
					"cubes": [
						{
							"origin": [-1, 0, -1],
							"size": [2, 2, 2],
							"uv": {}
						}
					]
				},
				{
					"name": "bone3",
					"pivot": [-24, 17, 7],
					"cubes": [
						{
							"origin": [7, 0, 7],
							"size": [2, 15, 5],
							"uv": {
								"north": {"uv": [3.5, 11.25], "uv_size": [0.5, 3.75], "material_instance": "window"},
								"east": {"uv": [14.5, 0.75], "uv_size": [1.25, 4.25], "material_instance": "window"},
								"south": {"uv": [4, 11.25], "uv_size": [-0.5, 3.75], "material_instance": "window"},
								"west": {"uv": [14.5, 0.75], "uv_size": [1.25, 4.25], "material_instance": "window"},
								"up": {"uv": [6, 9.25], "uv_size": [0.5, 1.25], "material_instance": "window"},
								"down": {"uv": [6.5, 10.5], "uv_size": [0.5, -1.25], "material_instance": "window"}
							}
						},
						{
							"origin": [-8, 15, 7],
							"size": [17, 2, 5],
							"uv": {
								"north": {"uv": [8.5, 3.75], "uv_size": [4.25, 0.5], "material_instance": "window"},
								"east": {"uv": [3.5, 9.25], "uv_size": [1.25, 0.5], "material_instance": "window"},
								"south": {"uv": [12.75, 3.75], "uv_size": [-4.25, 0.5], "material_instance": "window"},
								"west": {"uv": [4.75, 9.25], "uv_size": [1.25, 0.5], "material_instance": "window"},
								"up": {"uv": [0, 0], "uv_size": [4.25, 1.25], "material_instance": "window"},
								"down": {"uv": [0, 2.5], "uv_size": [4.25, -1.25], "material_instance": "window"}
							}
						}
					]
				}
			]
		}
	]
}