{
	"format_version": "1.12.0",
	"minecraft:geometry": [
		{
			"description": {
				"identifier": "geometry.door_frame_thin_corner_bottom_right",
				"texture_width": 64,
				"texture_height": 64,
				"visible_bounds_width": 5,
				"visible_bounds_height": 2.5,
				"visible_bounds_offset": [0, 0.75, 0]
			},
			"bones": [
				{
					"name": "bb_main",
					"pivot": [0, 0, 0],
					"cubes": [
						{
							"origin": [-1, 0, -1],
							"size": [2, 2, 2],
							"uv": {}
						}
					]
				},
				{
					"name": "bone3",
					"pivot": [-24, 17, 7],
					"cubes": [
						{
							"origin": [7, 0, 7],
							"size": [2, 17, 5],
							"uv": {
								"north": {"uv": [56, 3], "uv_size": [2, 17], "material_instance": "window"},
								"east": {"uv": [58, 3], "uv_size": [5, 17], "material_instance": "window"},
								"south": {"uv": [58, 3], "uv_size": [-2, 17], "material_instance": "window"},
								"west": {"uv": [58, 3], "uv_size": [5, 17], "material_instance": "window"},
								"up": {"uv": [24, 37], "uv_size": [2, 5], "material_instance": "window"},
								"down": {"uv": [26, 42], "uv_size": [2, -5], "material_instance": "window"}
							}
						}
					]
				}
			]
		}
	]
}