{
	"format_version": "1.21.20",
	"minecraft:geometry": [
		{
			"description": {
				"identifier": "geometry.endo_plush_2",
				"texture_width": 32,
				"texture_height": 32,
				"visible_bounds_width": 2,
				"visible_bounds_height": 2.5,
				"visible_bounds_offset": [0, 0.75, 0]
			},
			"bones": [
				{
					"name": "Plush",
					"pivot": [0, 3, 2.5],
					"cubes": [
						{
							"origin": [-2.5, 3, 0],
							"size": [5, 2, 4],
							"inflate": -0.01,
							"uv": {
								"north": {"uv": [0, 14], "uv_size": [5, 2]},
								"east": {"uv": [10, 17], "uv_size": [4, 2]},
								"south": {"uv": [14, 8], "uv_size": [5, 2]},
								"west": {"uv": [17, 12], "uv_size": [4, 2]},
								"up": {"uv": [5, 0], "uv_size": [5, 4]},
								"down": {"uv": [5, 8], "uv_size": [5, -4]}
							}
						},
						{
							"origin": [-2, 1.5, 0],
							"size": [4, 2, 4],
							"inflate": -0.03,
							"uv": {
								"north": {"uv": [14, 17], "uv_size": [4, 2]},
								"east": {"uv": [17, 14], "uv_size": [4, 2]},
								"south": {"uv": [18, 16], "uv_size": [4, 2]},
								"west": {"uv": [18, 18], "uv_size": [4, 2]},
								"up": {"uv": [9, 13], "uv_size": [4, 4]},
								"down": {"uv": [13, 17], "uv_size": [4, -4]}
							}
						},
						{
							"origin": [-0.5, 1.5, 0.02],
							"size": [1, 2, 0],
							"uv": {
								"north": {"uv": [4, 21], "uv_size": [1, 2]},
								"east": {"uv": [0, 0], "uv_size": [0, 2]},
								"south": {"uv": [5, 21], "uv_size": [1, 2]},
								"west": {"uv": [0, 0], "uv_size": [0, 2]},
								"up": {"uv": [0, 0], "uv_size": [1, 0]},
								"down": {"uv": [0, 0], "uv_size": [1, 0]}
							}
						},
						{
							"origin": [-0.5, 1.5, 3.98],
							"size": [1, 2, 0],
							"uv": {
								"north": {"uv": [4, 21], "uv_size": [1, 2]},
								"east": {"uv": [0, 0], "uv_size": [0, 2]},
								"south": {"uv": [5, 21], "uv_size": [1, 2]},
								"west": {"uv": [0, 0], "uv_size": [0, 2]},
								"up": {"uv": [1, 0], "uv_size": [-1, 0]},
								"down": {"uv": [1, 0], "uv_size": [-1, 0]}
							}
						},
						{
							"origin": [-1.5, 0, 0.5],
							"size": [3, 2, 3],
							"inflate": -0.01,
							"uv": {
								"north": {"uv": [19, 9], "uv_size": [3, 2]},
								"east": {"uv": [10, 19], "uv_size": [3, 2]},
								"south": {"uv": [13, 19], "uv_size": [3, 2]},
								"west": {"uv": [20, 0], "uv_size": [3, 2]},
								"up": {"uv": [17, 4], "uv_size": [3, 3]},
								"down": {"uv": [7, 20], "uv_size": [3, -3]}
							}
						}
					]
				},
				{
					"name": "LegL",
					"parent": "Plush",
					"pivot": [-1.5, 1.5, 3],
					"cubes": [
						{
							"origin": [-2, 0, -3],
							"size": [2, 2, 5],
							"pivot": [-1.5, 1.5, 3],
							"rotation": [0, 12.5, 0],
							"uv": {
								"north": {"uv": [16, 19], "uv_size": [2, 2]},
								"east": {"uv": [14, 10], "uv_size": [5, 2]},
								"south": {"uv": [20, 4], "uv_size": [2, 2]},
								"west": {"uv": [15, 0], "uv_size": [5, 2]},
								"up": {"uv": [15, 2], "uv_size": [2, 5]},
								"down": {"uv": [0, 21], "uv_size": [2, -5]}
							}
						}
					]
				},
				{
					"name": "LegR",
					"parent": "Plush",
					"pivot": [1.5, 1.5, 3],
					"cubes": [
						{
							"origin": [0, 0, -3],
							"size": [2, 2, 5],
							"pivot": [1.5, 1.5, 3],
							"rotation": [0, -12.5, 0],
							"uv": {
								"north": {"uv": [18, 19], "uv_size": [-2, 2]},
								"east": {"uv": [20, 0], "uv_size": [-5, 2]},
								"south": {"uv": [22, 4], "uv_size": [-2, 2]},
								"west": {"uv": [19, 10], "uv_size": [-5, 2]},
								"up": {"uv": [15, 7], "uv_size": [2, -5]},
								"down": {"uv": [0, 21], "uv_size": [2, -5]}
							}
						}
					]
				},
				{
					"name": "armR",
					"parent": "Plush",
					"pivot": [2.5, 4.5, 3],
					"cubes": [
						{
							"origin": [0, 3, -1],
							"size": [2, 2, 5],
							"pivot": [1.5, 4.5, 3],
							"rotation": [0, -72.5, 17.5],
							"uv": {
								"north": {"uv": [18, 19], "uv_size": [-2, 2]},
								"east": {"uv": [20, 0], "uv_size": [-5, 2]},
								"south": {"uv": [22, 4], "uv_size": [-2, 2]},
								"west": {"uv": [19, 10], "uv_size": [-5, 2]},
								"up": {"uv": [15, 7], "uv_size": [2, -5]},
								"down": {"uv": [0, 21], "uv_size": [2, -5]}
							}
						}
					]
				},
				{
					"name": "armL",
					"parent": "Plush",
					"pivot": [-2.5, 4.5, 3],
					"cubes": [
						{
							"origin": [-2, 3, -1],
							"size": [2, 2, 5],
							"pivot": [-1.5, 3.5, 3],
							"rotation": [0, 72.5, -17.5],
							"uv": {
								"north": {"uv": [16, 19], "uv_size": [2, 2]},
								"east": {"uv": [14, 10], "uv_size": [5, 2]},
								"south": {"uv": [20, 4], "uv_size": [2, 2]},
								"west": {"uv": [15, 0], "uv_size": [5, 2]},
								"up": {"uv": [17, 7], "uv_size": [-2, -5]},
								"down": {"uv": [2, 21], "uv_size": [-2, -5]}
							}
						}
					]
				},
				{
					"name": "tie",
					"parent": "Plush",
					"pivot": [0, 5, 0]
				},
				{
					"name": "head",
					"parent": "Plush",
					"pivot": [0.01086, 4.77766, 2.73327],
					"cubes": [
						{
							"origin": [-1.5, 4.7, -1.5],
							"size": [3, 1, 1],
							"uv": {
								"north": {"uv": [14, 12], "uv_size": [3, 1]},
								"east": {"uv": [9, 12], "uv_size": [1, 1]},
								"south": {"uv": [15, 7], "uv_size": [3, 1]},
								"west": {"uv": [17, 16], "uv_size": [1, 1]},
								"up": {"uv": [2, 16], "uv_size": [3, 1]},
								"down": {"uv": [19, 12], "uv_size": [3, -1]}
							}
						},
						{
							"origin": [-2.5, 7.5, -1],
							"size": [2, 2, 2],
							"uv": {
								"north": {"uv": [6, 20], "uv_size": [2, 2]},
								"east": {"uv": [8, 20], "uv_size": [2, 2]},
								"south": {"uv": [18, 20], "uv_size": [2, 2]},
								"west": {"uv": [20, 20], "uv_size": [2, 2]},
								"up": {"uv": [0, 21], "uv_size": [2, 2]},
								"down": {"uv": [2, 23], "uv_size": [2, -2]}
							}
						},
						{
							"origin": [0.5, 7.5, -1],
							"size": [2, 2, 2],
							"uv": {
								"north": {"uv": [8, 20], "uv_size": [-2, 2]},
								"east": {"uv": [20, 20], "uv_size": [2, 2]},
								"south": {"uv": [18, 20], "uv_size": [2, 2]},
								"west": {"uv": [8, 20], "uv_size": [2, 2]},
								"up": {"uv": [2, 23], "uv_size": [-2, -2]},
								"down": {"uv": [4, 23], "uv_size": [-2, -2]}
							}
						},
						{
							"origin": [0.5, 8.7, -1.3],
							"size": [2, 1, 1],
							"inflate": 0.01,
							"uv": {
								"north": {"uv": [21, 13], "uv_size": [2, 1]},
								"east": {"uv": [18, 7], "uv_size": [1, 1]},
								"south": {"uv": [21, 14], "uv_size": [2, 1]},
								"west": {"uv": [6, 19], "uv_size": [1, 1]},
								"up": {"uv": [21, 15], "uv_size": [2, 1]},
								"down": {"uv": [16, 22], "uv_size": [2, -1]}
							}
						},
						{
							"origin": [-2.5, 8.7, -1.3],
							"size": [2, 1, 1],
							"inflate": 0.01,
							"uv": {
								"north": {"uv": [21, 13], "uv_size": [2, 1]},
								"east": {"uv": [6, 19], "uv_size": [1, 1]},
								"south": {"uv": [21, 14], "uv_size": [2, 1]},
								"west": {"uv": [18, 7], "uv_size": [1, 1]},
								"up": {"uv": [23, 16], "uv_size": [-2, -1]},
								"down": {"uv": [18, 22], "uv_size": [-2, -1]}
							}
						},
						{
							"origin": [-1.5, 6.1, -1.5],
							"size": [3, 1, 1],
							"uv": {
								"north": {"uv": [20, 6], "uv_size": [3, 1]},
								"east": {"uv": [22, 2], "uv_size": [1, 1]},
								"south": {"uv": [10, 21], "uv_size": [3, 1]},
								"west": {"uv": [22, 3], "uv_size": [1, 1]},
								"up": {"uv": [21, 12], "uv_size": [3, 1]},
								"down": {"uv": [13, 22], "uv_size": [3, -1]}
							}
						},
						{
							"origin": [-2.5, 6.2, -0.5],
							"size": [5, 4, 5],
							"inflate": 0.11,
							"uv": {
								"north": {"uv": [5, 8], "uv_size": [5, 4]},
								"east": {"uv": [0, 10], "uv_size": [5, 4]},
								"south": {"uv": [10, 0], "uv_size": [5, 4]},
								"west": {"uv": [10, 4], "uv_size": [5, 4]},
								"up": {"uv": [0, 0], "uv_size": [5, 5]},
								"down": {"uv": [0, 10], "uv_size": [5, -5]}
							}
						},
						{
							"origin": [-2, 4.7, -0.5],
							"size": [4, 2, 5],
							"inflate": 0.1,
							"uv": {
								"north": {"uv": [2, 19], "uv_size": [4, 2]},
								"east": {"uv": [2, 17], "uv_size": [5, 2]},
								"south": {"uv": [19, 7], "uv_size": [4, 2]},
								"west": {"uv": [17, 2], "uv_size": [5, 2]},
								"up": {"uv": [10, 8], "uv_size": [4, 5]},
								"down": {"uv": [5, 17], "uv_size": [4, -5]}
							}
						},
						{
							"origin": [-3, 5.7, 1.5],
							"size": [1, 1, 0],
							"uv": {
								"north": {"uv": [22, 4], "uv_size": [1, 1]},
								"east": {"uv": [0, 0], "uv_size": [0, 1]},
								"south": {"uv": [22, 5], "uv_size": [1, 1]},
								"west": {"uv": [0, 0], "uv_size": [0, 1]},
								"up": {"uv": [0, 0], "uv_size": [1, 0]},
								"down": {"uv": [0, 0], "uv_size": [1, 0]}
							}
						},
						{
							"origin": [2, 5.7, 1.5],
							"size": [1, 1, 0],
							"uv": {
								"north": {"uv": [23, 4], "uv_size": [-1, 1]},
								"east": {"uv": [0, 0], "uv_size": [0, 1]},
								"south": {"uv": [23, 5], "uv_size": [-1, 1]},
								"west": {"uv": [0, 0], "uv_size": [0, 1]},
								"up": {"uv": [0, 0], "uv_size": [1, 0]},
								"down": {"uv": [0, 0], "uv_size": [1, 0]}
							}
						}
					]
				}
			],
			"item_display_transforms": {
				"thirdperson_righthand": {
					"rotation": [75, 45, 0],
					"translation": [0, 2.5, 2],
					"scale": [0.7, 0.7, 0.7],
					"rotation_pivot": [0, 0, 0],
					"scale_pivot": [0, 0, 0]
				},
				"thirdperson_lefthand": {
					"rotation": [75, 45, 0],
					"translation": [0, 2.5, 2],
					"scale": [0.7, 0.7, 0.7],
					"rotation_pivot": [0, 0, 0],
					"scale_pivot": [0, 0, 0]
				},
				"firstperson_righthand": {
					"rotation": [-180, 38.5, -180],
					"translation": [-2.25, 5.75, 3.75],
					"scale": [0.4, 0.4, 0.4],
					"rotation_pivot": [0, 0, 0],
					"scale_pivot": [0, 0, 0]
				},
				"firstperson_lefthand": {
					"rotation": [-180, 38.5, -180],
					"translation": [-2.25, 5.75, 3.75],
					"scale": [0.4, 0.4, 0.4],
					"rotation_pivot": [0, 0, 0],
					"scale_pivot": [0, 0, 0]
				},
				"ground": {
					"rotation": [0, 0, 0],
					"translation": [0, 3, 0],
					"scale": [0.25, 0.25, 0.25],
					"rotation_pivot": [0, 0, 0],
					"scale_pivot": [0, 0, 0]
				},
				"gui": {
					"rotation": [30, 135, 0],
					"translation": [0, 1.75, 0],
					"scale": [0.8, 0.8, 0.8],
					"rotation_pivot": [0, 0, 0],
					"scale_pivot": [0, 0, 0],
					"fit_to_frame": false
				},
				"head": {
					"rotation": [0, 0, 0],
					"translation": [0, 14.25, 0],
					"scale": [1, 1, 1],
					"rotation_pivot": [0, 0, 0],
					"scale_pivot": [0, 0, 0]
				},
				"fixed": {
					"rotation": [0, 0, 0],
					"translation": [0, 0, -4],
					"scale": [1, 1, 1],
					"rotation_pivot": [0, 0, 0],
					"scale_pivot": [0, 0, 0]
				}
			}
		}
	]
}