{
	"format_version": "1.12.0",
	"minecraft:geometry": [
		{
			"description": {
				"identifier": "geometry.faz_soda",
				"texture_width": 16,
				"texture_height": 16,
				"visible_bounds_width": 2,
				"visible_bounds_height": 2.5,
				"visible_bounds_offset": [0, 0.75, 0]
			},
			"bones": [
				{
					"name": "faz-soda",
					"pivot": [0.16667, 4.5, 0],
					"cubes": [
						{
							"origin": [-2, 0, -2],
							"size": [4, 5, 4],
							"uv": {
								"north": {"uv": [2.5, 0], "uv_size": [2, 2.5]},
								"east": {"uv": [2.5, 0], "uv_size": [2, 2.5]},
								"south": {"uv": [2.5, 0], "uv_size": [2, 2.5]},
								"west": {"uv": [2.5, 0], "uv_size": [2, 2.5]},
								"up": {"uv": [0, 5], "uv_size": [2, 2]},
								"down": {"uv": [2, 7], "uv_size": [2, -2]}
							}
						},
						{
							"origin": [-2, 4, -2],
							"size": [4, 2, 4],
							"inflate": 0.1,
							"uv": {
								"north": {"uv": [8.5, 0], "uv_size": [2, 1]},
								"east": {"uv": [8.5, 0], "uv_size": [2, 1]},
								"south": {"uv": [8.5, 0], "uv_size": [2, 1]},
								"west": {"uv": [8.5, 0], "uv_size": [2, 1]},
								"up": {"uv": [4, 5], "uv_size": [2, 2]},
								"down": {"uv": [6, 7], "uv_size": [2, -2]}
							}
						},
						{
							"origin": [-2, 5, 0],
							"size": [5, 5, 0],
							"uv": {
								"north": {"uv": [0, 0], "uv_size": [2.5, 2.5]},
								"east": {"uv": [0, 0], "uv_size": [0, 2.5]},
								"south": {"uv": [0, 2.5], "uv_size": [2.5, 2.5]},
								"west": {"uv": [0, 0], "uv_size": [0, 2.5]},
								"up": {"uv": [0, 0], "uv_size": [2.5, 0]},
								"down": {"uv": [0, 0], "uv_size": [2.5, 0]}
							}
						}
					]
				}
			]
		}
	]
}