{
	"format_version": "1.12.0",
	"minecraft:geometry": [
		{
			"description": {
				"identifier": "geometry.office_door_blocks",
				"texture_width": 128,
				"texture_height": 128,
				"visible_bounds_width": 3,
				"visible_bounds_height": 2.5,
				"visible_bounds_offset": [0, 0.75, 0]
			},
			"bones": [
				{
					"name": "bone",
					"pivot": [0, 0, 0],
					"rotation": [0, -90, 0],
					"cubes": [
						{
							"origin": [-1, 0, -1],
							"size": [2, 2, 2],
							"uv": {}
						}
					]
				},
				{
					"name": "single",
					"parent": "bone",
					"pivot": [0, 0, 0],
					"cubes": [
						{
							"origin": [-1, 0, -1],
							"size": [2, 2, 2],
							"uv": {}
						}
					]
				},
				{
					"name": "upper",
					"parent": "bone",
					"pivot": [0, 0, 0],
					"cubes": [
						{
							"origin": [-8, 0, -1.5],
							"size": [16, 16, 3],
							"pivot": [0, 0, 0],
							"rotation": [0, -90, 0],
							"uv": {
								"north": {"uv": [7, 0], "uv_size": [16, 16]},
								"east": {"uv": [7, 0], "uv_size": [3, 16]},
								"south": {"uv": [7, 0], "uv_size": [16, 16]},
								"west": {"uv": [7, 0], "uv_size": [3, 16]},
								"up": {"uv": [23, 4], "uv_size": [-16, -4]},
								"down": {"uv": [23, 47], "uv_size": [-16, -4]}
							}
						}
					]
				},
				{
					"name": "upper_open",
					"parent": "bone",
					"pivot": [0, 0, 0],
					"cubes": [
						{
							"origin": [-8, 10, -1.5],
							"size": [16, 6, 3],
							"pivot": [0, 0, 0],
							"rotation": [0, -90, 0],
							"uv": {
								"north": {"uv": [7, 0], "uv_size": [16, 6]},
								"east": {"uv": [7, 0], "uv_size": [3, 6]},
								"south": {"uv": [7, 0], "uv_size": [16, 6]},
								"west": {"uv": [7, 0], "uv_size": [3, 6]},
								"up": {"uv": [23, 4], "uv_size": [-16, -4]},
								"down": {"uv": [23, 47], "uv_size": [-16, -4]}
							}
						}
					]
				},
				{
					"name": "single_open",
					"parent": "bone",
					"pivot": [0, 0, 0],
					"cubes": [
						{
							"origin": [-1, 0, -1],
							"size": [2, 2, 2],
							"uv": {}
						}
					]
				},
				{
					"name": "middle",
					"parent": "bone",
					"pivot": [0, 0, 0],
					"cubes": [
						{
							"origin": [-8, 0, -1.5],
							"size": [16, 16, 3],
							"pivot": [0, 0, 0],
							"rotation": [0, -90, 0],
							"uv": {
								"north": {"uv": [7, 16], "uv_size": [16, 16]},
								"east": {"uv": [7, 16], "uv_size": [3, 16]},
								"south": {"uv": [7, 16], "uv_size": [16, 16]},
								"west": {"uv": [7, 16], "uv_size": [3, 16]},
								"up": {"uv": [23, 47], "uv_size": [-16, -4]},
								"down": {"uv": [23, 47], "uv_size": [-16, -4]}
							}
						}
					]
				},
				{
					"name": "middle_open",
					"parent": "bone",
					"pivot": [0, 0, 0],
					"cubes": [
						{
							"origin": [-8, 10, -1.5],
							"size": [16, 6, 3],
							"pivot": [0, 0, 0],
							"rotation": [0, -90, 0],
							"uv": {
								"north": {"uv": [112, 118], "uv_size": [16, 6]},
								"east": {"uv": [112, 118], "uv_size": [3, 6]},
								"south": {"uv": [112, 118], "uv_size": [16, 6]},
								"west": {"uv": [112, 118], "uv_size": [3, 6]},
								"up": {"uv": [128, 124], "uv_size": [-16, -6]},
								"down": {"uv": [128, 124], "uv_size": [-16, -6]}
							}
						}
					]
				},
				{
					"name": "bottom",
					"parent": "bone",
					"pivot": [0, 0, 0],
					"cubes": [
						{
							"origin": [-8, 0, -1.5],
							"size": [16, 16, 3],
							"pivot": [0, 0, 0],
							"rotation": [0, -90, 0],
							"uv": {
								"north": {"uv": [7, 31], "uv_size": [16, 16]},
								"east": {"uv": [7, 31], "uv_size": [3, 16]},
								"south": {"uv": [7, 31], "uv_size": [16, 16]},
								"west": {"uv": [7, 31], "uv_size": [3, 16]},
								"up": {"uv": [23, 47], "uv_size": [-16, -4]},
								"down": {"uv": [23, 47], "uv_size": [-16, -4]}
							}
						}
					]
				},
				{
					"name": "bottom_open",
					"parent": "bone",
					"pivot": [0, 0, 0],
					"cubes": [
						{
							"origin": [-8, 0, -1.5],
							"size": [16, 16, 3],
							"pivot": [0, 0, 0],
							"rotation": [0, -90, 0],
							"uv": {
								"north": {"uv": [112, 110], "uv_size": [16, 16]},
								"east": {"uv": [112, 110], "uv_size": [3, 16]},
								"south": {"uv": [112, 110], "uv_size": [16, 16]},
								"west": {"uv": [112, 110], "uv_size": [3, 16]},
								"up": {"uv": [128, 126], "uv_size": [-16, -16]},
								"down": {"uv": [128, 126], "uv_size": [-16, -16]}
							}
						}
					]
				}
			]
		}
	]
}