{
	"format_version": "1.12.0",
	"minecraft:geometry": [
		{
			"description": {
				"identifier": "geometry.floor_papers_2",
				"texture_width": 16,
				"texture_height": 16,
				"visible_bounds_width": 3,
				"visible_bounds_height": 2.5,
				"visible_bounds_offset": [0, 0.75, 0]
			},
			"bones": [
				{
					"name": "freddy_plush",
					"pivot": [0, 0, 0]
				},
				{
					"name": "up_0",
					"parent": "freddy_plush",
					"pivot": [0, 0, 0],
					"cubes": [
						{
							"origin": [-1.5, 0.4, -2],
							"size": [8, 0, 11],
							"pivot": [2.5, 0.4, 3.5],
							"rotation": [0, -20, 0],
							"uv": {
								"up": {"uv": [0, 0], "uv_size": [4, 5.5]}
							}
						},
						{
							"origin": [-7.5, 0.4, -7],
							"size": [5, 0, 8],
							"pivot": [-5, 0.4, -3],
							"rotation": [0, 22.5, 0],
							"uv": {
								"up": {"uv": [4, 4.5], "uv_size": [2.5, 4]}
							}
						},
						{
							"origin": [-1, 0, -1],
							"size": [2, 2, 2],
							"uv": {
								"north": {"uv": [14, 14], "uv_size": [2, 2]},
								"east": {"uv": [14, 14], "uv_size": [2, 2]},
								"south": {"uv": [14, 14], "uv_size": [2, 2]},
								"west": {"uv": [14, 14], "uv_size": [2, 2]},
								"up": {"uv": [16, 16], "uv_size": [-2, -2]},
								"down": {"uv": [16, 16], "uv_size": [-2, -2]}
							}
						}
					]
				},
				{
					"name": "up_22_5",
					"parent": "freddy_plush",
					"pivot": [0, 0, 0],
					"rotation": [0, 22.5, 0],
					"cubes": [
						{
							"origin": [-1.5, 0.4, -2],
							"size": [8, 0, 11],
							"pivot": [2.5, 0.4, 3.5],
							"rotation": [0, -20, 0],
							"uv": {
								"up": {"uv": [0, 0], "uv_size": [4, 5.5]}
							}
						},
						{
							"origin": [-7.5, 0.4, -7],
							"size": [5, 0, 8],
							"pivot": [-5, 0.4, -3],
							"rotation": [0, 22.5, 0],
							"uv": {
								"up": {"uv": [4, 4.5], "uv_size": [2.5, 4]}
							}
						},
						{
							"origin": [-1, 0, -1],
							"size": [2, 2, 2],
							"uv": {
								"north": {"uv": [14, 14], "uv_size": [2, 2]},
								"east": {"uv": [14, 14], "uv_size": [2, 2]},
								"south": {"uv": [14, 14], "uv_size": [2, 2]},
								"west": {"uv": [14, 14], "uv_size": [2, 2]},
								"up": {"uv": [16, 16], "uv_size": [-2, -2]},
								"down": {"uv": [16, 16], "uv_size": [-2, -2]}
							}
						}
					]
				},
				{
					"name": "up_45",
					"parent": "freddy_plush",
					"pivot": [0, 0, 0],
					"rotation": [0, 45, 0],
					"cubes": [
						{
							"origin": [-1.5, 0.4, -2],
							"size": [8, 0, 11],
							"pivot": [2.5, 0.4, 3.5],
							"rotation": [0, -20, 0],
							"uv": {
								"up": {"uv": [0, 0], "uv_size": [4, 5.5]}
							}
						},
						{
							"origin": [-7.5, 0.4, -7],
							"size": [5, 0, 8],
							"pivot": [-5, 0.4, -3],
							"rotation": [0, 22.5, 0],
							"uv": {
								"up": {"uv": [4, 4.5], "uv_size": [2.5, 4]}
							}
						},
						{
							"origin": [-1, 0, -1],
							"size": [2, 2, 2],
							"uv": {
								"north": {"uv": [14, 14], "uv_size": [2, 2]},
								"east": {"uv": [14, 14], "uv_size": [2, 2]},
								"south": {"uv": [14, 14], "uv_size": [2, 2]},
								"west": {"uv": [14, 14], "uv_size": [2, 2]},
								"up": {"uv": [16, 16], "uv_size": [-2, -2]},
								"down": {"uv": [16, 16], "uv_size": [-2, -2]}
							}
						}
					]
				},
				{
					"name": "up_67_5",
					"parent": "freddy_plush",
					"pivot": [0, 0, 0],
					"rotation": [0, 67.5, 0],
					"cubes": [
						{
							"origin": [-1.5, 0.4, -2],
							"size": [8, 0, 11],
							"pivot": [2.5, 0.4, 3.5],
							"rotation": [0, -20, 0],
							"uv": {
								"up": {"uv": [0, 0], "uv_size": [4, 5.5]}
							}
						},
						{
							"origin": [-7.5, 0.4, -7],
							"size": [5, 0, 8],
							"pivot": [-5, 0.4, -3],
							"rotation": [0, 22.5, 0],
							"uv": {
								"up": {"uv": [4, 4.5], "uv_size": [2.5, 4]}
							}
						},
						{
							"origin": [-1, 0, -1],
							"size": [2, 2, 2],
							"uv": {
								"north": {"uv": [14, 14], "uv_size": [2, 2]},
								"east": {"uv": [14, 14], "uv_size": [2, 2]},
								"south": {"uv": [14, 14], "uv_size": [2, 2]},
								"west": {"uv": [14, 14], "uv_size": [2, 2]},
								"up": {"uv": [16, 16], "uv_size": [-2, -2]},
								"down": {"uv": [16, 16], "uv_size": [-2, -2]}
							}
						}
					]
				},
				{
					"name": "side",
					"parent": "freddy_plush",
					"pivot": [0, 5, 11],
					"cubes": [
						{
							"origin": [-1.5, 0.4, -2],
							"size": [8, 0, 11],
							"pivot": [2.5, 0.4, 3.5],
							"rotation": [0, -20, 0],
							"uv": {
								"up": {"uv": [0, 0], "uv_size": [4, 5.5]}
							}
						},
						{
							"origin": [-7.5, 0.4, -7],
							"size": [5, 0, 8],
							"pivot": [-5, 0.4, -3],
							"rotation": [0, 22.5, 0],
							"uv": {
								"up": {"uv": [4, 4.5], "uv_size": [2.5, 4]}
							}
						},
						{
							"origin": [-1, 0, -1],
							"size": [2, 2, 2],
							"uv": {
								"north": {"uv": [14, 14], "uv_size": [2, 2]},
								"east": {"uv": [14, 14], "uv_size": [2, 2]},
								"south": {"uv": [14, 14], "uv_size": [2, 2]},
								"west": {"uv": [14, 14], "uv_size": [2, 2]},
								"up": {"uv": [16, 16], "uv_size": [-2, -2]},
								"down": {"uv": [16, 16], "uv_size": [-2, -2]}
							}
						}
					]
				}
			]
		}
	]
}