{
	"format_version": "1.12.0",
	"minecraft:geometry": [
		{
			"description": {
				"identifier": "geometry.fr_arcade",
				"texture_width": 128,
				"texture_height": 128,
				"visible_bounds_width": 3,
				"visible_bounds_height": 3.5,
				"visible_bounds_offset": [0, 1.25, 0]
			},
			"bones": [
				{
					"name": "arcade",
					"pivot": [0, 0, 0],
					"cubes": [
						{
							"origin": [-4.25, 13, -4.5],
							"size": [8.5, 3, 8.5],
							"uv": {
								"north": {"uv": [17, 41], "uv_size": [17, 6]},
								"east": {"uv": [0, 41], "uv_size": [17, 6]},
								"south": {"uv": [51, 41], "uv_size": [17, 6]},
								"west": {"uv": [34, 41], "uv_size": [17, 6]},
								"up": {"uv": [17, 24], "uv_size": [17, 17]},
								"down": {"uv": [34, 41], "uv_size": [17, -17]}
							}
						},
						{
							"origin": [-4.25, 7.5, 0.5],
							"size": [8.5, 5.5, 3.5],
							"uv": {
								"north": {"uv": [69, 54], "uv_size": [17, 11]},
								"east": {"uv": [62, 54], "uv_size": [7, 11]},
								"south": {"uv": [93, 54], "uv_size": [17, 11]},
								"west": {"uv": [86, 54], "uv_size": [7, 11]},
								"up": {"uv": [69, 47], "uv_size": [17, 7]},
								"down": {"uv": [86, 54], "uv_size": [17, -7]}
							}
						},
						{
							"origin": [-4.25, 7.5, -2.5],
							"size": [8.5, 5.5, 3],
							"uv": {
								"north": {"uv": [68, 71], "uv_size": [17, 11]},
								"east": {"uv": [62, 71], "uv_size": [6, 11]},
								"south": {"uv": [91, 71], "uv_size": [17, 11]},
								"west": {"uv": [85, 71], "uv_size": [6, 11]},
								"up": {"uv": [68, 65], "uv_size": [17, 6]},
								"down": {"uv": [85, 71], "uv_size": [17, -6]}
							}
						},
						{
							"origin": [-4.25, 4, -4.5],
							"size": [8.5, 3.5, 8.5],
							"uv": {
								"north": {"uv": [17, 17], "uv_size": [17, 7]},
								"east": {"uv": [0, 17], "uv_size": [17, 7]},
								"south": {"uv": [51, 17], "uv_size": [17, 7]},
								"west": {"uv": [34, 17], "uv_size": [17, 7]},
								"up": {"uv": [17, 0], "uv_size": [17, 17]},
								"down": {"uv": [34, 17], "uv_size": [17, -17]}
							}
						},
						{
							"origin": [-4.25, 2.5, -3.5],
							"size": [8.5, 1.5, 0.5],
							"uv": {
								"north": {"uv": [69, 14], "uv_size": [17, 3]},
								"east": {"uv": [68, 14], "uv_size": [1, 3]},
								"south": {"uv": [87, 14], "uv_size": [17, 3]},
								"west": {"uv": [86, 14], "uv_size": [1, 3]},
								"up": {"uv": [69, 13], "uv_size": [17, 1]},
								"down": {"uv": [86, 14], "uv_size": [17, -1]}
							}
						},
						{
							"origin": [-4.25, 0, -3],
							"size": [8.5, 4, 7],
							"uv": {
								"north": {"uv": [14, 61], "uv_size": [17, 8]},
								"east": {"uv": [0, 61], "uv_size": [14, 8]},
								"south": {"uv": [45, 61], "uv_size": [17, 8]},
								"west": {"uv": [31, 61], "uv_size": [14, 8]},
								"up": {"uv": [14, 47], "uv_size": [17, 14]},
								"down": {"uv": [31, 61], "uv_size": [17, -14]}
							}
						}
					]
				},
				{
					"name": "screen",
					"parent": "arcade",
					"pivot": [0, 10.00541, -1.21129],
					"cubes": [
						{
							"origin": [-4.255, 6.75041, -1.2163],
							"size": [8.51, 6.51, 0.01001],
							"inflate": -0.01,
							"pivot": [0, 10.00541, -1.21129],
							"rotation": [-14.5, 0, 0],
							"uv": {
								"north": {"uv": [68, 0], "uv_size": [17, 13]},
								"east": {"uv": [68, 0], "uv_size": [0, 13]},
								"south": {"uv": [85, 0], "uv_size": [17, 13]},
								"west": {"uv": [85, 0], "uv_size": [0, 13]},
								"up": {"uv": [68, 0], "uv_size": [17, 0]},
								"down": {"uv": [85, 0], "uv_size": [17, 0]}
							}
						}
					]
				},
				{
					"name": "joysticks",
					"parent": "arcade",
					"pivot": [-2.5, 8, -3.25],
					"cubes": [
						{
							"origin": [-3, 8, -3.75],
							"size": [1, 1, 1],
							"uv": {
								"north": {"uv": [70, 23], "uv_size": [2, 2]},
								"east": {"uv": [68, 23], "uv_size": [2, 2]},
								"south": {"uv": [74, 23], "uv_size": [2, 2]},
								"west": {"uv": [72, 23], "uv_size": [2, 2]},
								"up": {"uv": [70, 21], "uv_size": [2, 2]},
								"down": {"uv": [72, 23], "uv_size": [2, -2]}
							}
						},
						{
							"origin": [-2.75, 7, -3.25],
							"size": [0.5, 1, 0],
							"uv": {
								"north": {"uv": [68, 25], "uv_size": [1, 2]},
								"east": {"uv": [68, 25], "uv_size": [0, 2]},
								"south": {"uv": [69, 25], "uv_size": [1, 2]},
								"west": {"uv": [69, 25], "uv_size": [0, 2]},
								"up": {"uv": [68, 25], "uv_size": [1, 0]},
								"down": {"uv": [69, 25], "uv_size": [1, 0]}
							}
						}
					]
				},
				{
					"name": "buttons",
					"parent": "arcade",
					"pivot": [1.25, 7.625, -3],
					"cubes": [
						{
							"origin": [-0.75, 7.625, -4],
							"size": [4, 0, 2],
							"uv": {
								"north": {"uv": [72, 21], "uv_size": [8, 0]},
								"east": {"uv": [68, 21], "uv_size": [4, 0]},
								"south": {"uv": [84, 21], "uv_size": [8, 0]},
								"west": {"uv": [80, 21], "uv_size": [4, 0]},
								"up": {"uv": [72, 17], "uv_size": [8, 4]},
								"down": {"uv": [80, 21], "uv_size": [8, -4]}
							}
						}
					]
				}
			]
		}
	]
}