{
	"format_version": "1.21.0",
	"minecraft:geometry": [
		{
			"description": {
				"identifier": "geometry.fr_door_frame_alt",
				"texture_width": 16,
				"texture_height": 16,
				"visible_bounds_width": 3,
				"visible_bounds_height": 2.5,
				"visible_bounds_offset": [0, 0.75, 0]
			},
			"bones": [
				{
					"name": "top_frame",
					"pivot": [-24, 17, 7],
					"cubes": [
						{
							"origin": [-8, 15, 7],
							"size": [16, 2, 5],
							"uv": {
								"north": {"uv": [0, 3.5], "uv_size": [4, 0.5]},
								"east": {"uv": [9.25, 6.75], "uv_size": [1.25, 0.5]},
								"south": {"uv": [4.25, 8.75], "uv_size": [-4, 0.5]},
								"west": {"uv": [7, 9.25], "uv_size": [1.25, 0.5]},
								"up": {"uv": [12.75, 0], "uv_size": [1.25, 3.75], "uv_rotation": 90},
								"down": {"uv": [15.75, 0.75], "uv_size": [-1.25, 4.25], "uv_rotation": 90}
							}
						}
					]
				},
				{
					"name": "left_corner_frame",
					"pivot": [-23, -15, 7],
					"cubes": [
						{
							"origin": [-9, 15, 7],
							"size": [17, 2, 5],
							"uv": {
								"north": {"uv": [0, 8.75], "uv_size": [4.25, 0.5]},
								"east": {"uv": [12.75, 0], "uv_size": [1.25, 0.5]},
								"south": {"uv": [4.25, 8.75], "uv_size": [-4.25, 0.5]},
								"west": {"uv": [7, 9.25], "uv_size": [1.25, 0.5]},
								"up": {"uv": [12.75, 0], "uv_size": [1.25, 4], "uv_rotation": 90},
								"down": {"uv": [15.75, 0.75], "uv_size": [-1.25, 4.25], "uv_rotation": 90}
							}
						},
						{
							"origin": [-9, 0, 7],
							"size": [2, 15, 5],
							"uv": {
								"north": {"uv": [0.5, 9.25], "uv_size": [0.5, 3.75]},
								"east": {"uv": [12.75, 0], "uv_size": [1.25, 3.75]},
								"south": {"uv": [1, 9.25], "uv_size": [-0.5, 3.75]},
								"west": {"uv": [14.5, 0.75], "uv_size": [1.25, 4.25]},
								"up": {"uv": [9.25, 7.25], "uv_size": [0.5, 1.25]},
								"down": {"uv": [15.25, 4.25], "uv_size": [0.5, -1.25]}
							}
						}
					]
				},
				{
					"name": "right_corner_frame",
					"pivot": [-24, 17, 7],
					"cubes": [
						{
							"origin": [7, 0, 7],
							"size": [2, 15, 5],
							"uv": {
								"north": {"uv": [3.5, 11.25], "uv_size": [0.5, 3.75]},
								"east": {"uv": [14.5, 0.75], "uv_size": [1.25, 4.25]},
								"south": {"uv": [4, 11.25], "uv_size": [-0.5, 3.75]},
								"west": {"uv": [14.5, 0.75], "uv_size": [1.25, 4.25]},
								"up": {"uv": [6, 9.25], "uv_size": [0.5, 1.25]},
								"down": {"uv": [15.25, 5], "uv_size": [0.5, -1.25]}
							}
						},
						{
							"origin": [-8, 15, 7],
							"size": [17, 2, 5],
							"uv": {
								"north": {"uv": [8.5, 3.75], "uv_size": [4.25, 0.5]},
								"east": {"uv": [3.5, 9.25], "uv_size": [1.25, 0.5]},
								"south": {"uv": [12.75, 3.75], "uv_size": [-4.25, 0.5]},
								"west": {"uv": [14.5, 0.75], "uv_size": [1.25, 0.5]},
								"up": {"uv": [12.75, 0], "uv_size": [1.25, 4], "uv_rotation": 90},
								"down": {"uv": [15.75, 0.75], "uv_size": [-1.25, 4.25], "uv_rotation": 90}
							}
						}
					]
				},
				{
					"name": "left_frame",
					"pivot": [0, 0, 0],
					"cubes": [
						{
							"origin": [-9, 0, 7],
							"size": [2, 16, 5],
							"uv": {
								"north": {"uv": [0.5, 9.25], "uv_size": [0.5, 4]},
								"east": {"uv": [12.75, 0], "uv_size": [1.25, 4]},
								"south": {"uv": [1, 9.25], "uv_size": [-0.5, 4]},
								"west": {"uv": [14.5, 0.75], "uv_size": [1.25, 4.5]},
								"up": {"uv": [9.25, 7.25], "uv_size": [0.5, 1.25]},
								"down": {"uv": [15.25, 4.25], "uv_size": [0.5, -1.25]}
							}
						}
					]
				},
				{
					"name": "right_frame",
					"pivot": [0, 0, 0],
					"cubes": [
						{
							"origin": [7, 0, 7],
							"size": [2, 16, 5],
							"uv": {
								"north": {"uv": [3.5, 11.25], "uv_size": [0.5, 4]},
								"east": {"uv": [14.5, 0.75], "uv_size": [1.25, 4.5]},
								"south": {"uv": [4, 11.25], "uv_size": [-0.5, 4]},
								"west": {"uv": [14.5, 0.75], "uv_size": [1.25, 4.5]},
								"up": {"uv": [6, 9.25], "uv_size": [0.5, 1.25]},
								"down": {"uv": [15.25, 5], "uv_size": [0.5, -1.25]}
							}
						}
					]
				},
				{
					"name": "nothing",
					"pivot": [0, 0, 0],
					"cubes": [
						{
							"origin": [-1, 0, -1],
							"size": [2, 2, 2],
							"uv": {}
						}
					]
				},
				{
					"name": "single",
					"pivot": [0, 0, 0],
					"cubes": [
						{
							"origin": [-9, 15, 7],
							"size": [18, 2, 5],
							"uv": {
								"north": {"uv": [0.25, 8.75], "uv_size": [4, 0.5]},
								"east": {"uv": [3.5, 9.25], "uv_size": [1.25, 0.5]},
								"south": {"uv": [4.25, 8.75], "uv_size": [-4, 0.5]},
								"west": {"uv": [14.5, 0.75], "uv_size": [1.25, 0.5]},
								"up": {"uv": [12.75, 0], "uv_size": [1.25, 4], "uv_rotation": 90},
								"down": {"uv": [15.75, 0.75], "uv_size": [-1.25, 4.25], "uv_rotation": 90}
							}
						},
						{
							"origin": [7, 0, 7],
							"size": [2, 15, 5],
							"uv": {
								"north": {"uv": [3.5, 11.25], "uv_size": [0.5, 3.75]},
								"east": {"uv": [14.5, 0.75], "uv_size": [1.25, 4.25]},
								"south": {"uv": [4, 11.25], "uv_size": [-0.5, 3.75]},
								"west": {"uv": [14.5, 0.75], "uv_size": [1.25, 4.25]},
								"up": {"uv": [6, 9.25], "uv_size": [0.5, 1.25]},
								"down": {"uv": [15.25, 5], "uv_size": [0.5, -1.25]}
							}
						},
						{
							"origin": [-9, 0, 7],
							"size": [2, 16, 5],
							"uv": {
								"north": {"uv": [0.5, 9.25], "uv_size": [0.5, 4]},
								"east": {"uv": [12.75, 0], "uv_size": [1.25, 4]},
								"south": {"uv": [1, 9.25], "uv_size": [-0.5, 4]},
								"west": {"uv": [14.5, 0.75], "uv_size": [1.25, 4.5]},
								"up": {"uv": [9.25, 7.25], "uv_size": [0.5, 1.25]},
								"down": {"uv": [15.25, 4.25], "uv_size": [0.5, -1.25]}
							}
						}
					]
				}
			]
		}
	]
}