{
	"format_version": "1.12.0",
	"minecraft:geometry": [
		{
			"description": {
				"identifier": "geometry.fr_ceiling_light",
				"texture_width": 128,
				"texture_height": 128,
				"visible_bounds_width": 3,
				"visible_bounds_height": 2.5,
				"visible_bounds_offset": [0, 0.75, 0]
			},
			"bones": [
				{
					"name": "bb_main",
					"pivot": [0, 0, 0],
					"cubes": [
						{
							"origin": [-7, 4.5, 0],
							"size": [1, 3.5, 0],
							"uv": {
								"north": {"uv": [4, 46], "uv_size": [2, 7]},
								"east": {"uv": [4, 46], "uv_size": [0, 7]},
								"south": {"uv": [6, 46], "uv_size": [2, 7]},
								"west": {"uv": [6, 46], "uv_size": [0, 7]},
								"up": {"uv": [4, 46], "uv_size": [2, 0]},
								"down": {"uv": [6, 46], "uv_size": [2, 0]}
							}
						},
						{
							"origin": [6, 4.5, 0],
							"size": [1, 3.5, 0],
							"uv": {
								"north": {"uv": [4, 46], "uv_size": [2, 7]},
								"east": {"uv": [4, 46], "uv_size": [0, 7]},
								"south": {"uv": [6, 46], "uv_size": [2, 7]},
								"west": {"uv": [6, 46], "uv_size": [0, 7]},
								"up": {"uv": [4, 46], "uv_size": [2, 0]},
								"down": {"uv": [6, 46], "uv_size": [2, 0]}
							}
						},
						{
							"origin": [-7, 3.5, 0],
							"size": [14, 1, 0],
							"uv": {
								"north": {"uv": [0, 23], "uv_size": [28, 2]},
								"east": {"uv": [0, 23], "uv_size": [0, 2]},
								"south": {"uv": [28, 23], "uv_size": [28, 2]},
								"west": {"uv": [28, 23], "uv_size": [0, 2]},
								"up": {"uv": [0, 23], "uv_size": [28, 0]},
								"down": {"uv": [28, 23], "uv_size": [28, 0]}
							}
						},
						{
							"origin": [6, 2, -1],
							"size": [1, 2.5, 2],
							"uv": {
								"north": {"uv": [4, 29], "uv_size": [2, 5]},
								"east": {"uv": [0, 29], "uv_size": [4, 5]},
								"south": {"uv": [10, 29], "uv_size": [2, 5]},
								"west": {"uv": [6, 29], "uv_size": [4, 5]},
								"up": {"uv": [4, 25], "uv_size": [2, 4]},
								"down": {"uv": [6, 29], "uv_size": [2, -4]}
							}
						},
						{
							"origin": [-7, 2, -1],
							"size": [1, 2.5, 2],
							"uv": {
								"north": {"uv": [4, 29], "uv_size": [2, 5]},
								"east": {"uv": [0, 29], "uv_size": [4, 5]},
								"south": {"uv": [10, 29], "uv_size": [2, 5]},
								"west": {"uv": [6, 29], "uv_size": [4, 5]},
								"up": {"uv": [4, 25], "uv_size": [2, 4]},
								"down": {"uv": [6, 29], "uv_size": [2, -4]}
							}
						},
						{
							"origin": [-8, 0.5, -2.5],
							"size": [16, 1.5, 5],
							"uv": {
								"north": {"uv": [10, 10], "uv_size": [32, 3]},
								"east": {"uv": [0, 10], "uv_size": [10, 3]},
								"south": {"uv": [52, 10], "uv_size": [32, 3]},
								"west": {"uv": [42, 10], "uv_size": [10, 3]},
								"up": {"uv": [10, 0], "uv_size": [32, 10]},
								"down": {"uv": [42, 10], "uv_size": [32, -10]}
							}
						}
					]
				}
			]
		}
	]
}