{
	"format_version": "1.12.0",
	"minecraft:geometry": [
		{
			"description": {
				"identifier": "geometry.fr_office_fan",
				"texture_width": 64,
				"texture_height": 64,
				"visible_bounds_width": 3,
				"visible_bounds_height": 2.5,
				"visible_bounds_offset": [0, 0.75, 0]
			},
			"bones": [
				{
					"name": "freddy_plush",
					"pivot": [0, 0, 0]
				},
				{
					"name": "up_0",
					"parent": "freddy_plush",
					"pivot": [0, 0, 0],
					"cubes": [
						{
							"origin": [-3.5, 0, -4],
							"size": [7, 2, 8],
							"uv": {
								"north": {"uv": [27, 4], "uv_size": [7, 2]},
								"east": {"uv": [23, 16], "uv_size": [8, 2]},
								"south": {"uv": [27, 6], "uv_size": [7, 2]},
								"west": {"uv": [21, 25], "uv_size": [8, 2]},
								"up": {"uv": [0, 20], "uv_size": [7, 8]},
								"down": {"uv": [20, 8], "uv_size": [7, -8]}
							}
						},
						{
							"origin": [-1.5, 2, 1],
							"size": [3, 6, 2],
							"uv": {
								"north": {"uv": [15, 23], "uv_size": [3, 6]},
								"east": {"uv": [10, 27], "uv_size": [2, 6]},
								"south": {"uv": [18, 25], "uv_size": [3, 6]},
								"west": {"uv": [12, 27], "uv_size": [2, 6]},
								"up": {"uv": [21, 27], "uv_size": [3, 2]},
								"down": {"uv": [24, 29], "uv_size": [3, -2]}
							}
						},
						{
							"origin": [-5.5, 5, -3],
							"size": [11, 11, 3],
							"uv": {
								"north": {"uv": [0, 37], "uv_size": [11, 11]},
								"east": {"uv": [11, 37], "uv_size": [3, 11]},
								"south": {"uv": [0, 37], "uv_size": [11, 11]},
								"west": {"uv": [14, 37], "uv_size": [3, 11]},
								"up": {"uv": [11, 48], "uv_size": [-11, 3]},
								"down": {"uv": [11, 54], "uv_size": [-11, -3]}
							}
						},
						{
							"origin": [-5, 5, -1.5],
							"size": [10, 10, 0],
							"uv": {
								"north": {"uv": [10, 0], "uv_size": [10, 10]},
								"east": {"uv": [0, 0], "uv_size": [0, 10]},
								"south": {"uv": [10, 10], "uv_size": [10, 10]},
								"west": {"uv": [0, 0], "uv_size": [0, 10]},
								"up": {"uv": [0, 0], "uv_size": [10, 0]},
								"down": {"uv": [0, 0], "uv_size": [10, 0]}
							}
						},
						{
							"origin": [-2.5, 8, 0],
							"size": [5, 4, 4],
							"uv": {
								"north": {"uv": [20, 21], "uv_size": [5, 4]},
								"east": {"uv": [25, 21], "uv_size": [4, 4]},
								"south": {"uv": [23, 8], "uv_size": [5, 4]},
								"west": {"uv": [27, 0], "uv_size": [4, 4]},
								"up": {"uv": [10, 23], "uv_size": [5, 4]},
								"down": {"uv": [23, 16], "uv_size": [5, -4]}
							}
						}
					]
				},
				{
					"name": "up_22_5",
					"parent": "freddy_plush",
					"pivot": [0, 0, 0],
					"rotation": [0, 22.5, 0],
					"cubes": [
						{
							"origin": [-3.5, 0, -4],
							"size": [7, 2, 8],
							"uv": {
								"north": {"uv": [27, 4], "uv_size": [7, 2]},
								"east": {"uv": [23, 16], "uv_size": [8, 2]},
								"south": {"uv": [27, 6], "uv_size": [7, 2]},
								"west": {"uv": [21, 25], "uv_size": [8, 2]},
								"up": {"uv": [0, 20], "uv_size": [7, 8]},
								"down": {"uv": [20, 8], "uv_size": [7, -8]}
							}
						},
						{
							"origin": [-1.5, 2, 1],
							"size": [3, 6, 2],
							"uv": {
								"north": {"uv": [15, 23], "uv_size": [3, 6]},
								"east": {"uv": [10, 27], "uv_size": [2, 6]},
								"south": {"uv": [18, 25], "uv_size": [3, 6]},
								"west": {"uv": [12, 27], "uv_size": [2, 6]},
								"up": {"uv": [21, 27], "uv_size": [3, 2]},
								"down": {"uv": [24, 29], "uv_size": [3, -2]}
							}
						},
						{
							"origin": [-5.5, 5, -3],
							"size": [11, 11, 3],
							"uv": {
								"north": {"uv": [0, 37], "uv_size": [11, 11]},
								"east": {"uv": [11, 37], "uv_size": [3, 11]},
								"south": {"uv": [0, 37], "uv_size": [11, 11]},
								"west": {"uv": [14, 37], "uv_size": [3, 11]},
								"up": {"uv": [11, 48], "uv_size": [-11, 3]},
								"down": {"uv": [11, 54], "uv_size": [-11, -3]}
							}
						},
						{
							"origin": [-5, 5, -1.5],
							"size": [10, 10, 0],
							"uv": {
								"north": {"uv": [10, 0], "uv_size": [10, 10]},
								"east": {"uv": [0, 0], "uv_size": [0, 10]},
								"south": {"uv": [10, 10], "uv_size": [10, 10]},
								"west": {"uv": [0, 0], "uv_size": [0, 10]},
								"up": {"uv": [0, 0], "uv_size": [10, 0]},
								"down": {"uv": [0, 0], "uv_size": [10, 0]}
							}
						},
						{
							"origin": [-2.5, 8, 0],
							"size": [5, 4, 4],
							"uv": {
								"north": {"uv": [20, 21], "uv_size": [5, 4]},
								"east": {"uv": [25, 21], "uv_size": [4, 4]},
								"south": {"uv": [23, 8], "uv_size": [5, 4]},
								"west": {"uv": [27, 0], "uv_size": [4, 4]},
								"up": {"uv": [10, 23], "uv_size": [5, 4]},
								"down": {"uv": [23, 16], "uv_size": [5, -4]}
							}
						}
					]
				},
				{
					"name": "up_45",
					"parent": "freddy_plush",
					"pivot": [0, 0, 0],
					"rotation": [0, 45, 0],
					"cubes": [
						{
							"origin": [-3.5, 0, -4],
							"size": [7, 2, 8],
							"uv": {
								"north": {"uv": [27, 4], "uv_size": [7, 2]},
								"east": {"uv": [23, 16], "uv_size": [8, 2]},
								"south": {"uv": [27, 6], "uv_size": [7, 2]},
								"west": {"uv": [21, 25], "uv_size": [8, 2]},
								"up": {"uv": [0, 20], "uv_size": [7, 8]},
								"down": {"uv": [20, 8], "uv_size": [7, -8]}
							}
						},
						{
							"origin": [-1.5, 2, 1],
							"size": [3, 6, 2],
							"uv": {
								"north": {"uv": [15, 23], "uv_size": [3, 6]},
								"east": {"uv": [10, 27], "uv_size": [2, 6]},
								"south": {"uv": [18, 25], "uv_size": [3, 6]},
								"west": {"uv": [12, 27], "uv_size": [2, 6]},
								"up": {"uv": [21, 27], "uv_size": [3, 2]},
								"down": {"uv": [24, 29], "uv_size": [3, -2]}
							}
						},
						{
							"origin": [-5.5, 5, -3],
							"size": [11, 11, 3],
							"uv": {
								"north": {"uv": [0, 37], "uv_size": [11, 11]},
								"east": {"uv": [11, 37], "uv_size": [3, 11]},
								"south": {"uv": [0, 37], "uv_size": [11, 11]},
								"west": {"uv": [14, 37], "uv_size": [3, 11]},
								"up": {"uv": [11, 48], "uv_size": [-11, 3]},
								"down": {"uv": [11, 54], "uv_size": [-11, -3]}
							}
						},
						{
							"origin": [-5, 5, -1.5],
							"size": [10, 10, 0],
							"uv": {
								"north": {"uv": [10, 0], "uv_size": [10, 10]},
								"east": {"uv": [0, 0], "uv_size": [0, 10]},
								"south": {"uv": [10, 10], "uv_size": [10, 10]},
								"west": {"uv": [0, 0], "uv_size": [0, 10]},
								"up": {"uv": [0, 0], "uv_size": [10, 0]},
								"down": {"uv": [0, 0], "uv_size": [10, 0]}
							}
						},
						{
							"origin": [-2.5, 8, 0],
							"size": [5, 4, 4],
							"uv": {
								"north": {"uv": [20, 21], "uv_size": [5, 4]},
								"east": {"uv": [25, 21], "uv_size": [4, 4]},
								"south": {"uv": [23, 8], "uv_size": [5, 4]},
								"west": {"uv": [27, 0], "uv_size": [4, 4]},
								"up": {"uv": [10, 23], "uv_size": [5, 4]},
								"down": {"uv": [23, 16], "uv_size": [5, -4]}
							}
						}
					]
				},
				{
					"name": "up_67_5",
					"parent": "freddy_plush",
					"pivot": [0, 0, 0],
					"rotation": [0, 67.5, 0],
					"cubes": [
						{
							"origin": [-3.5, 0, -4],
							"size": [7, 2, 8],
							"uv": {
								"north": {"uv": [27, 4], "uv_size": [7, 2]},
								"east": {"uv": [23, 16], "uv_size": [8, 2]},
								"south": {"uv": [27, 6], "uv_size": [7, 2]},
								"west": {"uv": [21, 25], "uv_size": [8, 2]},
								"up": {"uv": [0, 20], "uv_size": [7, 8]},
								"down": {"uv": [20, 8], "uv_size": [7, -8]}
							}
						},
						{
							"origin": [-1.5, 2, 1],
							"size": [3, 6, 2],
							"uv": {
								"north": {"uv": [15, 23], "uv_size": [3, 6]},
								"east": {"uv": [10, 27], "uv_size": [2, 6]},
								"south": {"uv": [18, 25], "uv_size": [3, 6]},
								"west": {"uv": [12, 27], "uv_size": [2, 6]},
								"up": {"uv": [21, 27], "uv_size": [3, 2]},
								"down": {"uv": [24, 29], "uv_size": [3, -2]}
							}
						},
						{
							"origin": [-5.5, 5, -3],
							"size": [11, 11, 3],
							"uv": {
								"north": {"uv": [0, 37], "uv_size": [11, 11]},
								"east": {"uv": [11, 37], "uv_size": [3, 11]},
								"south": {"uv": [0, 37], "uv_size": [11, 11]},
								"west": {"uv": [14, 37], "uv_size": [3, 11]},
								"up": {"uv": [11, 48], "uv_size": [-11, 3]},
								"down": {"uv": [11, 54], "uv_size": [-11, -3]}
							}
						},
						{
							"origin": [-5, 5, -1.5],
							"size": [10, 10, 0],
							"uv": {
								"north": {"uv": [10, 0], "uv_size": [10, 10]},
								"east": {"uv": [0, 0], "uv_size": [0, 10]},
								"south": {"uv": [10, 10], "uv_size": [10, 10]},
								"west": {"uv": [0, 0], "uv_size": [0, 10]},
								"up": {"uv": [0, 0], "uv_size": [10, 0]},
								"down": {"uv": [0, 0], "uv_size": [10, 0]}
							}
						},
						{
							"origin": [-2.5, 8, 0],
							"size": [5, 4, 4],
							"uv": {
								"north": {"uv": [20, 21], "uv_size": [5, 4]},
								"east": {"uv": [25, 21], "uv_size": [4, 4]},
								"south": {"uv": [23, 8], "uv_size": [5, 4]},
								"west": {"uv": [27, 0], "uv_size": [4, 4]},
								"up": {"uv": [10, 23], "uv_size": [5, 4]},
								"down": {"uv": [23, 16], "uv_size": [5, -4]}
							}
						}
					]
				},
				{
					"name": "side",
					"parent": "freddy_plush",
					"pivot": [0, 5, 14],
					"cubes": [
						{
							"origin": [-3.5, 0, -4],
							"size": [7, 2, 8],
							"uv": {
								"north": {"uv": [27, 4], "uv_size": [7, 2]},
								"east": {"uv": [23, 16], "uv_size": [8, 2]},
								"south": {"uv": [27, 6], "uv_size": [7, 2]},
								"west": {"uv": [21, 25], "uv_size": [8, 2]},
								"up": {"uv": [0, 20], "uv_size": [7, 8]},
								"down": {"uv": [20, 8], "uv_size": [7, -8]}
							}
						},
						{
							"origin": [-1.5, 2, 1],
							"size": [3, 6, 2],
							"uv": {
								"north": {"uv": [15, 23], "uv_size": [3, 6]},
								"east": {"uv": [10, 27], "uv_size": [2, 6]},
								"south": {"uv": [18, 25], "uv_size": [3, 6]},
								"west": {"uv": [12, 27], "uv_size": [2, 6]},
								"up": {"uv": [21, 27], "uv_size": [3, 2]},
								"down": {"uv": [24, 29], "uv_size": [3, -2]}
							}
						},
						{
							"origin": [-5.5, 5, -3],
							"size": [11, 11, 3],
							"uv": {
								"north": {"uv": [0, 37], "uv_size": [11, 11]},
								"east": {"uv": [11, 37], "uv_size": [3, 11]},
								"south": {"uv": [0, 37], "uv_size": [11, 11]},
								"west": {"uv": [14, 37], "uv_size": [3, 11]},
								"up": {"uv": [11, 48], "uv_size": [-11, 3]},
								"down": {"uv": [11, 54], "uv_size": [-11, -3]}
							}
						},
						{
							"origin": [-5, 5, -1.5],
							"size": [10, 10, 0],
							"uv": {
								"north": {"uv": [10, 0], "uv_size": [10, 10]},
								"east": {"uv": [0, 0], "uv_size": [0, 10]},
								"south": {"uv": [10, 10], "uv_size": [10, 10]},
								"west": {"uv": [0, 0], "uv_size": [0, 10]},
								"up": {"uv": [0, 0], "uv_size": [10, 0]},
								"down": {"uv": [0, 0], "uv_size": [10, 0]}
							}
						},
						{
							"origin": [-2.5, 8, 0],
							"size": [5, 4, 4],
							"uv": {
								"north": {"uv": [20, 21], "uv_size": [5, 4]},
								"east": {"uv": [25, 21], "uv_size": [4, 4]},
								"south": {"uv": [23, 8], "uv_size": [5, 4]},
								"west": {"uv": [27, 0], "uv_size": [4, 4]},
								"up": {"uv": [10, 23], "uv_size": [5, 4]},
								"down": {"uv": [23, 16], "uv_size": [5, -4]}
							}
						}
					]
				}
			]
		}
	]
}