{
	"format_version": "1.21.0",
	"minecraft:geometry": [
		{
			"description": {
				"identifier": "geometry.fr_security_camera",
				"texture_width": 32,
				"texture_height": 32,
				"visible_bounds_width": 3,
				"visible_bounds_height": 3,
				"visible_bounds_offset": [0, 0.5, 0]
			},
			"bones": [
				{
					"name": "bb_main",
					"pivot": [0, 0, 0],
					"cubes": [
						{
							"origin": [-1, 0, -1],
							"size": [2, 2, 2],
							"uv": {}
						}
					]
				},
				{
					"name": "freddy_plush",
					"pivot": [0, 0, 0]
				},
				{
					"name": "up_0",
					"parent": "freddy_plush",
					"pivot": [0, 0, 0],
					"cubes": [
						{
							"origin": [-2, 29.8158, -16.51166],
							"size": [4, 4, 1],
							"pivot": [0, 13.9158, -17.51166],
							"rotation": [-90, 0, -180],
							"uv": {
								"north": {"uv": [16, 6], "uv_size": [4, 4]},
								"east": {"uv": [17, 17], "uv_size": [1, 4]},
								"south": {"uv": [16, 6], "uv_size": [4, 4]},
								"west": {"uv": [17, 17], "uv_size": [1, 4]},
								"up": {"uv": [18, 17], "uv_size": [4, 1]},
								"down": {"uv": [18, 18], "uv_size": [4, -1]}
							}
						},
						{
							"origin": [-1, 30.8158, -25.51166],
							"size": [2, 2, 9],
							"pivot": [0, 13.9158, -17.51166],
							"rotation": [-90, 0, -180],
							"uv": {
								"north": {"uv": [16, 0], "uv_size": [9, 2]},
								"east": {"uv": [25, 2], "uv_size": [-9, -2]},
								"south": {"uv": [16, 0], "uv_size": [9, 2]},
								"west": {"uv": [16, 0], "uv_size": [9, 2]},
								"up": {"uv": [25, 0], "uv_size": [-9, 2], "uv_rotation": 90},
								"down": {"uv": [16, 2], "uv_size": [9, -2], "uv_rotation": 90}
							}
						},
						{
							"origin": [0, 32.8158, -25.51166],
							"size": [0, 5, 9],
							"pivot": [0, 13.9158, -17.51166],
							"rotation": [-90, 0, -180],
							"uv": {
								"east": {"uv": [6, 10], "uv_size": [9, 5]}
							}
						},
						{
							"origin": [-2.99, -0.31752, 2.60851],
							"size": [6, 5, 10],
							"pivot": [0.01, -12.75121, -1.56887],
							"rotation": [25, 0, 0],
							"uv": {
								"east": {"uv": [0, 20], "uv_size": [10, 5]},
								"south": {"uv": [6, 15], "uv_size": [6, 5]},
								"west": {"uv": [16, 0], "uv_size": [-10, 5]},
								"up": {"uv": [0, 0], "uv_size": [6, 10]}
							}
						},
						{
							"origin": [-2.99, -0.31752, 4.60851],
							"size": [6, 5, 8],
							"pivot": [0.01, -12.75121, -1.56887],
							"rotation": [25, 0, 0],
							"uv": {
								"north": {"uv": [15, 10], "uv_size": [6, 5]},
								"down": {"uv": [0, 18], "uv_size": [6, -8]}
							}
						}
					]
				},
				{
					"name": "up_22_5",
					"parent": "freddy_plush",
					"pivot": [0, 0, 0],
					"rotation": [0, 22.5, 0],
					"cubes": [
						{
							"origin": [-2.99, -0.31752, 2.60851],
							"size": [6, 5, 10],
							"pivot": [0.01, -12.75121, -1.56887],
							"rotation": [25, 0, 0],
							"uv": {
								"east": {"uv": [0, 20], "uv_size": [10, 5]},
								"south": {"uv": [6, 15], "uv_size": [6, 5]},
								"west": {"uv": [16, 0], "uv_size": [-10, 5]},
								"up": {"uv": [0, 0], "uv_size": [6, 10]}
							}
						},
						{
							"origin": [-2.99, -0.31752, 4.60851],
							"size": [6, 5, 8],
							"pivot": [0.01, -12.75121, -1.56887],
							"rotation": [25, 0, 0],
							"uv": {
								"north": {"uv": [15, 10], "uv_size": [6, 5]},
								"down": {"uv": [0, 18], "uv_size": [6, -8]}
							}
						},
						{
							"origin": [0, 32.8158, -25.51166],
							"size": [0, 5, 9],
							"pivot": [0, 13.9158, -17.51166],
							"rotation": [-90, 0, -180],
							"uv": {
								"east": {"uv": [6, 10], "uv_size": [9, 5]}
							}
						},
						{
							"origin": [-1, 30.8158, -25.51166],
							"size": [2, 2, 9],
							"pivot": [0, 13.9158, -17.51166],
							"rotation": [-90, 0, -180],
							"uv": {
								"north": {"uv": [16, 0], "uv_size": [9, 2]},
								"east": {"uv": [25, 2], "uv_size": [-9, -2]},
								"south": {"uv": [16, 0], "uv_size": [9, 2]},
								"west": {"uv": [16, 0], "uv_size": [9, 2]},
								"up": {"uv": [25, 0], "uv_size": [-9, 2], "uv_rotation": 90},
								"down": {"uv": [16, 2], "uv_size": [9, -2], "uv_rotation": 90}
							}
						},
						{
							"origin": [-2, 29.8158, -16.51166],
							"size": [4, 4, 1],
							"pivot": [0, 13.9158, -17.51166],
							"rotation": [-90, 0, -180],
							"uv": {
								"north": {"uv": [16, 6], "uv_size": [4, 4]},
								"east": {"uv": [17, 17], "uv_size": [1, 4]},
								"south": {"uv": [16, 6], "uv_size": [4, 4]},
								"west": {"uv": [17, 17], "uv_size": [1, 4]},
								"up": {"uv": [18, 17], "uv_size": [4, 1]},
								"down": {"uv": [18, 18], "uv_size": [4, -1]}
							}
						}
					]
				},
				{
					"name": "up_45",
					"parent": "freddy_plush",
					"pivot": [0, 0, 0],
					"rotation": [0, 45, 0],
					"cubes": [
						{
							"origin": [-2.99, -0.31752, 2.60851],
							"size": [6, 5, 10],
							"pivot": [0.01, -12.75121, -1.56887],
							"rotation": [25, 0, 0],
							"uv": {
								"east": {"uv": [0, 20], "uv_size": [10, 5]},
								"south": {"uv": [6, 15], "uv_size": [6, 5]},
								"west": {"uv": [16, 0], "uv_size": [-10, 5]},
								"up": {"uv": [0, 0], "uv_size": [6, 10]}
							}
						},
						{
							"origin": [-2.99, -0.31752, 4.60851],
							"size": [6, 5, 8],
							"pivot": [0.01, -12.75121, -1.56887],
							"rotation": [25, 0, 0],
							"uv": {
								"north": {"uv": [15, 10], "uv_size": [6, 5]},
								"down": {"uv": [0, 18], "uv_size": [6, -8]}
							}
						},
						{
							"origin": [0, 32.8158, -25.51166],
							"size": [0, 5, 9],
							"pivot": [0, 13.9158, -17.51166],
							"rotation": [-90, 0, -180],
							"uv": {
								"east": {"uv": [6, 10], "uv_size": [9, 5]}
							}
						},
						{
							"origin": [-1, 30.8158, -25.51166],
							"size": [2, 2, 9],
							"pivot": [0, 13.9158, -17.51166],
							"rotation": [-90, 0, -180],
							"uv": {
								"north": {"uv": [16, 0], "uv_size": [9, 2]},
								"east": {"uv": [25, 2], "uv_size": [-9, -2]},
								"south": {"uv": [16, 0], "uv_size": [9, 2]},
								"west": {"uv": [16, 0], "uv_size": [9, 2]},
								"up": {"uv": [25, 0], "uv_size": [-9, 2], "uv_rotation": 90},
								"down": {"uv": [16, 2], "uv_size": [9, -2], "uv_rotation": 90}
							}
						},
						{
							"origin": [-2, 29.8158, -16.51166],
							"size": [4, 4, 1],
							"pivot": [0, 13.9158, -17.51166],
							"rotation": [-90, 0, -180],
							"uv": {
								"north": {"uv": [16, 6], "uv_size": [4, 4]},
								"east": {"uv": [17, 17], "uv_size": [1, 4]},
								"south": {"uv": [16, 6], "uv_size": [4, 4]},
								"west": {"uv": [17, 17], "uv_size": [1, 4]},
								"up": {"uv": [18, 17], "uv_size": [4, 1]},
								"down": {"uv": [18, 18], "uv_size": [4, -1]}
							}
						}
					]
				},
				{
					"name": "up_67_5",
					"parent": "freddy_plush",
					"pivot": [0, 0, 0],
					"rotation": [0, 67.5, 0],
					"cubes": [
						{
							"origin": [-2.99, -0.31752, 2.60851],
							"size": [6, 5, 10],
							"pivot": [0.01, -12.75121, -1.56887],
							"rotation": [25, 0, 0],
							"uv": {
								"east": {"uv": [0, 20], "uv_size": [10, 5]},
								"south": {"uv": [6, 15], "uv_size": [6, 5]},
								"west": {"uv": [16, 0], "uv_size": [-10, 5]},
								"up": {"uv": [0, 0], "uv_size": [6, 10]}
							}
						},
						{
							"origin": [-2.99, -0.31752, 4.60851],
							"size": [6, 5, 8],
							"pivot": [0.01, -12.75121, -1.56887],
							"rotation": [25, 0, 0],
							"uv": {
								"north": {"uv": [15, 10], "uv_size": [6, 5]},
								"down": {"uv": [0, 18], "uv_size": [6, -8]}
							}
						},
						{
							"origin": [0, 32.8158, -25.51166],
							"size": [0, 5, 9],
							"pivot": [0, 13.9158, -17.51166],
							"rotation": [-90, 0, -180],
							"uv": {
								"east": {"uv": [6, 10], "uv_size": [9, 5]}
							}
						},
						{
							"origin": [-1, 30.8158, -25.51166],
							"size": [2, 2, 9],
							"pivot": [0, 13.9158, -17.51166],
							"rotation": [-90, 0, -180],
							"uv": {
								"north": {"uv": [16, 0], "uv_size": [9, 2]},
								"east": {"uv": [25, 2], "uv_size": [-9, -2]},
								"south": {"uv": [16, 0], "uv_size": [9, 2]},
								"west": {"uv": [16, 0], "uv_size": [9, 2]},
								"up": {"uv": [25, 0], "uv_size": [-9, 2], "uv_rotation": 90},
								"down": {"uv": [16, 2], "uv_size": [9, -2], "uv_rotation": 90}
							}
						},
						{
							"origin": [-2, 29.8158, -16.51166],
							"size": [4, 4, 1],
							"pivot": [0, 13.9158, -17.51166],
							"rotation": [-90, 0, -180],
							"uv": {
								"north": {"uv": [16, 6], "uv_size": [4, 4]},
								"east": {"uv": [17, 17], "uv_size": [1, 4]},
								"south": {"uv": [16, 6], "uv_size": [4, 4]},
								"west": {"uv": [17, 17], "uv_size": [1, 4]},
								"up": {"uv": [18, 17], "uv_size": [4, 1]},
								"down": {"uv": [18, 18], "uv_size": [4, -1]}
							}
						}
					]
				},
				{
					"name": "side",
					"parent": "freddy_plush",
					"pivot": [0, 5, 14],
					"cubes": [
						{
							"origin": [-2.99, -0.31752, 2.60851],
							"size": [6, 5, 10],
							"pivot": [0.01, -12.75121, -1.56887],
							"rotation": [25, 0, 0],
							"uv": {
								"east": {"uv": [0, 20], "uv_size": [10, 5]},
								"south": {"uv": [6, 15], "uv_size": [6, 5]},
								"west": {"uv": [16, 0], "uv_size": [-10, 5]},
								"up": {"uv": [0, 0], "uv_size": [6, 10]}
							}
						},
						{
							"origin": [-2, -1, 7],
							"size": [4, 4, 1],
							"uv": {
								"north": {"uv": [16, 6], "uv_size": [4, 4]},
								"east": {"uv": [16, 6], "uv_size": [1, 4]},
								"south": {"uv": [16, 6], "uv_size": [4, 4]},
								"west": {"uv": [19, 6], "uv_size": [1, 4]},
								"up": {"uv": [20, 7], "uv_size": [-4, -1]},
								"down": {"uv": [20, 10], "uv_size": [-4, -1]}
							}
						},
						{
							"origin": [-2.99, -0.31752, 4.60851],
							"size": [6, 5, 8],
							"pivot": [0.01, -12.75121, -1.56887],
							"rotation": [25, 0, 0],
							"uv": {
								"north": {"uv": [15, 10], "uv_size": [6, 5]},
								"down": {"uv": [0, 18], "uv_size": [6, -8]}
							}
						},
						{
							"origin": [-1, 1.65297, -1.00858],
							"size": [2, 2, 9],
							"pivot": [0, 2.65297, 3.29142],
							"rotation": [25, 0, -180],
							"uv": {
								"north": {"uv": [16, 0], "uv_size": [9, 2]},
								"east": {"uv": [25, 2], "uv_size": [-9, -2]},
								"south": {"uv": [16, 0], "uv_size": [9, 2]},
								"west": {"uv": [16, 0], "uv_size": [9, 2]},
								"up": {"uv": [25, 0], "uv_size": [-9, 2], "uv_rotation": 90},
								"down": {"uv": [16, 2], "uv_size": [9, -2], "uv_rotation": 90}
							}
						},
						{
							"origin": [0, -3.9, 2.9],
							"size": [0, 5, 9],
							"pivot": [0, -0.4, 5.4],
							"rotation": [-180, 0, 0],
							"uv": {
								"east": {"uv": [6, 10], "uv_size": [9, 5]}
							}
						}
					]
				}
			]
		}
	]
}