{
	"format_version": "1.21.20",
	"minecraft:geometry": [
		{
			"description": {
				"identifier": "geometry.freddy_fazbear_head",
				"texture_width": 16,
				"texture_height": 16,
				"visible_bounds_width": 3,
				"visible_bounds_height": 2.5,
				"visible_bounds_offset": [0, 0.75, 0]
			},
			"bones": [
				{
					"name": "feddy",
					"pivot": [0, -28, 0]
				},
				{
					"name": "upperpart",
					"parent": "feddy",
					"pivot": [0, -11, 2]
				},
				{
					"name": "feddyHed",
					"parent": "upperpart",
					"pivot": [0, -2, -1],
					"rotation": [-12.5, 0, 0]
				},
				{
					"name": "head",
					"parent": "feddyHed",
					"pivot": [0, 3, -1]
				},
				{
					"name": "headsuit",
					"parent": "head",
					"pivot": [0, 3, 0]
				},
				{
					"name": "masktop",
					"parent": "headsuit",
					"pivot": [0, -3, 1.4],
					"cubes": [
						{
							"origin": [-4, 3, -5],
							"size": [8, 8, 8],
							"uv": {
								"north": {"uv": [6.754, 3.254], "uv_size": [0.992, 0.992]},
								"east": {"uv": [5.754, 3.254], "uv_size": [0.992, 0.992]},
								"south": {"uv": [6.754, 4.254], "uv_size": [0.992, 0.992]},
								"west": {"uv": [7.754, 3.254], "uv_size": [0.992, 0.992]},
								"up": {"uv": [8.746, 5.246], "uv_size": [-0.992, -0.992]},
								"down": {"uv": [6.746, 5.246], "uv_size": [-0.992, -0.992]}
							}
						},
						{
							"origin": [-5, 3, -5],
							"size": [10, 4, 7],
							"uv": {
								"north": {"uv": [1.629, 1.879], "uv_size": [1.242, 0.492]},
								"east": {"uv": [0.379, 1.879], "uv_size": [0.867, 0.492]},
								"south": {"uv": [0.129, 3.129], "uv_size": [1.242, 0.492]},
								"west": {"uv": [3.254, 1.879], "uv_size": [0.867, 0.492]},
								"up": {"uv": [4.379, 3.254], "uv_size": [1.242, 0.992]},
								"down": {"uv": [4.379, 5.371], "uv_size": [1.242, -0.867]}
							}
						}
					]
				},
				{
					"name": "eyebrows",
					"parent": "masktop",
					"pivot": [-3, 1.9, -4]
				},
				{
					"name": "eyebrowL",
					"parent": "eyebrows",
					"pivot": [-2, 9, -4.5]
				},
				{
					"name": "eyebrowR",
					"parent": "eyebrows",
					"pivot": [2, 9, -4.5]
				},
				{
					"name": "muzzle",
					"parent": "masktop",
					"pivot": [0, -3, -3],
					"cubes": [
						{
							"origin": [-3.5, 3, -7],
							"size": [7, 3, 2],
							"uv": {
								"north": {"uv": [1.879, 2.754], "uv_size": [0.867, 0.367]},
								"east": {"uv": [1.254, 2.004], "uv_size": [0.242, 0.367]},
								"south": {"uv": [13.754, 11.004], "uv_size": [0.867, 0.367]},
								"west": {"uv": [3.246, 2.371], "uv_size": [-0.242, -0.367]},
								"up": {"uv": [1.879, 2.504], "uv_size": [0.867, 0.242]},
								"down": {"uv": [1.879, 3.129], "uv_size": [0.867, 0.242]}
							}
						},
						{
							"origin": [-1.5, 5, -7],
							"size": [3, 1, 2],
							"inflate": 0.15,
							"uv": {
								"north": {"uv": [6.754, 0.879], "uv_size": [0.367, 0.117]},
								"south": {"uv": [13.754, 11.004], "uv_size": [0.367, 0.117]},
								"up": {"uv": [6.879, 0.629], "uv_size": [0.367, 0.242]}
							}
						}
					]
				},
				{
					"name": "bone4",
					"parent": "muzzle",
					"pivot": [0, 4.5, -6]
				},
				{
					"name": "bone6",
					"parent": "muzzle",
					"pivot": [6, 4, -6]
				},
				{
					"name": "bone7",
					"parent": "muzzle",
					"pivot": [-6, 4, -6]
				},
				{
					"name": "hat",
					"parent": "masktop",
					"pivot": [0, 11.5, -1]
				},
				{
					"name": "jaw",
					"parent": "headsuit",
					"pivot": [0, 3, -1],
					"rotation": [12.5, 0, 0],
					"cubes": [
						{
							"origin": [-4, 0, -7],
							"size": [8, 2, 4],
							"inflate": 0.01,
							"uv": {
								"north": {"uv": [4.504, 2.629], "uv_size": [0.992, 0.242]},
								"east": {"uv": [4.004, 2.629], "uv_size": [0.492, 0.242]},
								"south": {"uv": [14.004, 13.004], "uv_size": [0.992, 0.242]},
								"west": {"uv": [5.379, 2.629], "uv_size": [0.492, 0.242]},
								"up": {"uv": [4.504, 2.129], "uv_size": [0.992, 0.492]},
								"down": {"uv": [0.254, 5.121], "uv_size": [0.992, -0.492]}
							}
						},
						{
							"origin": [-1.5, 2.5, -4],
							"size": [3, 1, 2],
							"inflate": 0.1,
							"uv": {
								"north": {"uv": [5.254, 11.129], "uv_size": [0.367, 0.117]},
								"east": {"uv": [5.129, 11.004], "uv_size": [0.242, 0.117]},
								"south": {"uv": [5.879, 11.004], "uv_size": [0.367, 0.117]},
								"west": {"uv": [5.629, 11.004], "uv_size": [0.242, 0.117]},
								"up": {"uv": [4.504, 10.754], "uv_size": [0.367, 0.242]},
								"down": {"uv": [4.504, 11.246], "uv_size": [0.367, -0.242]}
							}
						},
						{
							"origin": [-1.5, 3, -4],
							"size": [3, 1, 2],
							"uv": {
								"north": {"uv": [8.254, 11.629], "uv_size": [0.367, 0.117]},
								"east": {"uv": [8.379, 10.879], "uv_size": [0.242, 0.117]},
								"south": {"uv": [9.129, 10.879], "uv_size": [0.367, 0.117]},
								"west": {"uv": [8.879, 10.879], "uv_size": [0.242, 0.117]},
								"up": {"uv": [8.629, 10.629], "uv_size": [0.367, 0.242]},
								"down": {"uv": [8.879, 10.871], "uv_size": [0.367, -0.242]}
							}
						},
						{
							"origin": [-0.5, 0, -7],
							"size": [1, 2, 1],
							"inflate": 0.1,
							"uv": {
								"north": {"uv": [2.879, 2.504], "uv_size": [0.117, 0.242]},
								"east": {"uv": [11.754, 9.504], "uv_size": [0.117, 0.242]},
								"south": {"uv": [12.129, 9.504], "uv_size": [0.117, 0.242]},
								"west": {"uv": [12.004, 9.504], "uv_size": [0.117, 0.242]},
								"up": {"uv": [11.879, 9.379], "uv_size": [0.117, 0.117]},
								"down": {"uv": [12.004, 9.496], "uv_size": [0.117, -0.117]}
							}
						},
						{
							"origin": [-4, 0, -3],
							"size": [8, 2, 6],
							"inflate": 0.02,
							"pivot": [0, 0, -3],
							"rotation": [45, 0, 0],
							"uv": {
								"north": {"uv": [12.504, 12.254], "uv_size": [0.992, 0.242]},
								"east": {"uv": [6.254, 2.629], "uv_size": [0.742, 0.242]},
								"south": {"uv": [14.254, 12.254], "uv_size": [0.992, 0.242]},
								"west": {"uv": [8.004, 2.629], "uv_size": [0.742, 0.242]},
								"up": {"uv": [4.504, 1.379], "uv_size": [0.992, 0.742]},
								"down": {"uv": [0.254, 4.496], "uv_size": [0.992, -0.742]}
							}
						},
						{
							"origin": [-3, 0.7, -6],
							"size": [6, 2, 3],
							"inflate": 0.2,
							"uv": {
								"north": {"uv": [6.004, 2.004], "uv_size": [0.742, 0.242]},
								"east": {"uv": [5.879, 1.879], "uv_size": [0.367, 0.242]},
								"west": {"uv": [6.879, 1.879], "uv_size": [0.367, 0.242]}
							}
						},
						{
							"origin": [-3, 1.5, -6],
							"size": [6, 2, 3],
							"inflate": 0.1,
							"uv": {
								"north": {"uv": [8.379, 14.754], "uv_size": [0.742, 0.242]},
								"east": {"uv": [8.254, 14.629], "uv_size": [0.367, 0.242]},
								"west": {"uv": [9.254, 14.629], "uv_size": [0.367, 0.242]}
							}
						},
						{
							"origin": [-3, 0.6, -6],
							"size": [6, 2, 3],
							"uv": {
								"north": {"uv": [6.004, 2.379], "uv_size": [0.742, 0.242]},
								"east": {"uv": [5.879, 2.254], "uv_size": [0.367, 0.242]},
								"west": {"uv": [6.879, 2.254], "uv_size": [0.367, 0.242]}
							}
						}
					]
				},
				{
					"name": "bone3",
					"parent": "jaw",
					"pivot": [0, 1, -5]
				},
				{
					"name": "bone5",
					"parent": "jaw",
					"pivot": [0, 1.7, -4.5]
				},
				{
					"name": "headendo",
					"parent": "head",
					"pivot": [0, 3, 0],
					"cubes": [
						{
							"origin": [-3, 5, -2.1],
							"size": [6, 5, 2],
							"uv": {
								"north": {"uv": [14.754, 1.254], "uv_size": [0.742, 0.617]},
								"east": {"uv": [13.371, 2.004], "uv_size": [-0.242, 0.617]},
								"south": {"uv": [12.379, 2.004], "uv_size": [0.742, 0.617]},
								"west": {"uv": [12.371, 2.004], "uv_size": [-0.242, 0.617]},
								"up": {"uv": [12.379, 1.879], "uv_size": [0.742, 0.242]},
								"down": {"uv": [12.379, 2.871], "uv_size": [0.742, -0.242]}
							}
						},
						{
							"origin": [-2, 2, -2.1],
							"size": [4, 4, 2],
							"uv": {
								"north": {"uv": [13.629, 2.629], "uv_size": [0.492, 0.492]},
								"east": {"uv": [15.379, 2.629], "uv_size": [0.242, 0.492]},
								"south": {"uv": [14.879, 2.629], "uv_size": [0.492, 0.492]},
								"west": {"uv": [14.629, 2.629], "uv_size": [0.242, 0.492]},
								"up": {"uv": [14.879, 2.379], "uv_size": [0.492, 0.242]},
								"down": {"uv": [14.879, 3.246], "uv_size": [0.492, -0.242]}
							}
						},
						{
							"origin": [-1.5, 1.5, -1.5],
							"size": [3, 3, 2],
							"uv": {
								"north": {"uv": [11.75, 3.5], "uv_size": [-0.375, 0.375]},
								"east": {"uv": [12, 3.5], "uv_size": [-0.25, 0.375]},
								"south": {"uv": [12.375, 3.5], "uv_size": [-0.375, 0.375]},
								"west": {"uv": [11.375, 3.5], "uv_size": [-0.25, 0.375]},
								"up": {"uv": [11.75, 3.25], "uv_size": [-0.375, 0.25]},
								"down": {"uv": [12.125, 3.5], "uv_size": [-0.375, -0.25]}
							}
						},
						{
							"origin": [-4, 2, -1],
							"size": [8, 5, 0],
							"uv": {
								"north": {"uv": [13.379, 2.504], "uv_size": [0.992, 0.617]}
							}
						},
						{
							"origin": [-1.5, 4.5, -4],
							"size": [3, 1, 2],
							"inflate": 0.1,
							"uv": {
								"north": {"uv": [5.254, 11.129], "uv_size": [0.367, 0.117]},
								"east": {"uv": [5.129, 11.004], "uv_size": [0.242, 0.117]},
								"south": {"uv": [5.879, 11.004], "uv_size": [0.367, 0.117]},
								"west": {"uv": [5.629, 11.004], "uv_size": [0.242, 0.117]},
								"up": {"uv": [4.504, 10.754], "uv_size": [0.367, 0.242]},
								"down": {"uv": [4.504, 11.246], "uv_size": [0.367, -0.242]}
							}
						},
						{
							"origin": [-1.5, 4, -4],
							"size": [3, 1, 2],
							"uv": {
								"north": {"uv": [7.004, 11.379], "uv_size": [0.367, 0.117]},
								"east": {"uv": [6.754, 11.379], "uv_size": [0.242, 0.117]},
								"south": {"uv": [7.504, 11.379], "uv_size": [0.367, 0.117]},
								"west": {"uv": [7.254, 11.379], "uv_size": [0.242, 0.117]},
								"up": {"uv": [7.004, 11.129], "uv_size": [0.367, 0.242]},
								"down": {"uv": [7.254, 11.371], "uv_size": [0.367, -0.242]}
							}
						}
					]
				},
				{
					"name": "eyes",
					"parent": "headendo",
					"pivot": [-2, 0, -2]
				},
				{
					"name": "eyeL",
					"parent": "eyes",
					"pivot": [-2, 0, -2],
					"cubes": [
						{
							"origin": [-3, 6, -4],
							"size": [2, 2, 2],
							"uv": {
								"north": {"uv": [13.504, 1.254], "uv_size": [0.242, 0.242]},
								"east": {"uv": [13.254, 1.254], "uv_size": [0.242, 0.242]},
								"south": {"uv": [5.879, 9.629], "uv_size": [0.242, 0.242]},
								"west": {"uv": [13.496, 1.254], "uv_size": [-0.242, 0.242]},
								"up": {"uv": [5.379, 9.379], "uv_size": [0.242, 0.242]},
								"down": {"uv": [13.504, 1.371], "uv_size": [0.242, -0.242]}
							}
						}
					]
				},
				{
					"name": "pupil",
					"parent": "eyeL",
					"pivot": [-2, 7, -3.65],
					"cubes": [
						{
							"origin": [-2.5, 6.5, -4.15],
							"size": [1, 1, 1],
							"uv": {
								"north": {"uv": [13.504, 1.879], "uv_size": [0.117, 0.117]}
							}
						},
						{
							"origin": [-2.5, 6.5, -4.3],
							"size": [1, 1, 1],
							"inflate": -0.2,
							"uv": {
								"north": {"uv": [13.504, 2.004], "uv_size": [0.117, 0.117]}
							}
						}
					]
				},
				{
					"name": "eyelid",
					"parent": "eyeL",
					"pivot": [-2, 7.55, -2]
				},
				{
					"name": "eyeR",
					"parent": "eyes",
					"pivot": [2, 0, -2],
					"cubes": [
						{
							"origin": [1, 6, -4],
							"size": [2, 2, 2],
							"uv": {
								"north": {"uv": [14.004, 1.254], "uv_size": [0.242, 0.242]},
								"east": {"uv": [14.496, 1.254], "uv_size": [-0.242, 0.242]},
								"south": {"uv": [7.754, 8.004], "uv_size": [0.242, 0.242]},
								"west": {"uv": [14.254, 1.254], "uv_size": [0.242, 0.242]},
								"up": {"uv": [7.254, 7.754], "uv_size": [0.242, 0.242]},
								"down": {"uv": [14.004, 1.371], "uv_size": [0.242, -0.242]}
							}
						}
					]
				},
				{
					"name": "pupil2",
					"parent": "eyeR",
					"pivot": [2, 7, -3.65],
					"cubes": [
						{
							"origin": [1.5, 6.5, -4.15],
							"size": [1, 1, 1],
							"uv": {
								"north": {"uv": [14.129, 1.879], "uv_size": [0.117, 0.117]}
							}
						},
						{
							"origin": [1.5, 6.5, -4.3],
							"size": [1, 1, 1],
							"inflate": -0.2,
							"uv": {
								"north": {"uv": [14.129, 2.004], "uv_size": [0.117, 0.117]}
							}
						}
					]
				},
				{
					"name": "eyelid2",
					"parent": "eyeR",
					"pivot": [2, 7.5, -2]
				},
				{
					"name": "neck",
					"parent": "feddyHed",
					"pivot": [0, -8, -1]
				}
			],
			"item_display_transforms": {
				"thirdperson_righthand": {
					"rotation": [75, 45, 0],
					"translation": [0, 2.5, 0],
					"scale": [0.375, 0.375, 0.375],
					"rotation_pivot": [0, 0, 0],
					"scale_pivot": [0, 0, 0]
				},
				"thirdperson_lefthand": {
					"rotation": [75, 45, 0],
					"translation": [0, 2.5, 0],
					"scale": [0.375, 0.375, 0.375],
					"rotation_pivot": [0, 0, 0],
					"scale_pivot": [0, 0, 0]
				},
				"firstperson_righthand": {
					"rotation": [0, 128, 0],
					"translation": [-1.5, 5.25, 2.25],
					"scale": [0.4, 0.4, 0.4],
					"rotation_pivot": [0, 0, 0],
					"scale_pivot": [0, 0, 0]
				},
				"firstperson_lefthand": {
					"rotation": [0, 128, 0],
					"translation": [-1.5, 5.25, 2.25],
					"scale": [0.4, 0.4, 0.4],
					"rotation_pivot": [0, 0, 0],
					"scale_pivot": [0, 0, 0]
				},
				"ground": {
					"rotation": [0, 0, 0],
					"translation": [0, 3, 0],
					"scale": [0.25, 0.25, 0.25],
					"rotation_pivot": [0, 0, 0],
					"scale_pivot": [0, 0, 0]
				},
				"gui": {
					"rotation": [30, 135, 0],
					"translation": [0, 0, 0],
					"scale": [0.625, 0.625, 0.625],
					"rotation_pivot": [0, 0, 0],
					"scale_pivot": [0, 0, 0],
					"fit_to_frame": false
				},
				"head": {
					"rotation": [-13.25, 0, 0],
					"translation": [0, 1.5, -1.75],
					"scale": [1.7, 1.7, 1.7],
					"rotation_pivot": [0, 0, 0],
					"scale_pivot": [0, 0, 0]
				},
				"fixed": {
					"rotation": [0, 0, 0],
					"translation": [0, 0, 0],
					"scale": [0.5, 0.5, 0.5],
					"rotation_pivot": [0, 0, 0],
					"scale_pivot": [0, 0, 0]
				}
			}
		}
	]
}