{
	"format_version": "1.21.0",
	"minecraft:geometry": [
		{
			"description": {
				"identifier": "geometry.freddy_fazbear_block",
				"texture_width": 16,
				"texture_height": 16,
				"visible_bounds_width": 2,
				"visible_bounds_height": 2.5,
				"visible_bounds_offset": [0, 0.75, 0]
			},
			"bones": [
				{
					"name": "bb_main",
					"pivot": [0, 0, 0],
					"cubes": [
						{
							"origin": [-0.5, 0, -0.5],
							"size": [1, 1, 1],
							"uv": {
								"north": {"uv": [0, 0], "uv_size": [0.25, 0.25]},
								"east": {"uv": [0, 0], "uv_size": [0.25, 0.25]},
								"south": {"uv": [0, 0], "uv_size": [0.25, 0.25]},
								"west": {"uv": [0, 0], "uv_size": [0.25, 0.25]},
								"up": {"uv": [0.25, 0.25], "uv_size": [-0.25, -0.25]},
								"down": {"uv": [0.25, 0.25], "uv_size": [-0.25, -0.25]}
							}
						}
					]
				},
				{
					"name": "feddy",
					"pivot": [0, 0, 0]
				},
				{
					"name": "upperpart",
					"parent": "feddy",
					"pivot": [0, 8.5, 1]
				},
				{
					"name": "feddyHed",
					"parent": "upperpart",
					"pivot": [0, 13, 1]
				},
				{
					"name": "head",
					"parent": "feddyHed",
					"pivot": [0, 15.5, 1],
					"rotation": [0, 0, -7.5]
				},
				{
					"name": "headsuit",
					"parent": "head",
					"pivot": [0, 15.5, 1.5]
				},
				{
					"name": "masktop",
					"parent": "headsuit",
					"pivot": [0, 12.5, 2.2],
					"cubes": [
						{
							"origin": [-2, 15.5, -1],
							"size": [4, 4, 4],
							"uv": {
								"north": {"uv": [6.754, 3.254], "uv_size": [0.992, 0.992]},
								"east": {"uv": [5.754, 3.254], "uv_size": [0.992, 0.992]},
								"south": {"uv": [6.754, 4.254], "uv_size": [0.992, 0.992]},
								"west": {"uv": [7.754, 3.254], "uv_size": [0.992, 0.992]},
								"up": {"uv": [8.746, 5.246], "uv_size": [-0.992, -0.992]},
								"down": {"uv": [6.746, 5.246], "uv_size": [-0.992, -0.992]}
							}
						},
						{
							"origin": [-2.5, 15.5, -1],
							"size": [5, 2, 3.5],
							"uv": {
								"north": {"uv": [1.629, 1.879], "uv_size": [1.242, 0.492]},
								"east": {"uv": [0.379, 1.879], "uv_size": [0.867, 0.492]},
								"south": {"uv": [0.129, 3.129], "uv_size": [1.242, 0.492]},
								"west": {"uv": [3.254, 1.879], "uv_size": [0.867, 0.492]},
								"up": {"uv": [4.379, 3.254], "uv_size": [1.242, 0.992]},
								"down": {"uv": [4.379, 5.371], "uv_size": [1.242, -0.867]}
							}
						}
					]
				},
				{
					"name": "eyebrows",
					"parent": "masktop",
					"pivot": [-1.5, 14.95, -0.5]
				},
				{
					"name": "eyebrowL",
					"parent": "eyebrows",
					"pivot": [-1, 18.5, -0.75],
					"cubes": [
						{
							"origin": [-1.45, 18.3, -0.95],
							"size": [0.9, 0.4, 0.4],
							"inflate": 0.1,
							"uv": {
								"north": {"uv": [1.879, 0.004], "uv_size": [0.242, 0.117]},
								"east": {"uv": [11.629, 8.379], "uv_size": [0.117, 0.117]},
								"south": {"uv": [12.129, 8.379], "uv_size": [0.242, 0.117]},
								"west": {"uv": [12.004, 8.379], "uv_size": [0.117, 0.117]},
								"up": {"uv": [11.754, 8.254], "uv_size": [0.242, 0.117]},
								"down": {"uv": [12.004, 8.371], "uv_size": [0.242, -0.117]}
							}
						}
					]
				},
				{
					"name": "eyebrowR",
					"parent": "eyebrows",
					"pivot": [1, 18.5, -0.75],
					"cubes": [
						{
							"origin": [0.55, 18.3, -0.95],
							"size": [0.9, 0.4, 0.4],
							"inflate": 0.1,
							"uv": {
								"north": {"uv": [2.379, 0.004], "uv_size": [0.242, 0.117]},
								"east": {"uv": [14.629, 8.379], "uv_size": [0.117, 0.117]},
								"south": {"uv": [15.129, 8.379], "uv_size": [0.242, 0.117]},
								"west": {"uv": [15.004, 8.379], "uv_size": [0.117, 0.117]},
								"up": {"uv": [14.754, 8.254], "uv_size": [0.242, 0.117]},
								"down": {"uv": [15.004, 8.371], "uv_size": [0.242, -0.117]}
							}
						}
					]
				},
				{
					"name": "muzzle",
					"parent": "masktop",
					"pivot": [0, 12.5, 0],
					"cubes": [
						{
							"origin": [-1.75, 15.5, -2],
							"size": [3.5, 1.5, 1],
							"uv": {
								"north": {"uv": [1.879, 2.754], "uv_size": [0.867, 0.367]},
								"east": {"uv": [1.254, 2.004], "uv_size": [0.242, 0.367]},
								"south": {"uv": [13.754, 11.004], "uv_size": [0.867, 0.367]},
								"west": {"uv": [3.246, 2.371], "uv_size": [-0.242, -0.367]},
								"up": {"uv": [1.879, 2.504], "uv_size": [0.867, 0.242]},
								"down": {"uv": [1.879, 3.129], "uv_size": [0.867, 0.242]}
							}
						},
						{
							"origin": [-0.675, 16.575, -1.925],
							"size": [1.35, 0.35, 0.85],
							"inflate": 0.15,
							"uv": {
								"north": {"uv": [6.754, 0.879], "uv_size": [0.367, 0.117]},
								"south": {"uv": [13.754, 11.004], "uv_size": [0.367, 0.117]},
								"up": {"uv": [6.879, 0.629], "uv_size": [0.367, 0.242]}
							}
						}
					]
				},
				{
					"name": "bone6",
					"parent": "muzzle",
					"pivot": [3, 16, -1.5]
				},
				{
					"name": "bone7",
					"parent": "muzzle",
					"pivot": [-3, 16, -1.5]
				},
				{
					"name": "hat",
					"parent": "masktop",
					"pivot": [0, 19.75, 1],
					"cubes": [
						{
							"origin": [-1, 20, 0],
							"size": [2, 1.5, 2],
							"uv": {
								"north": {"uv": [3.504, 0.629], "uv_size": [0.492, 0.367]},
								"east": {"uv": [3.996, 0.629], "uv_size": [-0.492, 0.367]},
								"south": {"uv": [3.504, 0.629], "uv_size": [0.492, 0.367]},
								"west": {"uv": [3.996, 0.629], "uv_size": [-0.492, 0.367]},
								"up": {"uv": [3.504, 0.004], "uv_size": [0.492, 0.492]}
							}
						},
						{
							"origin": [-1.25, 19.5, -0.25],
							"size": [2.5, 0.5, 2.5],
							"uv": {
								"north": {"uv": [3.379, 1.129], "uv_size": [0.617, 0.117]},
								"east": {"uv": [3.996, 1.129], "uv_size": [-0.617, 0.117]},
								"south": {"uv": [3.379, 1.129], "uv_size": [0.617, 0.117]},
								"west": {"uv": [3.996, 1.129], "uv_size": [-0.617, 0.117]},
								"up": {"uv": [4.129, 0.379], "uv_size": [0.617, 0.617]}
							}
						}
					]
				},
				{
					"name": "jaw",
					"parent": "headsuit",
					"pivot": [0, 15.5, 1],
					"rotation": [10, 0, 0],
					"cubes": [
						{
							"origin": [-1.995, 14.005, -1.995],
							"size": [3.99, 0.99, 1.99],
							"inflate": 0.01,
							"uv": {
								"north": {"uv": [4.504, 2.629], "uv_size": [0.992, 0.242]},
								"east": {"uv": [4.004, 2.629], "uv_size": [0.492, 0.242]},
								"south": {"uv": [14.004, 13.004], "uv_size": [0.992, 0.242]},
								"west": {"uv": [5.379, 2.629], "uv_size": [0.492, 0.242]},
								"up": {"uv": [4.504, 2.129], "uv_size": [0.992, 0.492]},
								"down": {"uv": [0.254, 5.121], "uv_size": [0.992, -0.492]}
							}
						},
						{
							"origin": [-0.7, 15.3, -0.45],
							"size": [1.4, 0.4, 0.9],
							"inflate": 0.1,
							"uv": {
								"north": {"uv": [5.254, 11.129], "uv_size": [0.367, 0.117]},
								"east": {"uv": [5.129, 11.004], "uv_size": [0.242, 0.117]},
								"south": {"uv": [5.879, 11.004], "uv_size": [0.367, 0.117]},
								"west": {"uv": [5.629, 11.004], "uv_size": [0.242, 0.117]},
								"up": {"uv": [4.504, 10.754], "uv_size": [0.367, 0.242]},
								"down": {"uv": [4.504, 11.246], "uv_size": [0.367, -0.242]}
							}
						},
						{
							"origin": [-0.75, 15.5, -0.5],
							"size": [1.5, 0.5, 1],
							"uv": {
								"north": {"uv": [8.254, 11.629], "uv_size": [0.367, 0.117]},
								"east": {"uv": [8.379, 10.879], "uv_size": [0.242, 0.117]},
								"south": {"uv": [9.129, 10.879], "uv_size": [0.367, 0.117]},
								"west": {"uv": [8.879, 10.879], "uv_size": [0.242, 0.117]},
								"up": {"uv": [8.629, 10.629], "uv_size": [0.367, 0.242]},
								"down": {"uv": [8.879, 10.871], "uv_size": [0.367, -0.242]}
							}
						},
						{
							"origin": [-0.2, 14.05, -1.95],
							"size": [0.4, 0.9, 0.4],
							"inflate": 0.1,
							"uv": {
								"north": {"uv": [2.879, 2.504], "uv_size": [0.117, 0.242]},
								"east": {"uv": [11.754, 9.504], "uv_size": [0.117, 0.242]},
								"south": {"uv": [12.129, 9.504], "uv_size": [0.117, 0.242]},
								"west": {"uv": [12.004, 9.504], "uv_size": [0.117, 0.242]},
								"up": {"uv": [11.879, 9.379], "uv_size": [0.117, 0.117]},
								"down": {"uv": [12.004, 9.496], "uv_size": [0.117, -0.117]}
							}
						},
						{
							"origin": [-1.99, 14.01, 0.01],
							"size": [3.98, 0.98, 2.98],
							"inflate": 0.02,
							"pivot": [0, 14, 0],
							"rotation": [45, 0, 0],
							"uv": {
								"north": {"uv": [12.504, 12.254], "uv_size": [0.992, 0.242]},
								"east": {"uv": [6.254, 2.629], "uv_size": [0.742, 0.242]},
								"south": {"uv": [14.254, 12.254], "uv_size": [0.992, 0.242]},
								"west": {"uv": [8.004, 2.629], "uv_size": [0.742, 0.242]},
								"up": {"uv": [4.504, 1.379], "uv_size": [0.992, 0.742]},
								"down": {"uv": [0.254, 4.496], "uv_size": [0.992, -0.742]}
							}
						},
						{
							"origin": [-1.4, 14.45, -1.4],
							"size": [2.8, 0.8, 1.3],
							"inflate": 0.2,
							"uv": {
								"north": {"uv": [6.004, 2.004], "uv_size": [0.742, 0.242]},
								"east": {"uv": [5.879, 1.879], "uv_size": [0.367, 0.242]},
								"west": {"uv": [6.879, 1.879], "uv_size": [0.367, 0.242]}
							}
						},
						{
							"origin": [-1.45, 14.8, -1.45],
							"size": [2.9, 0.9, 1.4],
							"inflate": 0.1,
							"uv": {
								"north": {"uv": [8.379, 14.754], "uv_size": [0.742, 0.242]},
								"east": {"uv": [8.254, 14.629], "uv_size": [0.367, 0.242]},
								"west": {"uv": [9.254, 14.629], "uv_size": [0.367, 0.242]}
							}
						},
						{
							"origin": [-1.5, 14.3, -1.5],
							"size": [3, 1, 1.5],
							"uv": {
								"north": {"uv": [6.004, 2.379], "uv_size": [0.742, 0.242]},
								"east": {"uv": [5.879, 2.254], "uv_size": [0.367, 0.242]},
								"west": {"uv": [6.879, 2.254], "uv_size": [0.367, 0.242]}
							}
						}
					]
				},
				{
					"name": "headendo",
					"parent": "head",
					"pivot": [0, 15.5, 1.5],
					"cubes": [
						{
							"origin": [-1.5, 16.5, 0.45],
							"size": [3, 2.5, 1],
							"uv": {
								"north": {"uv": [14.754, 1.254], "uv_size": [0.742, 0.617]},
								"east": {"uv": [13.371, 2.004], "uv_size": [-0.242, 0.617]},
								"south": {"uv": [12.379, 2.004], "uv_size": [0.742, 0.617]},
								"west": {"uv": [12.371, 2.004], "uv_size": [-0.242, 0.617]},
								"up": {"uv": [12.379, 1.879], "uv_size": [0.742, 0.242]},
								"down": {"uv": [12.379, 2.871], "uv_size": [0.742, -0.242]}
							}
						},
						{
							"origin": [-1, 15, 0.45],
							"size": [2, 2, 1],
							"uv": {
								"north": {"uv": [13.629, 2.629], "uv_size": [0.492, 0.492]},
								"east": {"uv": [15.379, 2.629], "uv_size": [0.242, 0.492]},
								"south": {"uv": [14.879, 2.629], "uv_size": [0.492, 0.492]},
								"west": {"uv": [14.629, 2.629], "uv_size": [0.242, 0.492]},
								"up": {"uv": [14.879, 2.379], "uv_size": [0.492, 0.242]},
								"down": {"uv": [14.879, 3.246], "uv_size": [0.492, -0.242]}
							}
						},
						{
							"origin": [-0.75, 14.75, 0.75],
							"size": [1.5, 1.5, 1],
							"uv": {
								"north": {"uv": [11.75, 3.5], "uv_size": [-0.375, 0.375]},
								"east": {"uv": [12, 3.5], "uv_size": [-0.25, 0.375]},
								"south": {"uv": [12.375, 3.5], "uv_size": [-0.375, 0.375]},
								"west": {"uv": [11.375, 3.5], "uv_size": [-0.25, 0.375]},
								"up": {"uv": [11.75, 3.25], "uv_size": [-0.375, 0.25]},
								"down": {"uv": [12.125, 3.5], "uv_size": [-0.375, -0.25]}
							}
						},
						{
							"origin": [-2, 15, 1],
							"size": [4, 2.5, 0],
							"uv": {
								"north": {"uv": [13.379, 2.504], "uv_size": [0.992, 0.617]}
							}
						},
						{
							"origin": [-0.7, 16.3, -0.45],
							"size": [1.4, 0.4, 0.9],
							"inflate": 0.1,
							"uv": {
								"north": {"uv": [5.254, 11.129], "uv_size": [0.367, 0.117]},
								"east": {"uv": [5.129, 11.004], "uv_size": [0.242, 0.117]},
								"south": {"uv": [5.879, 11.004], "uv_size": [0.367, 0.117]},
								"west": {"uv": [5.629, 11.004], "uv_size": [0.242, 0.117]},
								"up": {"uv": [4.504, 10.754], "uv_size": [0.367, 0.242]},
								"down": {"uv": [4.504, 11.246], "uv_size": [0.367, -0.242]}
							}
						},
						{
							"origin": [-0.75, 16, -0.5],
							"size": [1.5, 0.5, 1],
							"uv": {
								"north": {"uv": [7.004, 11.379], "uv_size": [0.367, 0.117]},
								"east": {"uv": [6.754, 11.379], "uv_size": [0.242, 0.117]},
								"south": {"uv": [7.504, 11.379], "uv_size": [0.367, 0.117]},
								"west": {"uv": [7.254, 11.379], "uv_size": [0.242, 0.117]},
								"up": {"uv": [7.004, 11.129], "uv_size": [0.367, 0.242]},
								"down": {"uv": [7.254, 11.371], "uv_size": [0.367, -0.242]}
							}
						}
					]
				},
				{
					"name": "earR2",
					"parent": "headendo",
					"pivot": [1.275, 18.75, 0.75],
					"rotation": [0, 0, 75],
					"cubes": [
						{
							"origin": [0.53935, 19.36316, 0.55],
							"size": [1.4, 1.4, 0.4],
							"inflate": 0.1,
							"uv": {
								"north": {"uv": [5.504, 0.879], "uv_size": [0.367, 0.367]},
								"east": {"uv": [5.379, 0.879], "uv_size": [0.117, 0.367]},
								"south": {"uv": [6.004, 0.879], "uv_size": [0.367, 0.367]},
								"west": {"uv": [5.879, 0.879], "uv_size": [0.117, 0.367]},
								"up": {"uv": [5.504, 0.754], "uv_size": [0.367, 0.117]},
								"down": {"uv": [5.504, 0.246], "uv_size": [0.367, -0.117]}
							}
						},
						{
							"origin": [1.04121, 18.77131, 0.5],
							"size": [0.5, 0.5, 0.5],
							"uv": {
								"north": {"uv": [4.379, 0.879], "uv_size": [0.117, 0.117]},
								"east": {"uv": [4.254, 0.879], "uv_size": [0.117, 0.117]},
								"south": {"uv": [4.629, 0.879], "uv_size": [0.117, 0.117]},
								"west": {"uv": [4.504, 0.879], "uv_size": [0.117, 0.117]},
								"up": {"uv": [4.379, 0.754], "uv_size": [0.117, 0.117]},
								"down": {"uv": [4.504, 0.871], "uv_size": [0.117, -0.117]}
							}
						}
					]
				},
				{
					"name": "earL",
					"parent": "headendo",
					"pivot": [-1.275, 18.75, 0.75],
					"rotation": [0, 0, -75],
					"cubes": [
						{
							"origin": [-1.93935, 19.36316, 0.55],
							"size": [1.4, 1.4, 0.4],
							"inflate": 0.1,
							"uv": {
								"north": {"uv": [5.504, 0.254], "uv_size": [0.367, 0.367]},
								"east": {"uv": [5.379, 0.254], "uv_size": [0.117, 0.367]},
								"south": {"uv": [6.004, 0.254], "uv_size": [0.367, 0.367]},
								"west": {"uv": [5.879, 0.254], "uv_size": [0.117, 0.367]},
								"up": {"uv": [5.504, 0.129], "uv_size": [0.367, 0.117]},
								"down": {"uv": [5.871, 0.246], "uv_size": [-0.367, -0.117]}
							}
						},
						{
							"origin": [-1.54121, 18.77131, 0.5],
							"size": [0.5, 0.5, 0.5],
							"uv": {
								"north": {"uv": [4.129, 0.754], "uv_size": [0.117, 0.117]},
								"east": {"uv": [4.004, 0.754], "uv_size": [0.117, 0.117]},
								"south": {"uv": [4.379, 0.754], "uv_size": [0.117, 0.117]},
								"west": {"uv": [4.254, 0.754], "uv_size": [0.117, 0.117]},
								"up": {"uv": [4.129, 0.629], "uv_size": [0.117, 0.117]},
								"down": {"uv": [4.254, 0.746], "uv_size": [0.117, -0.117]}
							}
						}
					]
				},
				{
					"name": "eyes",
					"parent": "headendo",
					"pivot": [-1, 14, 0.5]
				},
				{
					"name": "eyeL",
					"parent": "eyes",
					"pivot": [-1, 14, 0.5],
					"cubes": [
						{
							"origin": [-1.5, 17, -0.5],
							"size": [1, 1, 1],
							"uv": {
								"north": {"uv": [13.504, 1.254], "uv_size": [0.242, 0.242]},
								"east": {"uv": [13.254, 1.254], "uv_size": [0.242, 0.242]},
								"south": {"uv": [5.879, 9.629], "uv_size": [0.242, 0.242]},
								"west": {"uv": [13.496, 1.254], "uv_size": [-0.242, 0.242]},
								"up": {"uv": [5.379, 9.379], "uv_size": [0.242, 0.242]},
								"down": {"uv": [13.504, 1.371], "uv_size": [0.242, -0.242]}
							}
						}
					]
				},
				{
					"name": "pupil",
					"parent": "eyeL",
					"pivot": [-1, 17.5, -0.325],
					"cubes": [
						{
							"origin": [-1.25, 17.25, -0.575],
							"size": [0.5, 0.5, 0.5],
							"uv": {
								"north": {"uv": [13.504, 1.879], "uv_size": [0.117, 0.117]}
							}
						},
						{
							"origin": [-1.35, 17.15, -0.75],
							"size": [0.7, 0.7, 0.7],
							"inflate": -0.2,
							"uv": {
								"north": {"uv": [13.504, 2.004], "uv_size": [0.117, 0.117]}
							}
						}
					]
				},
				{
					"name": "eyelid",
					"parent": "eyeL",
					"pivot": [-1, 17.775, 0.5],
					"cubes": [
						{
							"origin": [-1.4, 17.9, -0.4],
							"size": [0.8, 0.3, 0.8],
							"inflate": 0.2,
							"uv": {
								"north": {"uv": [13.504, 1.129], "uv_size": [0.242, 0.117]},
								"east": {"uv": [13.254, 1.129], "uv_size": [0.242, 0.117]},
								"south": {"uv": [10.129, 1.629], "uv_size": [0.242, 0.117]},
								"west": {"uv": [13.504, 1.129], "uv_size": [0.242, 0.117]},
								"up": {"uv": [13.504, 1.004], "uv_size": [0.242, 0.242]},
								"down": {"uv": [9.754, 1.621], "uv_size": [0.242, -0.242]}
							}
						}
					]
				},
				{
					"name": "eyeR",
					"parent": "eyes",
					"pivot": [1, 14, 0.5],
					"cubes": [
						{
							"origin": [0.5, 17, -0.5],
							"size": [1, 1, 1],
							"uv": {
								"north": {"uv": [14.004, 1.254], "uv_size": [0.242, 0.242]},
								"east": {"uv": [14.496, 1.254], "uv_size": [-0.242, 0.242]},
								"south": {"uv": [7.754, 8.004], "uv_size": [0.242, 0.242]},
								"west": {"uv": [14.254, 1.254], "uv_size": [0.242, 0.242]},
								"up": {"uv": [7.254, 7.754], "uv_size": [0.242, 0.242]},
								"down": {"uv": [14.004, 1.371], "uv_size": [0.242, -0.242]}
							}
						}
					]
				},
				{
					"name": "pupil2",
					"parent": "eyeR",
					"pivot": [1, 17.5, -0.325],
					"cubes": [
						{
							"origin": [0.75, 17.25, -0.575],
							"size": [0.5, 0.5, 0.5],
							"uv": {
								"north": {"uv": [14.129, 1.879], "uv_size": [0.117, 0.117]}
							}
						},
						{
							"origin": [0.65, 17.15, -0.75],
							"size": [0.7, 0.7, 0.7],
							"inflate": -0.2,
							"uv": {
								"north": {"uv": [14.129, 2.004], "uv_size": [0.117, 0.117]}
							}
						}
					]
				},
				{
					"name": "eyelid2",
					"parent": "eyeR",
					"pivot": [1, 17.75, 0.5],
					"cubes": [
						{
							"origin": [0.6, 17.9, -0.4],
							"size": [0.8, 0.3, 0.8],
							"inflate": 0.2,
							"uv": {
								"north": {"uv": [14.004, 1.129], "uv_size": [0.242, 0.117]},
								"east": {"uv": [14.004, 1.129], "uv_size": [0.242, 0.117]},
								"south": {"uv": [2.254, 6.754], "uv_size": [0.242, 0.117]},
								"west": {"uv": [14.254, 1.129], "uv_size": [0.242, 0.117]},
								"up": {"uv": [14.004, 1.004], "uv_size": [0.242, 0.242]},
								"down": {"uv": [2.004, 6.746], "uv_size": [0.242, -0.242]}
							}
						}
					]
				},
				{
					"name": "neck",
					"parent": "feddyHed",
					"pivot": [0, 10, 1]
				},
				{
					"name": "feddybod",
					"parent": "upperpart",
					"pivot": [0, 7.5, 1]
				},
				{
					"name": "bodysuit",
					"parent": "feddybod",
					"pivot": [0, 7.5, 1],
					"cubes": [
						{
							"origin": [-2, 12, -1],
							"size": [4, 2, 3.5],
							"uv": {
								"north": {"uv": [1.754, 5.504], "uv_size": [0.992, 0.492]},
								"east": {"uv": [0.879, 5.504], "uv_size": [0.867, 0.492]},
								"south": {"uv": [3.629, 5.504], "uv_size": [0.992, 0.492]},
								"west": {"uv": [2.754, 5.504], "uv_size": [0.867, 0.492]},
								"up": {"uv": [1.754, 4.629], "uv_size": [0.992, 0.867]},
								"down": {"uv": [2.754, 5.496], "uv_size": [0.992, -0.867]}
							}
						},
						{
							"origin": [-2.5, 8.5, 2],
							"size": [5, 5, 0],
							"pivot": [0, 13.5, 2],
							"rotation": [-7.5, 0, 0],
							"uv": {
								"north": {"uv": [2.375, 14.75], "uv_size": [1.25, 1.25]},
								"east": {"uv": [2.375, 14.75], "uv_size": [0, 1.25]},
								"south": {"uv": [3.625, 14.75], "uv_size": [1.25, 1.25]},
								"west": {"uv": [3.625, 14.75], "uv_size": [0, 1.25]},
								"up": {"uv": [2.375, 14.75], "uv_size": [1.25, 0]},
								"down": {"uv": [3.625, 14.75], "uv_size": [1.25, 0]}
							}
						},
						{
							"origin": [-2.495, 8.505, -1.495],
							"size": [4.99, 3.49, 4.49],
							"inflate": 0.01,
							"uv": {
								"north": {"uv": [1.629, 7.254], "uv_size": [1.242, 0.867]},
								"east": {"uv": [0.504, 7.254], "uv_size": [1.117, 0.867]},
								"south": {"uv": [4.004, 7.254], "uv_size": [1.242, 0.867]},
								"west": {"uv": [2.879, 7.254], "uv_size": [1.117, 0.867]},
								"up": {"uv": [1.629, 6.129], "uv_size": [1.242, 1.117]},
								"down": {"uv": [2.879, 7.246], "uv_size": [1.242, -1.117]}
							}
						},
						{
							"origin": [1.755, 13.255, 0.005],
							"size": [1.49, 0.99, 1.99],
							"inflate": 0.01,
							"pivot": [2.5, 13.5, 1],
							"rotation": [0, 0, -10],
							"uv": {
								"north": {"uv": [9.121, 9.379], "uv_size": [-0.367, 0.242]},
								"east": {"uv": [9.121, 9.379], "uv_size": [-0.367, 0.242]},
								"south": {"uv": [8.621, 9.379], "uv_size": [-0.367, 0.242]},
								"west": {"uv": [8.746, 9.379], "uv_size": [-0.492, 0.242]},
								"up": {"uv": [9.121, 8.879], "uv_size": [-0.367, 0.492]},
								"down": {"uv": [8.754, 9.371], "uv_size": [0.367, -0.492]}
							}
						},
						{
							"origin": [-3.245, 13.255, 0.005],
							"size": [1.49, 0.99, 1.99],
							"inflate": 0.01,
							"pivot": [-2.5, 13.5, 1],
							"rotation": [0, 0, 10],
							"uv": {
								"north": {"uv": [8.754, 9.379], "uv_size": [0.367, 0.242]},
								"east": {"uv": [8.254, 9.379], "uv_size": [0.492, 0.242]},
								"south": {"uv": [8.254, 9.379], "uv_size": [0.367, 0.242]},
								"west": {"uv": [8.754, 9.379], "uv_size": [0.367, 0.242]},
								"up": {"uv": [8.754, 8.879], "uv_size": [0.367, 0.492]},
								"down": {"uv": [9.121, 9.371], "uv_size": [-0.367, -0.492]}
							}
						}
					]
				},
				{
					"name": "Hatch",
					"parent": "bodysuit",
					"pivot": [-2, 10.375, -1.5],
					"cubes": [
						{
							"origin": [-2, 8.5, -1.5],
							"size": [4, 3.5, 0.5],
							"uv": {
								"north": {"uv": [0.125, 15.125], "uv_size": [1, 0.875]},
								"east": {"uv": [0, 15.125], "uv_size": [0.125, 0.875]},
								"south": {"uv": [1.25, 15.125], "uv_size": [1, 0.875]},
								"west": {"uv": [1.125, 15.125], "uv_size": [0.125, 0.875]},
								"up": {"uv": [0.125, 15], "uv_size": [1, 0.125]},
								"down": {"uv": [1.125, 15.125], "uv_size": [1, -0.125]}
							}
						},
						{
							"origin": [-1.5, 12, -1],
							"size": [3, 1, 0],
							"uv": {
								"north": {"uv": [0.25, 14.75], "uv_size": [0.75, 0.25]},
								"east": {"uv": [0.25, 14.75], "uv_size": [0, 0.25]},
								"south": {"uv": [1, 14.75], "uv_size": [0.75, 0.25]},
								"west": {"uv": [1, 14.75], "uv_size": [0, 0.25]},
								"up": {"uv": [0.25, 14.75], "uv_size": [0.75, 0]},
								"down": {"uv": [1, 14.75], "uv_size": [0.75, 0]}
							}
						}
					]
				},
				{
					"name": "belly2",
					"parent": "bodysuit",
					"pivot": [-1.95, 11, -1.5]
				},
				{
					"name": "Bowtie",
					"parent": "belly2",
					"pivot": [0, 13.12767, -1.26912],
					"rotation": [-7.5, 0, 0],
					"cubes": [
						{
							"origin": [0.5, 13.02767, -1.16116],
							"size": [1, 1, 0],
							"pivot": [0.5, 13.02767, -1.16616],
							"rotation": [0, 22.5, 0],
							"uv": {
								"north": {"uv": [2.375, 3.75], "uv_size": [0.25, 0.25]},
								"east": {"uv": [1.125, 5.25], "uv_size": [0, 0.5]},
								"west": {"uv": [0.375, 5.25], "uv_size": [0, 0.5]},
								"up": {"uv": [1.125, 5.25], "uv_size": [-0.75, 0]},
								"down": {"uv": [1.125, 5.125], "uv_size": [-0.75, 0]}
							}
						},
						{
							"origin": [0.25, 12.27767, -1.16616],
							"size": [1, 1, 0],
							"pivot": [0.5, 12.02767, -1.16616],
							"rotation": [0, 22.5, 0],
							"uv": {
								"north": {"uv": [2.375, 4], "uv_size": [0.25, 0.25]},
								"east": {"uv": [1.125, 5.25], "uv_size": [0, 0.5]},
								"west": {"uv": [0.375, 5.25], "uv_size": [0, 0.5]},
								"up": {"uv": [1.125, 5.25], "uv_size": [-0.75, 0]},
								"down": {"uv": [1.125, 5.125], "uv_size": [-0.75, 0]}
							}
						},
						{
							"origin": [-1.25, 12.27767, -1.16616],
							"size": [1, 1, 0],
							"pivot": [-0.5, 11.52767, -1.16616],
							"rotation": [0, -22.5, 0],
							"uv": {
								"north": {"uv": [1.875, 4], "uv_size": [0.25, 0.25]},
								"east": {"uv": [0.375, 5.25], "uv_size": [0, 0.5]},
								"west": {"uv": [1.125, 5.25], "uv_size": [0, 0.5]},
								"up": {"uv": [0.375, 5.25], "uv_size": [0.75, 0]},
								"down": {"uv": [0.375, 5.125], "uv_size": [0.75, 0]}
							}
						},
						{
							"origin": [-1.5, 13.02767, -1.16116],
							"size": [1, 1, 0],
							"pivot": [-0.5, 13.02767, -1.16616],
							"rotation": [0, -22.5, 0],
							"uv": {
								"north": {"uv": [1.875, 3.75], "uv_size": [0.25, 0.25]},
								"east": {"uv": [0.375, 5.25], "uv_size": [0, 0.5]},
								"west": {"uv": [1.125, 5.25], "uv_size": [0, 0.5]},
								"up": {"uv": [0.375, 5.25], "uv_size": [0.75, 0]},
								"down": {"uv": [0.375, 5.125], "uv_size": [0.75, 0]}
							}
						},
						{
							"origin": [-0.5, 12.52767, -1.36616],
							"size": [1, 1, 0.49999],
							"uv": {
								"north": {"uv": [2.125, 3.875], "uv_size": [0.25, 0.25]},
								"east": {"uv": [2.125, 3.875], "uv_size": [0.125, 0.25]},
								"south": {"uv": [2.125, 3.875], "uv_size": [0.25, 0.25]},
								"west": {"uv": [2.375, 3.875], "uv_size": [-0.125, 0.25]},
								"up": {"uv": [2.125, 3.875], "uv_size": [0.25, 0.125]},
								"down": {"uv": [2.125, 4.125], "uv_size": [0.25, -0.125]}
							}
						}
					]
				},
				{
					"name": "endobody",
					"parent": "feddybod",
					"pivot": [-0.14286, 11.26786, 0.65715],
					"cubes": [
						{
							"origin": [2.5, 12.5, 0.5],
							"size": [1, 1, 1],
							"uv": {
								"north": {"uv": [14.504, 3.504], "uv_size": [0.242, 0.242]},
								"east": {"uv": [14.504, 3.504], "uv_size": [0.242, 0.242]},
								"south": {"uv": [14.504, 3.504], "uv_size": [0.242, 0.242]},
								"west": {"uv": [14.504, 3.504], "uv_size": [0.242, 0.242]},
								"up": {"uv": [14.746, 3.746], "uv_size": [-0.242, -0.242]},
								"down": {"uv": [14.746, 3.746], "uv_size": [-0.242, -0.242]}
							}
						},
						{
							"origin": [-3.5, 12.5, 0.5],
							"size": [1, 1, 1],
							"uv": {
								"north": {"uv": [13.004, 3.504], "uv_size": [0.242, 0.242]},
								"east": {"uv": [13.004, 3.504], "uv_size": [0.242, 0.242]},
								"south": {"uv": [13.004, 3.504], "uv_size": [0.242, 0.242]},
								"west": {"uv": [13.004, 3.504], "uv_size": [0.242, 0.242]},
								"up": {"uv": [13.246, 3.746], "uv_size": [-0.242, -0.242]},
								"down": {"uv": [13.246, 3.746], "uv_size": [-0.242, -0.242]}
							}
						},
						{
							"origin": [-0.25, 11.5, -0.5],
							"size": [0.5, 0.5, 1],
							"uv": {
								"north": {"uv": [11.625, 4.25], "uv_size": [-0.125, 0.125]},
								"east": {"uv": [11.875, 4.25], "uv_size": [-0.25, 0.125]},
								"south": {"uv": [12, 4.25], "uv_size": [-0.125, 0.125]},
								"west": {"uv": [11.5, 4.25], "uv_size": [-0.25, 0.125]},
								"up": {"uv": [11.625, 4], "uv_size": [-0.125, 0.25]},
								"down": {"uv": [11.75, 4.25], "uv_size": [-0.125, -0.25]}
							}
						},
						{
							"origin": [-0.5, 8, 0.5],
							"size": [1, 4.5, 1],
							"uv": {
								"north": {"uv": [13.754, 3.754], "uv_size": [0.242, 1.117]},
								"east": {"uv": [13.996, 3.754], "uv_size": [-0.242, 1.117]},
								"south": {"uv": [13.754, 3.754], "uv_size": [0.242, 1.117]},
								"west": {"uv": [13.996, 3.754], "uv_size": [-0.242, 1.117]},
								"up": {"uv": [13.754, 4.629], "uv_size": [0.242, 0.242]},
								"down": {"uv": [13.754, 4.871], "uv_size": [0.242, -0.242]}
							}
						},
						{
							"origin": [-1.55, 8.95, -0.05],
							"size": [1.1, 1.6, 1.1],
							"inflate": -0.1,
							"uv": {
								"north": {"uv": [10.125, 5.625], "uv_size": [-0.25, 0.375]},
								"east": {"uv": [10.375, 5.625], "uv_size": [-0.25, 0.375]},
								"south": {"uv": [10.625, 5.625], "uv_size": [-0.25, 0.375]},
								"west": {"uv": [9.875, 5.625], "uv_size": [-0.25, 0.375]},
								"up": {"uv": [10.125, 5.375], "uv_size": [-0.25, 0.25]},
								"down": {"uv": [10.375, 5.625], "uv_size": [-0.25, -0.25]}
							}
						},
						{
							"origin": [-2.55, 8.95, -0.05],
							"size": [1.1, 1.6, 1.1],
							"inflate": -0.1,
							"uv": {
								"north": {"uv": [10.125, 5.625], "uv_size": [-0.25, 0.375]},
								"east": {"uv": [10.375, 5.625], "uv_size": [-0.25, 0.375]},
								"south": {"uv": [10.625, 5.625], "uv_size": [-0.25, 0.375]},
								"west": {"uv": [9.875, 5.625], "uv_size": [-0.25, 0.375]},
								"up": {"uv": [10.125, 5.375], "uv_size": [-0.25, 0.25]},
								"down": {"uv": [10.375, 5.625], "uv_size": [-0.25, -0.25]}
							}
						},
						{
							"origin": [-2.5, 9, 0],
							"size": [2, 1, 1],
							"uv": {
								"north": {"uv": [10.125, 6.25], "uv_size": [-0.5, 0.25]},
								"east": {"uv": [10.375, 6.25], "uv_size": [-0.25, 0.25]},
								"south": {"uv": [10.875, 6.25], "uv_size": [-0.5, 0.25]},
								"west": {"uv": [9.625, 6.25], "uv_size": [-0.25, 0.25]},
								"up": {"uv": [10.125, 6], "uv_size": [-0.5, 0.25]},
								"down": {"uv": [10.625, 6.25], "uv_size": [-0.5, -0.25]}
							}
						},
						{
							"origin": [-0.25, 10.5, 0.45],
							"size": [0.5, 0.5, 0],
							"uv": {
								"north": {"uv": [12.375, 4.375], "uv_size": [-0.125, 0.125]},
								"east": {"uv": [12.375, 4.375], "uv_size": [0, 0.125]},
								"south": {"uv": [12.5, 4.375], "uv_size": [-0.125, 0.125]},
								"west": {"uv": [12.25, 4.375], "uv_size": [0, 0.125]},
								"up": {"uv": [12.375, 4.375], "uv_size": [-0.125, 0]},
								"down": {"uv": [12.5, 4.375], "uv_size": [-0.125, 0]}
							}
						},
						{
							"origin": [-2.5, 8, 1],
							"size": [5, 4.5, 0],
							"uv": {
								"north": {"uv": [13.254, 3.754], "uv_size": [1.242, 1.117]}
							}
						},
						{
							"origin": [0.65, 8.9, -0.1],
							"size": [1.7, 1.7, 1.7],
							"inflate": -0.2,
							"uv": {
								"north": {"uv": [11, 5.625], "uv_size": [0.375, 0.375]},
								"east": {"uv": [10.625, 5.625], "uv_size": [0.375, 0.375]},
								"south": {"uv": [11.75, 5.625], "uv_size": [0.375, 0.375]},
								"west": {"uv": [11.375, 5.625], "uv_size": [0.375, 0.375]},
								"up": {"uv": [11, 5.25], "uv_size": [0.375, 0.375]},
								"down": {"uv": [11.375, 5.625], "uv_size": [0.375, -0.375]}
							}
						},
						{
							"origin": [0.5, 9.5, 0.5],
							"size": [1, 0.5, 0.5],
							"uv": {
								"north": {"uv": [10.25, 5], "uv_size": [-0.25, 0.125]},
								"east": {"uv": [10.375, 5], "uv_size": [-0.125, 0.125]},
								"south": {"uv": [10.625, 5], "uv_size": [-0.25, 0.125]},
								"west": {"uv": [10, 5], "uv_size": [-0.125, 0.125]},
								"up": {"uv": [10.25, 4.875], "uv_size": [-0.25, 0.125]},
								"down": {"uv": [10.5, 5], "uv_size": [-0.25, -0.125]}
							}
						},
						{
							"origin": [-1.75, 13.5, 1],
							"size": [3.5, 1.5, 0],
							"uv": {
								"north": {"uv": [13.379, 3.129], "uv_size": [0.867, 0.367]}
							}
						},
						{
							"origin": [-2.5, 12.5, 0.5],
							"size": [5, 1, 1],
							"uv": {
								"north": {"uv": [13.254, 3.504], "uv_size": [1.242, 0.242]},
								"east": {"uv": [13.004, 3.754], "uv_size": [0.242, 0.242]},
								"south": {"uv": [13.254, 3.504], "uv_size": [1.242, 0.242]},
								"west": {"uv": [14.504, 3.754], "uv_size": [0.242, 0.242]},
								"up": {"uv": [13.254, 3.746], "uv_size": [1.242, -0.242]},
								"down": {"uv": [13.254, 3.746], "uv_size": [1.242, -0.242]}
							}
						},
						{
							"origin": [-0.25, 13, -1],
							"size": [0.5, 0, 1.5],
							"uv": {
								"north": {"uv": [11.75, 4.875], "uv_size": [0.125, 0]},
								"east": {"uv": [11.375, 4.875], "uv_size": [0.375, 0]},
								"south": {"uv": [12.25, 4.875], "uv_size": [0.125, 0]},
								"west": {"uv": [11.875, 4.875], "uv_size": [0.375, 0]},
								"up": {"uv": [11.75, 4.5], "uv_size": [0.125, 0.375]},
								"down": {"uv": [11.875, 4.875], "uv_size": [0.125, -0.375]}
							}
						}
					]
				},
				{
					"name": "bone",
					"parent": "endobody",
					"pivot": [0, 11.75, -0.35],
					"cubes": [
						{
							"origin": [-0.25, 8.75, -0.35],
							"size": [0.5, 1.5, 0],
							"uv": {
								"north": {"uv": [11.625, 4.5], "uv_size": [-0.125, 0.375]},
								"east": {"uv": [11.625, 4.5], "uv_size": [0, 0.375]},
								"south": {"uv": [11.75, 4.5], "uv_size": [-0.125, 0.375]},
								"west": {"uv": [11.5, 4.5], "uv_size": [0, 0.375]},
								"up": {"uv": [11.625, 4.5], "uv_size": [-0.125, 0]},
								"down": {"uv": [11.75, 4.5], "uv_size": [-0.125, 0]}
							}
						},
						{
							"origin": [-0.5, 10.25, -0.35],
							"size": [1, 1.5, 0],
							"uv": {
								"north": {"uv": [11.75, 4.875], "uv_size": [-0.25, 0.375]},
								"east": {"uv": [11.75, 4.875], "uv_size": [0, 0.375]},
								"south": {"uv": [12, 4.875], "uv_size": [-0.25, 0.375]},
								"west": {"uv": [11.5, 4.875], "uv_size": [0, 0.375]},
								"up": {"uv": [11.75, 4.875], "uv_size": [-0.25, 0]},
								"down": {"uv": [12, 4.875], "uv_size": [-0.25, 0]}
							}
						}
					]
				},
				{
					"name": "armL",
					"parent": "feddybod",
					"pivot": [-3, 13, 1],
					"rotation": [-0.80312, -5.90925, 67.23648]
				},
				{
					"name": "upper",
					"parent": "armL",
					"pivot": [-3, 12.5, 1],
					"cubes": [
						{
							"origin": [-3.5, 10, 0.5],
							"size": [1, 2.5, 1],
							"uv": {
								"north": {"uv": [13.004, 3.754], "uv_size": [0.242, 0.617]},
								"east": {"uv": [13.246, 3.754], "uv_size": [-0.242, 0.617]},
								"south": {"uv": [13.246, 3.754], "uv_size": [-0.242, 0.617]},
								"west": {"uv": [13.004, 3.754], "uv_size": [0.242, 0.617]},
								"up": {"uv": [13.246, 3.996], "uv_size": [-0.242, -0.242]},
								"down": {"uv": [13.246, 4.496], "uv_size": [-0.242, -0.242]}
							}
						},
						{
							"origin": [-3.425, 10.075, 0.575],
							"size": [0.85, 2.35, 0.85],
							"inflate": 0.15,
							"uv": {
								"north": {"uv": [12.754, 3.754], "uv_size": [0.242, 0.617]},
								"east": {"uv": [12.754, 3.754], "uv_size": [0.242, 0.617]},
								"south": {"uv": [12.754, 3.754], "uv_size": [0.242, 0.617]},
								"west": {"uv": [12.754, 3.754], "uv_size": [0.242, 0.617]}
							}
						},
						{
							"origin": [-4, 10.5, 0],
							"size": [2, 2.5, 2],
							"uv": {
								"north": {"uv": [6.004, 7.254], "uv_size": [0.492, 0.617]},
								"east": {"uv": [6.004, 7.254], "uv_size": [0.492, 0.617]},
								"south": {"uv": [6.004, 7.254], "uv_size": [0.492, 0.617]},
								"west": {"uv": [6.004, 7.254], "uv_size": [0.492, 0.617]},
								"up": {"uv": [5.504, 7.254], "uv_size": [0.492, 0.492]},
								"down": {"uv": [5.504, 7.746], "uv_size": [0.492, -0.492]}
							}
						}
					]
				},
				{
					"name": "lower",
					"parent": "armL",
					"pivot": [-3, 10.25, 1],
					"rotation": [-74.59042, -31.11227, -53.54366],
					"cubes": [
						{
							"origin": [-3.5, 7.5, 0.5],
							"size": [1, 2.5, 1],
							"uv": {
								"north": {"uv": [13.004, 4.379], "uv_size": [0.242, 0.617]},
								"east": {"uv": [13.246, 4.379], "uv_size": [-0.242, 0.617]},
								"south": {"uv": [13.246, 4.379], "uv_size": [-0.242, 0.617]},
								"west": {"uv": [13.004, 4.379], "uv_size": [0.242, 0.617]},
								"up": {"uv": [13.246, 4.496], "uv_size": [-0.242, -0.242]},
								"down": {"uv": [13.246, 4.996], "uv_size": [-0.242, -0.242]}
							}
						},
						{
							"origin": [-3.425, 7.575, 0.575],
							"size": [0.85, 2.35, 0.85],
							"inflate": 0.15,
							"uv": {
								"north": {"uv": [12.754, 4.379], "uv_size": [0.242, 0.617]},
								"east": {"uv": [12.996, 4.379], "uv_size": [-0.242, 0.617]},
								"south": {"uv": [12.754, 4.379], "uv_size": [0.242, 0.617]},
								"west": {"uv": [12.996, 4.379], "uv_size": [-0.242, 0.617]}
							}
						},
						{
							"origin": [-4, 8, 0],
							"size": [2, 2, 2],
							"uv": {
								"north": {"uv": [6.496, 7.879], "uv_size": [-0.492, 0.492]},
								"east": {"uv": [6.004, 7.879], "uv_size": [0.492, 0.492]},
								"south": {"uv": [6.496, 7.879], "uv_size": [-0.492, 0.492]},
								"west": {"uv": [6.004, 7.879], "uv_size": [0.492, 0.492]},
								"up": {"uv": [5.504, 7.254], "uv_size": [0.492, 0.492]},
								"down": {"uv": [5.504, 7.746], "uv_size": [0.492, -0.492]}
							}
						}
					]
				},
				{
					"name": "hand",
					"parent": "lower",
					"pivot": [-3, 7, 1],
					"rotation": [-14.74628, -8.56874, -10.66456],
					"cubes": [
						{
							"origin": [-3.5, 6, 0],
							"size": [1, 1.5, 2],
							"uv": {
								"north": {"uv": [6.004, 6.629], "uv_size": [0.242, 0.367]},
								"east": {"uv": [5.504, 6.629], "uv_size": [0.492, 0.367]},
								"south": {"uv": [6.754, 6.629], "uv_size": [0.242, 0.367]},
								"west": {"uv": [6.254, 6.629], "uv_size": [0.492, 0.367]},
								"up": {"uv": [6.004, 6.129], "uv_size": [0.242, 0.492]},
								"down": {"uv": [6.254, 6.621], "uv_size": [0.242, -0.492]}
							}
						}
					]
				},
				{
					"name": "fingers",
					"parent": "hand",
					"pivot": [-3.5, 6, 1],
					"rotation": [0, 0, -20],
					"cubes": [
						{
							"origin": [-3.5, 5, 0],
							"size": [1, 1, 2],
							"uv": {
								"north": {"uv": [10.254, 9.004], "uv_size": [0.242, 0.242]},
								"east": {"uv": [9.754, 9.004], "uv_size": [0.492, 0.242]},
								"south": {"uv": [11.004, 9.004], "uv_size": [0.242, 0.242]},
								"west": {"uv": [10.504, 9.004], "uv_size": [0.492, 0.242]},
								"up": {"uv": [10.254, 8.504], "uv_size": [0.242, 0.492]},
								"down": {"uv": [10.504, 8.996], "uv_size": [0.242, -0.492]}
							}
						}
					]
				},
				{
					"name": "bone2",
					"parent": "hand",
					"pivot": [-3.5, 7.5, 0]
				},
				{
					"name": "thumb",
					"parent": "bone2",
					"pivot": [-3.5, 7, 0],
					"rotation": [0, -47.5, 0],
					"cubes": [
						{
							"origin": [-3.45, 6.55, -0.95],
							"size": [0.9, 0.9, 0.9],
							"inflate": 0.1,
							"uv": {
								"north": {"uv": [7.379, 7.504], "uv_size": [0.242, 0.242]},
								"east": {"uv": [7.004, 7.504], "uv_size": [0.242, 0.242]},
								"south": {"uv": [8.004, 7.504], "uv_size": [0.242, 0.242]},
								"west": {"uv": [7.629, 7.504], "uv_size": [0.242, 0.242]},
								"up": {"uv": [7.379, 7.129], "uv_size": [0.242, 0.242]},
								"down": {"uv": [7.629, 7.371], "uv_size": [0.242, -0.242]}
							}
						}
					]
				},
				{
					"name": "item",
					"parent": "hand",
					"pivot": [-2.5, 6.5, -0.25],
					"cubes": [
						{
							"origin": [-3, 6, -0.5],
							"size": [1, 1, 2.5],
							"uv": {
								"north": {"uv": [9.629, 3.504], "uv_size": [0.242, 0.242]},
								"east": {"uv": [9.004, 3.504], "uv_size": [0.617, 0.242]},
								"south": {"uv": [10.504, 3.504], "uv_size": [0.242, 0.242]},
								"west": {"uv": [9.879, 3.504], "uv_size": [0.617, 0.242]},
								"up": {"uv": [9.629, 2.879], "uv_size": [0.242, 0.617]},
								"down": {"uv": [9.879, 3.496], "uv_size": [0.242, -0.617]}
							}
						},
						{
							"origin": [-3.25, 5.75, -2],
							"size": [1.5, 1.5, 1.5],
							"uv": {
								"north": {"uv": [10.754, 0.379], "uv_size": [0.367, 0.367], "uv_rotation": 90},
								"east": {"uv": [11.504, 0.379], "uv_size": [0.367, 0.367], "uv_rotation": 90},
								"south": {"uv": [11.129, 0.379], "uv_size": [0.367, 0.367]},
								"west": {"uv": [11.504, 0.379], "uv_size": [0.367, 0.367], "uv_rotation": 270},
								"up": {"uv": [11.871, 0.746], "uv_size": [-0.367, -0.367]},
								"down": {"uv": [11.871, 0.746], "uv_size": [-0.367, -0.367], "uv_rotation": 180}
							}
						},
						{
							"origin": [-2, 6.5, 1.5],
							"size": [0, 8, 2],
							"pivot": [-2.5, 6.5, 2],
							"rotation": [90, 0, 180],
							"uv": {
								"north": {"uv": [14, 13.125], "uv_size": [0, 2]},
								"east": {"uv": [13.5, 13.125], "uv_size": [0.5, 2]},
								"south": {"uv": [14.5, 13.125], "uv_size": [0, 2]},
								"west": {"uv": [14, 13.125], "uv_size": [0.5, 2]},
								"up": {"uv": [14, 12.625], "uv_size": [0, 0.5]},
								"down": {"uv": [14, 13.125], "uv_size": [0, -0.5]}
							}
						},
						{
							"origin": [-3.2, 5.8, -1.95],
							"size": [1.4, 1.4, 1.4],
							"inflate": 0.1,
							"uv": {
								"east": {"uv": [12.004, 0.379], "uv_size": [0.367, 0.367], "uv_rotation": 90},
								"west": {"uv": [12.004, 0.379], "uv_size": [0.367, 0.367], "uv_rotation": 90},
								"up": {"uv": [12.371, 0.746], "uv_size": [-0.367, -0.367], "uv_rotation": 180},
								"down": {"uv": [12.371, 0.746], "uv_size": [-0.367, -0.367], "uv_rotation": 180}
							}
						},
						{
							"origin": [-2.9, 6.1, -0.4],
							"size": [0.8, 0.8, 2.3],
							"inflate": 0.2,
							"uv": {
								"north": {"uv": [11.504, 0.754], "uv_size": [0.242, 0.242], "uv_rotation": 90},
								"east": {"uv": [11.504, 0.754], "uv_size": [0.242, 0.617], "uv_rotation": 90},
								"south": {"uv": [11.504, 1.379], "uv_size": [0.242, 0.242], "uv_rotation": 90},
								"west": {"uv": [11.504, 0.754], "uv_size": [0.242, 0.617], "uv_rotation": 270},
								"up": {"uv": [11.746, 1.371], "uv_size": [-0.242, -0.617]},
								"down": {"uv": [11.746, 1.371], "uv_size": [-0.242, -0.617], "uv_rotation": 180}
							}
						}
					]
				},
				{
					"name": "armR",
					"parent": "feddybod",
					"pivot": [3, 13, 1],
					"rotation": [-86.92643, -87.6088, -48.0306]
				},
				{
					"name": "upper2",
					"parent": "armR",
					"pivot": [3, 13, 1],
					"cubes": [
						{
							"origin": [2.5, 10, 0.5],
							"size": [1, 2.5, 1],
							"uv": {
								"north": {"uv": [14.746, 3.754], "uv_size": [-0.242, 0.617]},
								"east": {"uv": [14.746, 3.754], "uv_size": [-0.242, 0.617]},
								"south": {"uv": [14.746, 3.754], "uv_size": [-0.242, 0.617]},
								"west": {"uv": [14.746, 3.754], "uv_size": [-0.242, 0.617]},
								"up": {"uv": [14.746, 3.754], "uv_size": [-0.242, 0.242]},
								"down": {"uv": [14.746, 3.746], "uv_size": [-0.242, -0.242]}
							}
						},
						{
							"origin": [2.575, 10.075, 0.575],
							"size": [0.85, 2.35, 0.85],
							"inflate": 0.15,
							"uv": {
								"north": {"uv": [14.754, 3.754], "uv_size": [0.242, 0.617]},
								"east": {"uv": [14.754, 3.754], "uv_size": [0.242, 0.617]},
								"south": {"uv": [14.754, 3.754], "uv_size": [0.242, 0.617]},
								"west": {"uv": [14.754, 3.754], "uv_size": [0.242, 0.617]}
							}
						},
						{
							"origin": [2, 10.5, 0],
							"size": [2, 2.5, 2],
							"uv": {
								"north": {"uv": [6.004, 8.629], "uv_size": [0.492, 0.617]},
								"east": {"uv": [6.004, 8.629], "uv_size": [0.492, 0.617]},
								"south": {"uv": [6.004, 8.629], "uv_size": [0.492, 0.617]},
								"west": {"uv": [6.004, 8.629], "uv_size": [0.492, 0.617]},
								"up": {"uv": [5.504, 8.629], "uv_size": [0.492, 0.492]},
								"down": {"uv": [6.504, 9.121], "uv_size": [0.492, -0.492]}
							}
						}
					]
				},
				{
					"name": "lower2",
					"parent": "armR",
					"pivot": [3, 10.25, 1],
					"rotation": [-50.90057, -4.08569, 0.20028],
					"cubes": [
						{
							"origin": [2.5, 7.5, 0.5],
							"size": [1, 2.5, 1],
							"uv": {
								"north": {"uv": [14.504, 4.379], "uv_size": [0.242, 0.617]},
								"east": {"uv": [14.746, 4.379], "uv_size": [-0.242, 0.617]},
								"south": {"uv": [14.504, 4.379], "uv_size": [0.242, 0.617]},
								"west": {"uv": [14.746, 4.379], "uv_size": [-0.242, 0.617]},
								"up": {"uv": [14.746, 4.496], "uv_size": [-0.242, -0.242]},
								"down": {"uv": [14.746, 4.871], "uv_size": [-0.242, -0.242]}
							}
						},
						{
							"origin": [2.575, 7.575, 0.575],
							"size": [0.85, 2.35, 0.85],
							"inflate": 0.15,
							"uv": {
								"north": {"uv": [14.754, 4.379], "uv_size": [0.242, 0.617]},
								"east": {"uv": [14.996, 4.379], "uv_size": [-0.242, 0.617]},
								"south": {"uv": [14.754, 4.379], "uv_size": [0.242, 0.617]},
								"west": {"uv": [14.996, 4.379], "uv_size": [-0.242, 0.617]}
							}
						},
						{
							"origin": [2, 8, 0],
							"size": [2, 2, 2],
							"uv": {
								"north": {"uv": [6.496, 9.254], "uv_size": [-0.492, 0.492]},
								"east": {"uv": [6.004, 9.254], "uv_size": [0.492, 0.492]},
								"south": {"uv": [6.004, 9.254], "uv_size": [0.492, 0.492]},
								"west": {"uv": [6.004, 9.254], "uv_size": [0.492, 0.492]},
								"up": {"uv": [6.504, 8.629], "uv_size": [0.492, 0.492]},
								"down": {"uv": [6.504, 9.121], "uv_size": [0.492, -0.492]}
							}
						}
					]
				},
				{
					"name": "hand2",
					"parent": "lower2",
					"pivot": [3, 7.5, 1],
					"rotation": [11.43438, 16.2496, 4.55104],
					"cubes": [
						{
							"origin": [2.5, 6, 0],
							"size": [1, 1.5, 2],
							"uv": {
								"north": {"uv": [6.246, 6.629], "uv_size": [-0.242, 0.367]},
								"east": {"uv": [6.254, 6.629], "uv_size": [0.492, 0.367]},
								"south": {"uv": [6.996, 6.629], "uv_size": [-0.242, 0.367]},
								"west": {"uv": [5.504, 6.629], "uv_size": [0.492, 0.367]},
								"up": {"uv": [6.004, 6.129], "uv_size": [0.242, 0.492]},
								"down": {"uv": [10.254, 4.246], "uv_size": [0.242, -0.492]}
							}
						}
					]
				},
				{
					"name": "fingers3",
					"parent": "hand2",
					"pivot": [3.5, 6, 1],
					"rotation": [0, 0, 15],
					"cubes": [
						{
							"origin": [2.5, 5, 0],
							"size": [1, 1, 2],
							"uv": {
								"north": {"uv": [10.496, 9.004], "uv_size": [-0.242, 0.242]},
								"east": {"uv": [2.879, 4.379], "uv_size": [0.492, 0.242]},
								"south": {"uv": [4.129, 4.379], "uv_size": [0.242, 0.242]},
								"west": {"uv": [10.246, 9.004], "uv_size": [-0.492, 0.242]},
								"up": {"uv": [10.754, 8.504], "uv_size": [0.242, 0.492]},
								"down": {"uv": [10.746, 8.996], "uv_size": [-0.242, -0.492]}
							}
						}
					]
				},
				{
					"name": "fingers4",
					"parent": "fingers3",
					"pivot": [3.5, 5, 1]
				},
				{
					"name": "thumb4",
					"parent": "hand2",
					"pivot": [3.5, 7.5, 0],
					"rotation": [34.3924, 0.81961, -1.3998]
				},
				{
					"name": "thumb3",
					"parent": "thumb4",
					"pivot": [3.5, 7, 0],
					"rotation": [-2.5, 0, 0],
					"cubes": [
						{
							"origin": [2.55, 6.55, -0.95],
							"size": [0.9, 0.9, 0.9],
							"inflate": 0.1,
							"uv": {
								"north": {"uv": [7.621, 7.504], "uv_size": [-0.242, 0.242]},
								"east": {"uv": [7.004, 8.504], "uv_size": [0.242, 0.242]},
								"south": {"uv": [7.879, 8.504], "uv_size": [0.242, 0.242]},
								"west": {"uv": [7.246, 7.504], "uv_size": [-0.242, 0.242]},
								"up": {"uv": [7.621, 7.129], "uv_size": [-0.242, 0.242]},
								"down": {"uv": [7.504, 7.371], "uv_size": [0.242, -0.242]}
							}
						}
					]
				},
				{
					"name": "belowpart",
					"parent": "feddy",
					"pivot": [0, 9.5, 1]
				},
				{
					"name": "pelvissuit",
					"parent": "belowpart",
					"pivot": [0, 8.5, 1],
					"cubes": [
						{
							"origin": [-1.4, 7.25, 0.6],
							"size": [2.8, 1.3, 0.8],
							"inflate": 0.2,
							"uv": {
								"north": {"uv": [13.504, 5.004], "uv_size": [0.742, 0.367]},
								"east": {"uv": [2.754, 13.629], "uv_size": [0.242, 0.367]},
								"south": {"uv": [13.504, 5.004], "uv_size": [0.742, 0.367]},
								"west": {"uv": [3.254, 13.629], "uv_size": [0.242, 0.367]},
								"up": {"uv": [12.504, 5.129], "uv_size": [0.742, 0.242]},
								"down": {"uv": [3.254, 13.621], "uv_size": [0.742, -0.242]}
							}
						},
						{
							"origin": [-2.5, 7, -1],
							"size": [5, 1.5, 3.5],
							"uv": {
								"north": {"uv": [1.629, 8.254], "uv_size": [1.242, 0.367]},
								"east": {"uv": [4.379, 8.254], "uv_size": [0.867, 0.367]},
								"south": {"uv": [2.879, 8.254], "uv_size": [1.242, 0.367]},
								"west": {"uv": [0.504, 8.254], "uv_size": [0.867, 0.367]},
								"up": {"uv": [1.629, 8.754], "uv_size": [1.242, 0.867]},
								"down": {"uv": [2.879, 9.621], "uv_size": [1.242, -0.867]}
							}
						}
					]
				},
				{
					"name": "legL",
					"parent": "belowpart",
					"pivot": [-1.5, 7.5, 1]
				},
				{
					"name": "upper3",
					"parent": "legL",
					"pivot": [-1.5, 7.5, 1],
					"cubes": [
						{
							"origin": [-2, 4, 0.5],
							"size": [1, 3, 1],
							"uv": {
								"north": {"uv": [13.504, 5.754], "uv_size": [0.242, 0.742]},
								"east": {"uv": [13.746, 5.754], "uv_size": [-0.242, 0.742]},
								"south": {"uv": [13.504, 5.754], "uv_size": [0.242, 0.742]},
								"west": {"uv": [13.746, 5.754], "uv_size": [-0.242, 0.742]}
							}
						},
						{
							"origin": [-1.925, 4.075, 0.575],
							"size": [0.85, 2.85, 0.85],
							"inflate": 0.15,
							"uv": {
								"north": {"uv": [12.879, 5.504], "uv_size": [0.242, 0.742]},
								"east": {"uv": [12.879, 5.504], "uv_size": [0.242, 0.742]},
								"south": {"uv": [12.879, 5.504], "uv_size": [0.242, 0.742]},
								"west": {"uv": [12.879, 5.504], "uv_size": [0.242, 0.742]}
							}
						},
						{
							"origin": [-2.65, 4, 1],
							"size": [2.5, 4, 0],
							"uv": {
								"north": {"uv": [12.129, 5.379], "uv_size": [0.617, 0.992]}
							}
						},
						{
							"origin": [-2, 7, 0.5],
							"size": [1, 1, 1],
							"uv": {
								"north": {"uv": [13.504, 5.504], "uv_size": [0.242, 0.242]},
								"east": {"uv": [13.504, 5.504], "uv_size": [0.242, 0.242]},
								"south": {"uv": [13.504, 5.504], "uv_size": [0.242, 0.242]},
								"west": {"uv": [13.504, 5.504], "uv_size": [0.242, 0.242]},
								"up": {"uv": [13.746, 5.746], "uv_size": [-0.242, -0.242]},
								"down": {"uv": [13.746, 5.746], "uv_size": [-0.242, -0.242]}
							}
						},
						{
							"origin": [-2.75, 4.5, -0.25],
							"size": [2.5, 3, 2.5],
							"uv": {
								"north": {"uv": [7.254, 9.879], "uv_size": [0.617, 0.742]},
								"east": {"uv": [6.629, 9.879], "uv_size": [0.617, 0.742]},
								"south": {"uv": [8.504, 9.879], "uv_size": [0.617, 0.742]},
								"west": {"uv": [7.879, 9.879], "uv_size": [0.617, 0.742]},
								"up": {"uv": [1.246, 10.629], "uv_size": [-0.617, 0.617]},
								"down": {"uv": [1.246, 11.871], "uv_size": [-0.617, -0.617]}
							}
						}
					]
				},
				{
					"name": "lower3",
					"parent": "legL",
					"pivot": [-1.5, 4.25, 1],
					"cubes": [
						{
							"origin": [-2, 1, 0.5],
							"size": [1, 3, 1],
							"uv": {
								"north": {"uv": [13.504, 6.504], "uv_size": [0.242, 0.742]},
								"east": {"uv": [13.746, 6.504], "uv_size": [-0.242, 0.742]},
								"south": {"uv": [13.504, 6.504], "uv_size": [0.242, 0.742]},
								"west": {"uv": [13.746, 6.504], "uv_size": [-0.242, 0.742]}
							}
						},
						{
							"origin": [-1.925, 1.075, 0.575],
							"size": [0.85, 2.85, 0.85],
							"inflate": 0.15,
							"uv": {
								"north": {"uv": [12.879, 6.254], "uv_size": [0.242, 0.742]},
								"east": {"uv": [12.879, 6.254], "uv_size": [0.242, 0.742]},
								"south": {"uv": [12.879, 6.254], "uv_size": [0.242, 0.742]},
								"west": {"uv": [12.879, 6.254], "uv_size": [0.242, 0.742]}
							}
						},
						{
							"origin": [-2.35, 1.15, 0.15],
							"size": [1.7, 2.7, 1.7],
							"inflate": 0.3,
							"uv": {
								"north": {"uv": [1.754, 10.629], "uv_size": [0.492, 0.742]},
								"east": {"uv": [2.246, 10.629], "uv_size": [-0.492, 0.742]},
								"south": {"uv": [2.254, 10.629], "uv_size": [0.492, 0.742]},
								"west": {"uv": [2.254, 10.629], "uv_size": [0.492, 0.742]},
								"up": {"uv": [2.754, 10.629], "uv_size": [0.492, 0.492]},
								"down": {"uv": [1.254, 11.121], "uv_size": [0.492, -0.492]}
							}
						},
						{
							"origin": [-2.65, 1, 1],
							"size": [2.5, 3, 0],
							"uv": {
								"north": {"uv": [12.129, 6.379], "uv_size": [0.617, 0.742]}
							}
						}
					]
				},
				{
					"name": "knee",
					"parent": "lower3",
					"pivot": [-1.5, 3.75, 0],
					"cubes": [
						{
							"origin": [-2.5, 3.5, -0.5],
							"size": [2, 1.5, 1],
							"uv": {
								"north": {"uv": [0.879, 9.879], "uv_size": [0.492, 0.367]},
								"east": {"uv": [0.629, 9.879], "uv_size": [0.242, 0.367]},
								"west": {"uv": [1.379, 9.879], "uv_size": [0.242, 0.367]},
								"up": {"uv": [0.879, 9.629], "uv_size": [0.492, 0.242]},
								"down": {"uv": [0.879, 10.496], "uv_size": [0.492, -0.242]}
							}
						}
					]
				},
				{
					"name": "foot",
					"parent": "lower3",
					"pivot": [-1.5, 1, 1],
					"rotation": [0, 15, 0],
					"cubes": [
						{
							"origin": [-3, 0, -2],
							"size": [3, 1, 4],
							"uv": {
								"north": {"uv": [2.246, 12.504], "uv_size": [-0.742, 0.242]},
								"east": {"uv": [3.121, 12.504], "uv_size": [-0.867, 0.242]},
								"south": {"uv": [4.121, 12.504], "uv_size": [-0.867, 0.242]},
								"west": {"uv": [1.496, 12.504], "uv_size": [-0.992, 0.242]},
								"up": {"uv": [2.246, 11.504], "uv_size": [-0.742, 0.992]},
								"down": {"uv": [2.996, 12.496], "uv_size": [-0.742, -0.992]}
							}
						}
					]
				},
				{
					"name": "legR",
					"parent": "belowpart",
					"pivot": [1.5, 7.5, 1]
				},
				{
					"name": "upper4",
					"parent": "legR",
					"pivot": [1.5, 8, 1],
					"cubes": [
						{
							"origin": [1, 4, 0.5],
							"size": [1, 3, 1],
							"uv": {
								"north": {"uv": [14.004, 5.754], "uv_size": [0.242, 0.742]},
								"east": {"uv": [14.246, 5.754], "uv_size": [-0.242, 0.742]},
								"south": {"uv": [14.246, 5.754], "uv_size": [-0.242, 0.742]},
								"west": {"uv": [14.004, 5.754], "uv_size": [0.242, 0.742]}
							}
						},
						{
							"origin": [0.15, 4, 1],
							"size": [2.5, 4, 0],
							"uv": {
								"north": {"uv": [15.004, 5.379], "uv_size": [0.617, 0.992]}
							}
						},
						{
							"origin": [1.075, 4.075, 0.575],
							"size": [0.85, 2.85, 0.85],
							"inflate": 0.15,
							"uv": {
								"north": {"uv": [14.629, 5.504], "uv_size": [0.242, 0.742]},
								"east": {"uv": [14.629, 5.504], "uv_size": [0.242, 0.742]},
								"south": {"uv": [14.629, 5.504], "uv_size": [0.242, 0.742]},
								"west": {"uv": [14.629, 5.504], "uv_size": [0.242, 0.742]}
							}
						},
						{
							"origin": [1, 7, 0.5],
							"size": [1, 1, 1],
							"uv": {
								"north": {"uv": [14.004, 5.504], "uv_size": [0.242, 0.242]},
								"east": {"uv": [14.004, 5.504], "uv_size": [0.242, 0.242]},
								"south": {"uv": [14.004, 5.504], "uv_size": [0.242, 0.242]},
								"west": {"uv": [14.004, 5.504], "uv_size": [0.242, 0.242]},
								"up": {"uv": [14.246, 5.746], "uv_size": [-0.242, -0.242]},
								"down": {"uv": [14.246, 5.746], "uv_size": [-0.242, -0.242]}
							}
						},
						{
							"origin": [0.25, 4.5, -0.25],
							"size": [2.5, 3, 2.5],
							"uv": {
								"north": {"uv": [5.246, 9.879], "uv_size": [-0.617, 0.742]},
								"east": {"uv": [4.621, 9.879], "uv_size": [-0.617, 0.742]},
								"south": {"uv": [6.496, 9.879], "uv_size": [-0.617, 0.742]},
								"west": {"uv": [5.871, 9.879], "uv_size": [-0.617, 0.742]},
								"up": {"uv": [3.379, 10.629], "uv_size": [0.617, 0.617]},
								"down": {"uv": [3.379, 11.871], "uv_size": [0.617, -0.617]}
							}
						}
					]
				},
				{
					"name": "lower4",
					"parent": "legR",
					"pivot": [1.5, 4.25, 1],
					"cubes": [
						{
							"origin": [1, 1, 0.5],
							"size": [1, 3, 1],
							"uv": {
								"north": {"uv": [14.004, 6.504], "uv_size": [0.242, 0.742]},
								"east": {"uv": [14.246, 6.504], "uv_size": [-0.242, 0.742]},
								"south": {"uv": [14.246, 6.504], "uv_size": [-0.242, 0.742]},
								"west": {"uv": [14.004, 6.504], "uv_size": [0.242, 0.742]}
							}
						},
						{
							"origin": [0.15, 1, 1],
							"size": [2.5, 3, 0],
							"uv": {
								"north": {"uv": [15.004, 6.379], "uv_size": [0.617, 0.742]}
							}
						},
						{
							"origin": [1.075, 1.075, 0.575],
							"size": [0.85, 2.85, 0.85],
							"inflate": 0.15,
							"uv": {
								"north": {"uv": [14.629, 6.254], "uv_size": [0.242, 0.742]},
								"east": {"uv": [14.629, 6.254], "uv_size": [0.242, 0.742]},
								"south": {"uv": [14.629, 6.254], "uv_size": [0.242, 0.742]},
								"west": {"uv": [14.629, 6.254], "uv_size": [0.242, 0.742]}
							}
						},
						{
							"origin": [0.65, 1.15, 0.15],
							"size": [1.7, 2.7, 1.7],
							"inflate": 0.3,
							"uv": {
								"north": {"uv": [2.254, 10.629], "uv_size": [0.492, 0.742]},
								"east": {"uv": [1.754, 10.629], "uv_size": [0.492, 0.742]},
								"south": {"uv": [1.754, 10.629], "uv_size": [0.492, 0.742]},
								"west": {"uv": [2.746, 10.629], "uv_size": [-0.492, 0.742]},
								"up": {"uv": [1.254, 10.629], "uv_size": [0.492, 0.492]},
								"down": {"uv": [2.754, 11.121], "uv_size": [0.492, -0.492]}
							}
						}
					]
				},
				{
					"name": "knee2",
					"parent": "lower4",
					"pivot": [1.5, 3.75, 0],
					"cubes": [
						{
							"origin": [0.5, 3.5, -0.5],
							"size": [2, 1.5, 1],
							"uv": {
								"north": {"uv": [3.129, 9.879], "uv_size": [0.492, 0.367]},
								"east": {"uv": [2.879, 9.879], "uv_size": [0.242, 0.367]},
								"west": {"uv": [3.629, 9.879], "uv_size": [0.242, 0.367]},
								"up": {"uv": [3.129, 9.629], "uv_size": [0.492, 0.242]},
								"down": {"uv": [3.129, 10.496], "uv_size": [0.492, -0.242]}
							}
						}
					]
				},
				{
					"name": "foot2",
					"parent": "lower4",
					"pivot": [1.5, 1.5, 1],
					"rotation": [0, -12.5, 0],
					"cubes": [
						{
							"origin": [0, 0, -2],
							"size": [3, 1, 4],
							"uv": {
								"north": {"uv": [6.496, 12.504], "uv_size": [-0.742, 0.242]},
								"east": {"uv": [4.004, 12.504], "uv_size": [0.992, 0.242]},
								"south": {"uv": [4.746, 12.504], "uv_size": [-0.742, 0.242]},
								"west": {"uv": [6.629, 12.504], "uv_size": [0.992, 0.242]},
								"up": {"uv": [6.496, 11.504], "uv_size": [-0.742, 0.992]},
								"down": {"uv": [5.746, 12.496], "uv_size": [-0.742, -0.992]}
							}
						}
					]
				}
			]
		}
	]
}