{
	"format_version": "1.12.0",
	"minecraft:geometry": [
		{
			"description": {
				"identifier": "geometry.freddy_beta_head",
				"texture_width": 128,
				"texture_height": 128,
				"visible_bounds_width": 5,
				"visible_bounds_height": 5,
				"visible_bounds_offset": [0, 1.5, 0]
			},
			"bones": [
				{
					"name": "head",
					"pivot": [-0.5, 2.5, 1],
					"rotation": [-12.5, 0, 0]
				},
				{
					"name": "headsuit2",
					"parent": "head",
					"pivot": [-0.5, 2.5, 2]
				},
				{
					"name": "masktop2",
					"parent": "headsuit2",
					"pivot": [-0.5, -3.5, 3.4],
					"cubes": [
						{
							"origin": [-4.01, 2.45233, -2.95112],
							"size": [8, 8, 8],
							"uv": {
								"north": {"uv": [54.032, 26.032], "uv_size": [7.936, 7.936]},
								"east": {"uv": [46.032, 26.032], "uv_size": [7.936, 7.936]},
								"south": {"uv": [54.032, 34.032], "uv_size": [7.936, 7.936]},
								"west": {"uv": [62.032, 26.032], "uv_size": [7.936, 7.936]},
								"up": {"uv": [69.968, 41.968], "uv_size": [-7.936, -7.936]},
								"down": {"uv": [53.968, 41.968], "uv_size": [-7.936, -7.936]}
							}
						},
						{
							"origin": [-4.51, 2.45233, -2.95112],
							"size": [9, 4, 7],
							"inflate": 0.01,
							"uv": {
								"north": {"uv": [13.032, 15.032], "uv_size": [8.936, 3.936]},
								"east": {"uv": [3.032, 15.032], "uv_size": [6.936, 3.936]},
								"south": {"uv": [1.032, 25.032], "uv_size": [8.936, 3.936]},
								"west": {"uv": [26.032, 15.032], "uv_size": [6.936, 3.936]},
								"up": {"uv": [35.032, 26.032], "uv_size": [9.936, 7.936]},
								"down": {"uv": [35.032, 42.968], "uv_size": [9.936, -6.936]}
							}
						}
					]
				},
				{
					"name": "eyebrows2",
					"parent": "masktop2",
					"pivot": [-3.5, 1.4, -2]
				},
				{
					"name": "eyebrowL2",
					"parent": "eyebrows2",
					"pivot": [-2.5, 8.5, -2.5]
				},
				{
					"name": "eyebrowR2",
					"parent": "eyebrows2",
					"pivot": [1.5, 8.5, -2.5]
				},
				{
					"name": "muzzle2",
					"parent": "masktop2",
					"pivot": [-0.5, -3.5, -1],
					"cubes": [
						{
							"origin": [-3.51, 2.45233, -4.95112],
							"size": [7, 3, 2],
							"uv": {
								"north": {"uv": [15.032, 22.032], "uv_size": [6.936, 2.936]},
								"east": {"uv": [10.032, 16.032], "uv_size": [1.936, 2.936]},
								"south": {"uv": [110.032, 88.032], "uv_size": [6.936, 2.936]},
								"west": {"uv": [25.968, 18.968], "uv_size": [-1.936, -2.936]},
								"up": {"uv": [15.032, 20.032], "uv_size": [6.936, 1.936]},
								"down": {"uv": [15.032, 25.032], "uv_size": [6.936, 1.936]}
							}
						},
						{
							"origin": [-1.51, 4.95233, -4.95112],
							"size": [3, 1, 2],
							"inflate": 0.15,
							"uv": {
								"north": {"uv": [55, 8], "uv_size": [3, -1]},
								"east": {"uv": [53, 7], "uv_size": [2, 1]},
								"south": {"uv": [60, 7], "uv_size": [3, 1]},
								"west": {"uv": [58, 7], "uv_size": [2, 1]},
								"up": {"uv": [55, 5], "uv_size": [3, 2]},
								"down": {"uv": [58, 7], "uv_size": [3, -2]}
							}
						}
					]
				},
				{
					"name": "jaw2",
					"parent": "headsuit2",
					"pivot": [-0.5, 2.5, 3],
					"rotation": [12.5, 0, 0],
					"cubes": [
						{
							"origin": [-4.51, 0.44288, -4.96259],
							"size": [9, 2, 9],
							"inflate": 0.01,
							"uv": {
								"north": {"uv": [36.032, 21.032], "uv_size": [8.936, 1.936]},
								"east": {"uv": [27.032, 21.032], "uv_size": [8.936, 1.936]},
								"south": {"uv": [36.032, 21.032], "uv_size": [8.936, 1.936]},
								"west": {"uv": [53.968, 21.032], "uv_size": [-8.936, 1.936]},
								"up": {"uv": [36.032, 12.032], "uv_size": [7.936, 8.936]},
								"down": {"uv": [2.032, 40.968], "uv_size": [7.936, -3.936]}
							}
						},
						{
							"origin": [-0.51, 0.44288, -4.96259],
							"size": [1, 2, 1],
							"inflate": 0.1,
							"uv": {
								"north": {"uv": [23.032, 20.032], "uv_size": [0.936, 1.936]},
								"east": {"uv": [94.032, 76.032], "uv_size": [0.936, 1.936]},
								"south": {"uv": [97.032, 76.032], "uv_size": [0.936, 1.936]},
								"west": {"uv": [96.032, 76.032], "uv_size": [0.936, 1.936]},
								"up": {"uv": [95.032, 75.032], "uv_size": [0.936, 0.936]},
								"down": {"uv": [96.032, 75.968], "uv_size": [0.936, -0.936]}
							}
						},
						{
							"origin": [-3.51, 1.14288, -3.96259],
							"size": [7, 2, 3],
							"inflate": 0.2,
							"uv": {
								"north": {"uv": [48.032, 16.032], "uv_size": [6.936, 1.936]},
								"east": {"uv": [47.032, 15.032], "uv_size": [2.936, 1.936]},
								"west": {"uv": [55.032, 15.032], "uv_size": [2.936, 1.936]}
							}
						},
						{
							"origin": [-3.01, 0.94288, -3.96259],
							"size": [6, 2, 3],
							"inflate": 0.1,
							"uv": {
								"north": {"uv": [67.032, 118.032], "uv_size": [5.936, 1.936]},
								"east": {"uv": [66.032, 117.032], "uv_size": [2.936, 1.936]},
								"west": {"uv": [74.032, 117.032], "uv_size": [2.936, 1.936]}
							}
						}
					]
				},
				{
					"name": "headendo2",
					"parent": "head",
					"pivot": [-0.5, 2.5, 2],
					"cubes": [
						{
							"origin": [-3.01, 4.45233, -0.05112],
							"size": [6, 5, 2],
							"uv": {
								"north": {"uv": [118.032, 10.032], "uv_size": [5.936, 4.936]},
								"east": {"uv": [106.968, 16.032], "uv_size": [-1.936, 4.936]},
								"south": {"uv": [99.032, 16.032], "uv_size": [5.936, 4.936]},
								"west": {"uv": [98.968, 16.032], "uv_size": [-1.936, 4.936]},
								"up": {"uv": [99.032, 15.032], "uv_size": [5.936, 1.936]},
								"down": {"uv": [99.032, 22.968], "uv_size": [5.936, -1.936]}
							}
						},
						{
							"origin": [-2.01, 1.45233, -0.05112],
							"size": [4, 4, 2],
							"uv": {
								"north": {"uv": [109.032, 21.032], "uv_size": [3.936, 3.936]},
								"east": {"uv": [123.032, 21.032], "uv_size": [1.936, 3.936]},
								"south": {"uv": [119.032, 21.032], "uv_size": [3.936, 3.936]},
								"west": {"uv": [117.032, 21.032], "uv_size": [1.936, 3.936]},
								"up": {"uv": [119.032, 19.032], "uv_size": [3.936, 1.936]},
								"down": {"uv": [119.032, 25.968], "uv_size": [3.936, -1.936]}
							}
						},
						{"origin": [-1.51, 0.95233, 0.54888], "size": [3, 3, 2], "uv": [89, 26], "mirror": true},
						{
							"origin": [-4.01, 1.45233, 1.04888],
							"size": [8, 5, 0],
							"uv": {
								"north": {"uv": [107.032, 20.032], "uv_size": [7.936, 4.936]}
							}
						},
						{
							"origin": [-1.51, 3.95233, -1.95112],
							"size": [3, 1, 2],
							"inflate": 0.1,
							"uv": {
								"north": {"uv": [42.032, 89.032], "uv_size": [2.936, 0.936]},
								"east": {"uv": [41.032, 88.032], "uv_size": [1.936, 0.936]},
								"south": {"uv": [47.032, 88.032], "uv_size": [2.936, 0.936]},
								"west": {"uv": [45.032, 88.032], "uv_size": [1.936, 0.936]},
								"up": {"uv": [36.032, 86.032], "uv_size": [2.936, 1.936]},
								"down": {"uv": [36.032, 89.968], "uv_size": [2.936, -1.936]}
							}
						},
						{
							"origin": [-1.51, 3.45233, -1.95112],
							"size": [3, 1, 2],
							"uv": {
								"north": {"uv": [56.032, 91.032], "uv_size": [2.936, 0.936]},
								"east": {"uv": [54.032, 91.032], "uv_size": [1.936, 0.936]},
								"south": {"uv": [60.032, 91.032], "uv_size": [2.936, 0.936]},
								"west": {"uv": [58.032, 91.032], "uv_size": [1.936, 0.936]},
								"up": {"uv": [56.032, 89.032], "uv_size": [2.936, 1.936]},
								"down": {"uv": [58.032, 90.968], "uv_size": [2.936, -1.936]}
							}
						}
					]
				},
				{
					"name": "eyes2",
					"parent": "headendo2",
					"pivot": [-2.5, -0.5, 0]
				},
				{
					"name": "eyeL2",
					"parent": "eyes2",
					"pivot": [-2.5, -0.5, 0],
					"cubes": [
						{
							"origin": [-3.01, 5.45233, -1.95112],
							"size": [2, 2, 2],
							"uv": {
								"north": {"uv": [108.032, 10.032], "uv_size": [1.936, 1.936]},
								"east": {"uv": [106.032, 10.032], "uv_size": [1.936, 1.936]},
								"south": {"uv": [47.032, 77.032], "uv_size": [1.936, 1.936]},
								"west": {"uv": [107.968, 10.032], "uv_size": [-1.936, 1.936]},
								"up": {"uv": [43.032, 75.032], "uv_size": [1.936, 1.936]},
								"down": {"uv": [108.032, 10.968], "uv_size": [1.936, -1.936]}
							}
						}
					]
				},
				{
					"name": "pupil3",
					"parent": "eyeL2",
					"pivot": [-2.5, 6.5, -1.65],
					"cubes": [
						{
							"origin": [-2.51, 5.95233, -2.10112],
							"size": [1, 1, 1],
							"uv": {
								"north": {"uv": [108.032, 15.032], "uv_size": [0.936, 0.936]}
							}
						},
						{
							"origin": [-2.51, 5.95233, -2.25112],
							"size": [1, 1, 1],
							"inflate": -0.2,
							"uv": {
								"north": {"uv": [108.032, 16.032], "uv_size": [0.936, 0.936]}
							}
						}
					]
				},
				{
					"name": "eyelid3",
					"parent": "eyeL2",
					"pivot": [-2.5, 7.05, 0],
					"cubes": [
						{
							"origin": [-3.01, 6.85233, -1.95112],
							"size": [2, 1, 2],
							"inflate": 0.2,
							"uv": {
								"north": {"uv": [108.032, 9.032], "uv_size": [1.936, 0.936]},
								"east": {"uv": [106.032, 9.032], "uv_size": [1.936, 0.936]},
								"south": {"uv": [81.032, 13.032], "uv_size": [1.936, 0.936]},
								"west": {"uv": [108.032, 9.032], "uv_size": [1.936, 0.936]},
								"up": {"uv": [108.032, 8.032], "uv_size": [1.936, 1.936]},
								"down": {"uv": [78.032, 12.968], "uv_size": [1.936, -1.936]}
							}
						}
					]
				},
				{
					"name": "eyeR2",
					"parent": "eyes2",
					"pivot": [1.5, -0.5, 0],
					"cubes": [
						{
							"origin": [0.99, 5.45233, -1.95112],
							"size": [2, 2, 2],
							"uv": {
								"north": {"uv": [112.032, 10.032], "uv_size": [1.936, 1.936]},
								"east": {"uv": [115.968, 10.032], "uv_size": [-1.936, 1.936]},
								"south": {"uv": [62.032, 64.032], "uv_size": [1.936, 1.936]},
								"west": {"uv": [114.032, 10.032], "uv_size": [1.936, 1.936]},
								"up": {"uv": [58.032, 62.032], "uv_size": [1.936, 1.936]},
								"down": {"uv": [112.032, 10.968], "uv_size": [1.936, -1.936]}
							}
						}
					]
				},
				{
					"name": "pupil4",
					"parent": "eyeR2",
					"pivot": [1.5, 6.5, -1.65],
					"cubes": [
						{
							"origin": [1.49, 5.95233, -2.10112],
							"size": [1, 1, 1],
							"uv": {
								"north": {"uv": [113.032, 15.032], "uv_size": [0.936, 0.936]}
							}
						},
						{
							"origin": [1.49, 5.95233, -2.25112],
							"size": [1, 1, 1],
							"inflate": -0.2,
							"uv": {
								"north": {"uv": [113.032, 16.032], "uv_size": [0.936, 0.936]}
							}
						}
					]
				},
				{
					"name": "eyelid4",
					"parent": "eyeR2",
					"pivot": [1.5, 7, 0],
					"cubes": [
						{
							"origin": [0.99, 6.85233, -1.95112],
							"size": [2, 1, 2],
							"inflate": 0.2,
							"uv": {
								"north": {"uv": [112.032, 9.032], "uv_size": [1.936, 0.936]},
								"east": {"uv": [112.032, 9.032], "uv_size": [1.936, 0.936]},
								"south": {"uv": [18.032, 54.032], "uv_size": [1.936, 0.936]},
								"west": {"uv": [114.032, 9.032], "uv_size": [1.936, 0.936]},
								"up": {"uv": [112.032, 8.032], "uv_size": [1.936, 1.936]},
								"down": {"uv": [16.032, 53.968], "uv_size": [1.936, -1.936]}
							}
						}
					]
				},
				{
					"name": "bone2",
					"parent": "head",
					"pivot": [-0.5, 6.5, 0]
				}
			]
		}
	]
}