{
	"format_version": "1.21.20",
	"minecraft:geometry": [
		{
			"description": {
				"identifier": "geometry.frreddy_alarm_clock",
				"texture_width": 32,
				"texture_height": 32,
				"visible_bounds_width": 2,
				"visible_bounds_height": 2.5,
				"visible_bounds_offset": [0, 0.75, 0]
			},
			"bones": [
				{
					"name": "freddy_clock",
					"pivot": [0, 1, 2]
				},
				{
					"name": "head",
					"parent": "freddy_clock",
					"pivot": [0, 12.11266, 0.58968],
					"cubes": [
						{
							"origin": [-4.42388, 12.61732, 1],
							"size": [2, 2, 1],
							"pivot": [-3.42388, 13.61732, 1.5],
							"rotation": [0, 0, -22.5],
							"uv": {
								"north": {"uv": [8, 25], "uv_size": [2, 2]},
								"east": {"uv": [27, 11], "uv_size": [1, 2]},
								"south": {"uv": [10, 25], "uv_size": [2, 2]},
								"west": {"uv": [27, 13], "uv_size": [1, 2]},
								"up": {"uv": [14, 23], "uv_size": [2, 1]},
								"down": {"uv": [14, 28], "uv_size": [2, -1]}
							}
						},
						{
							"origin": [-2.5, 12, -0.5],
							"size": [5, 2, 4],
							"uv": {
								"north": {"uv": [6, 21], "uv_size": [5, 2]},
								"east": {"uv": [23, 0], "uv_size": [4, 2]},
								"south": {"uv": [11, 21], "uv_size": [5, 2]},
								"west": {"uv": [23, 2], "uv_size": [4, 2]},
								"up": {"uv": [6, 14], "uv_size": [5, 4]},
								"down": {"uv": [11, 18], "uv_size": [5, -4]}
							}
						},
						{
							"origin": [2.42388, 12.61732, 1],
							"size": [2, 2, 1],
							"pivot": [3.42388, 13.61732, 1.5],
							"rotation": [0, 0, 22.5],
							"uv": {
								"north": {"uv": [12, 25], "uv_size": [2, 2]},
								"east": {"uv": [27, 15], "uv_size": [1, 2]},
								"south": {"uv": [25, 13], "uv_size": [2, 2]},
								"west": {"uv": [16, 27], "uv_size": [1, 2]},
								"up": {"uv": [17, 27], "uv_size": [2, 1]},
								"down": {"uv": [27, 18], "uv_size": [2, -1]}
							}
						},
						{
							"origin": [-3, 9, -0.5],
							"size": [6, 3, 4],
							"uv": {
								"north": {"uv": [16, 14], "uv_size": [6, 3]},
								"east": {"uv": [0, 18], "uv_size": [4, 3]},
								"south": {"uv": [16, 17], "uv_size": [6, 3]},
								"west": {"uv": [4, 18], "uv_size": [4, 3]},
								"up": {"uv": [12, 10], "uv_size": [6, 4]},
								"down": {"uv": [0, 18], "uv_size": [6, -4]}
							}
						},
						{
							"origin": [-2, 10, -2.5],
							"size": [4, 2, 2],
							"uv": {
								"north": {"uv": [23, 4], "uv_size": [4, 2]},
								"east": {"uv": [20, 24], "uv_size": [2, 2]},
								"south": {"uv": [6, 23], "uv_size": [4, 2]},
								"west": {"uv": [6, 25], "uv_size": [2, 2]},
								"up": {"uv": [23, 6], "uv_size": [4, 2]},
								"down": {"uv": [10, 25], "uv_size": [4, -2]}
							}
						}
					]
				},
				{
					"name": "mouth",
					"parent": "head",
					"pivot": [0, 10, -0.5],
					"cubes": [
						{
							"origin": [-2, 9, -2.5],
							"size": [4, 1, 3],
							"inflate": -0.0001,
							"uv": {
								"north": {"uv": [18, 13], "uv_size": [4, 1]},
								"east": {"uv": [19, 9], "uv_size": [3, 1]},
								"south": {"uv": [23, 8], "uv_size": [4, 1]},
								"west": {"uv": [18, 26], "uv_size": [3, 1]},
								"up": {"uv": [8, 18], "uv_size": [4, 3]},
								"down": {"uv": [18, 13], "uv_size": [4, -3]}
							}
						}
					]
				},
				{
					"name": "hat",
					"parent": "head",
					"pivot": [0, 15.25, 1.5],
					"cubes": [
						{
							"origin": [-1.5, 15, 0.5],
							"size": [3, 2, 2],
							"uv": {
								"north": {"uv": [14, 24], "uv_size": [3, 2]},
								"east": {"uv": [25, 15], "uv_size": [2, 2]},
								"south": {"uv": [17, 24], "uv_size": [3, 2]},
								"west": {"uv": [25, 17], "uv_size": [2, 2]},
								"up": {"uv": [0, 25], "uv_size": [3, 2]},
								"down": {"uv": [3, 27], "uv_size": [3, -2]}
							}
						},
						{
							"origin": [-2, 14, 0],
							"size": [4, 1, 3],
							"uv": {
								"north": {"uv": [25, 19], "uv_size": [4, 1]},
								"east": {"uv": [21, 26], "uv_size": [3, 1]},
								"south": {"uv": [25, 20], "uv_size": [4, 1]},
								"west": {"uv": [24, 26], "uv_size": [3, 1]},
								"up": {"uv": [12, 18], "uv_size": [4, 3]},
								"down": {"uv": [19, 3], "uv_size": [4, -3]}
							}
						}
					]
				},
				{
					"name": "body",
					"parent": "freddy_clock",
					"pivot": [0, 1, 2],
					"cubes": [
						{
							"origin": [-2, 8, 0],
							"size": [4, 1, 3],
							"uv": {
								"north": {"uv": [25, 21], "uv_size": [4, 1]},
								"east": {"uv": [26, 25], "uv_size": [3, 1]},
								"south": {"uv": [22, 25], "uv_size": [4, 1]},
								"west": {"uv": [0, 27], "uv_size": [3, 1]},
								"up": {"uv": [19, 3], "uv_size": [4, 3]},
								"down": {"uv": [19, 9], "uv_size": [4, -3]}
							}
						},
						{
							"origin": [-3.5, 1, -1],
							"size": [7, 7, 5],
							"uv": {
								"north": {"uv": [0, 0], "uv_size": [7, 7]},
								"east": {"uv": [7, 0], "uv_size": [5, 7]},
								"south": {"uv": [0, 7], "uv_size": [7, 7]},
								"west": {"uv": [7, 7], "uv_size": [5, 7]},
								"up": {"uv": [12, 0], "uv_size": [7, 5]},
								"down": {"uv": [12, 10], "uv_size": [7, -5]}
							}
						},
						{
							"origin": [-6.5391, 3, 0.69657],
							"size": [3, 3, 1],
							"pivot": [-5.0391, 4.5, 1.19657],
							"rotation": [0, -22.5, 0],
							"uv": {
								"north": {"uv": [22, 13], "uv_size": [3, 3]},
								"east": {"uv": [27, 0], "uv_size": [1, 3]},
								"south": {"uv": [22, 16], "uv_size": [3, 3]},
								"west": {"uv": [3, 27], "uv_size": [1, 3]},
								"up": {"uv": [27, 3], "uv_size": [3, 1]},
								"down": {"uv": [4, 28], "uv_size": [3, -1]}
							}
						},
						{
							"origin": [3.5391, 3, 0.69657],
							"size": [3, 3, 1],
							"pivot": [5.0391, 4.5, 1.19657],
							"rotation": [0, 22.5, 0],
							"uv": {
								"north": {"uv": [22, 19], "uv_size": [3, 3]},
								"east": {"uv": [27, 4], "uv_size": [1, 3]},
								"south": {"uv": [22, 22], "uv_size": [3, 3]},
								"west": {"uv": [7, 27], "uv_size": [1, 3]},
								"up": {"uv": [27, 7], "uv_size": [3, 1]},
								"down": {"uv": [8, 28], "uv_size": [3, -1]}
							}
						},
						{
							"origin": [-3.5, 0, -2],
							"size": [3, 1, 4],
							"pivot": [-2, 0.5, 0],
							"rotation": [0, 12.5, 0],
							"uv": {
								"north": {"uv": [27, 8], "uv_size": [3, 1]},
								"east": {"uv": [25, 22], "uv_size": [4, 1]},
								"south": {"uv": [27, 9], "uv_size": [3, 1]},
								"west": {"uv": [25, 23], "uv_size": [4, 1]},
								"up": {"uv": [16, 20], "uv_size": [3, 4]},
								"down": {"uv": [19, 24], "uv_size": [3, -4]}
							}
						},
						{
							"origin": [0.5, 0, -2],
							"size": [3, 1, 4],
							"pivot": [2, 0.5, 0],
							"rotation": [0, -12.5, 0],
							"uv": {
								"north": {"uv": [27, 10], "uv_size": [3, 1]},
								"east": {"uv": [25, 24], "uv_size": [4, 1]},
								"south": {"uv": [11, 27], "uv_size": [3, 1]},
								"west": {"uv": [14, 26], "uv_size": [4, 1]},
								"up": {"uv": [0, 21], "uv_size": [3, 4]},
								"down": {"uv": [3, 25], "uv_size": [3, -4]}
							}
						}
					]
				},
				{
					"name": "bowtie",
					"parent": "body",
					"pivot": [0, 1, 2],
					"cubes": [
						{
							"origin": [-2.5, 6.75755, -1.21577],
							"size": [5, 2, 0],
							"pivot": [0, 7.75755, -1.21577],
							"rotation": [-22.5, 0, 0],
							"uv": {
								"north": {"uv": [22, 9], "uv_size": [5, 2]},
								"east": {"uv": [0, 0], "uv_size": [0, 2]},
								"south": {"uv": [22, 11], "uv_size": [5, 2]},
								"west": {"uv": [0, 0], "uv_size": [0, 2]},
								"up": {"uv": [0, 0], "uv_size": [5, 0]},
								"down": {"uv": [0, 0], "uv_size": [5, 0]}
							}
						}
					]
				}
			]
		}
	]
}