{
	"format_version": "1.12.0",
	"minecraft:geometry": [
		{
			"description": {
				"identifier": "geometry.generator",
				"texture_width": 128,
				"texture_height": 128,
				"visible_bounds_width": 3,
				"visible_bounds_height": 3.5,
				"visible_bounds_offset": [0, 1.25, 0]
			},
			"bones": [
				{
					"name": "bb_main",
					"pivot": [0, 0, 0],
					"cubes": [
						{
							"origin": [-7, 4, -7],
							"size": [14, 16, 15],
							"uv": {
								"north": {"uv": [15, 15], "uv_size": [14, 16]},
								"east": {"uv": [0, 15], "uv_size": [15, 16]},
								"south": {"uv": [44, 15], "uv_size": [14, 16]},
								"west": {"uv": [29, 15], "uv_size": [15, 16]},
								"up": {"uv": [15, 0], "uv_size": [14, 15]},
								"down": {"uv": [29, 15], "uv_size": [14, -15]}
							}
						},
						{
							"origin": [-5, 5, -6],
							"size": [10, 2, 2],
							"uv": {
								"north": {"uv": [94, 73], "uv_size": [10, 2]},
								"east": {"uv": [92, 73], "uv_size": [2, 2]},
								"south": {"uv": [106, 73], "uv_size": [10, 2]},
								"west": {"uv": [104, 73], "uv_size": [2, 2]},
								"up": {"uv": [94, 71], "uv_size": [10, 2]},
								"down": {"uv": [104, 73], "uv_size": [10, -2]}
							}
						}
					]
				},
				{
					"name": "bone",
					"pivot": [0, 3, 0],
					"cubes": [
						{
							"origin": [-5, 3, -7],
							"size": [1, 1, 1],
							"uv": {
								"north": {"uv": [59, 30], "uv_size": [1, 1]},
								"east": {"uv": [58, 30], "uv_size": [1, 1]},
								"south": {"uv": [61, 30], "uv_size": [1, 1]},
								"west": {"uv": [60, 30], "uv_size": [1, 1]},
								"up": {"uv": [59, 29], "uv_size": [1, 1]},
								"down": {"uv": [60, 30], "uv_size": [1, -1]}
							}
						},
						{
							"origin": [-5, 3, 4],
							"size": [1, 1, 1],
							"uv": {
								"north": {"uv": [59, 30], "uv_size": [1, 1]},
								"east": {"uv": [58, 30], "uv_size": [1, 1]},
								"south": {"uv": [61, 30], "uv_size": [1, 1]},
								"west": {"uv": [60, 30], "uv_size": [1, 1]},
								"up": {"uv": [59, 29], "uv_size": [1, 1]},
								"down": {"uv": [60, 30], "uv_size": [1, -1]}
							}
						},
						{
							"origin": [4, 3, -7],
							"size": [1, 1, 1],
							"uv": {
								"north": {"uv": [59, 30], "uv_size": [1, 1]},
								"east": {"uv": [58, 30], "uv_size": [1, 1]},
								"south": {"uv": [61, 30], "uv_size": [1, 1]},
								"west": {"uv": [60, 30], "uv_size": [1, 1]},
								"up": {"uv": [59, 29], "uv_size": [1, 1]},
								"down": {"uv": [60, 30], "uv_size": [1, -1]}
							}
						},
						{
							"origin": [4, 3, 4],
							"size": [1, 1, 1],
							"uv": {
								"north": {"uv": [59, 30], "uv_size": [1, 1]},
								"east": {"uv": [58, 30], "uv_size": [1, 1]},
								"south": {"uv": [61, 30], "uv_size": [1, 1]},
								"west": {"uv": [60, 30], "uv_size": [1, 1]},
								"up": {"uv": [59, 29], "uv_size": [1, 1]},
								"down": {"uv": [60, 30], "uv_size": [1, -1]}
							}
						},
						{
							"origin": [7, 19, -7],
							"size": [2, 1, 13],
							"uv": {
								"north": {"uv": [71, 13], "uv_size": [2, 1]},
								"east": {"uv": [58, 13], "uv_size": [13, 1]},
								"south": {"uv": [86, 13], "uv_size": [2, 1]},
								"west": {"uv": [73, 13], "uv_size": [13, 1]},
								"up": {"uv": [71, 0], "uv_size": [2, 13]},
								"down": {"uv": [73, 13], "uv_size": [2, -13]}
							}
						},
						{
							"origin": [-9, 19, -7],
							"size": [2, 1, 13],
							"uv": {
								"north": {"uv": [73, 13], "uv_size": [-2, 1]},
								"east": {"uv": [86, 13], "uv_size": [-13, 1]},
								"south": {"uv": [88, 13], "uv_size": [-2, 1]},
								"west": {"uv": [71, 13], "uv_size": [-13, 1]},
								"up": {"uv": [73, 0], "uv_size": [-2, 13]},
								"down": {"uv": [75, 13], "uv_size": [-2, -13]}
							}
						},
						{
							"origin": [-9, 19, 6],
							"size": [18, 1, 2],
							"uv": {
								"north": {"uv": [60, 28], "uv_size": [18, 1]},
								"east": {"uv": [58, 28], "uv_size": [2, 1]},
								"south": {"uv": [80, 28], "uv_size": [18, 1]},
								"west": {"uv": [78, 28], "uv_size": [2, 1]},
								"up": {"uv": [60, 26], "uv_size": [18, 2]},
								"down": {"uv": [78, 28], "uv_size": [18, -2]}
							}
						},
						{
							"origin": [-6, 11, -4],
							"size": [12, 7, 11],
							"uv": {
								"north": {"uv": [11, 61], "uv_size": [12, 7]},
								"east": {"uv": [0, 61], "uv_size": [11, 7]},
								"south": {"uv": [34, 61], "uv_size": [12, 7]},
								"west": {"uv": [23, 61], "uv_size": [11, 7]},
								"up": {"uv": [11, 50], "uv_size": [12, 11]},
								"down": {"uv": [23, 61], "uv_size": [12, -11]}
							}
						},
						{
							"origin": [-4, 18, -7],
							"size": [8, 2, 8],
							"uv": {
								"north": {"uv": [72, 37], "uv_size": [8, 2]},
								"east": {"uv": [64, 37], "uv_size": [8, 2]},
								"south": {"uv": [88, 37], "uv_size": [8, 2]},
								"west": {"uv": [80, 37], "uv_size": [8, 2]},
								"up": {"uv": [72, 29], "uv_size": [8, 8]},
								"down": {"uv": [80, 37], "uv_size": [8, -8]}
							}
						},
						{
							"origin": [-1.89537, 20, -12.82066],
							"size": [6, 0, 8],
							"pivot": [1.10463, 20, -4.82066],
							"rotation": [-12.5, -52.5, 0],
							"uv": {
								"north": {"uv": [72, 47], "uv_size": [6, 0]},
								"east": {"uv": [64, 47], "uv_size": [8, 0]},
								"south": {"uv": [86, 47], "uv_size": [6, 0]},
								"west": {"uv": [78, 47], "uv_size": [8, 0]},
								"up": {"uv": [72, 39], "uv_size": [6, 8]},
								"down": {"uv": [78, 47], "uv_size": [6, -8]}
							}
						},
						{
							"origin": [-2, 20, -5],
							"size": [4, 1, 4],
							"uv": {
								"north": {"uv": [72, 70], "uv_size": [4, 1]},
								"east": {"uv": [68, 70], "uv_size": [4, 1]},
								"south": {"uv": [80, 70], "uv_size": [4, 1]},
								"west": {"uv": [76, 70], "uv_size": [4, 1]},
								"up": {"uv": [72, 66], "uv_size": [4, 4]},
								"down": {"uv": [76, 70], "uv_size": [4, -4]}
							}
						},
						{
							"origin": [-4, 18, 3],
							"size": [8, 4, 3],
							"uv": {
								"north": {"uv": [49, 69], "uv_size": [8, 4]},
								"east": {"uv": [46, 69], "uv_size": [3, 4]},
								"south": {"uv": [60, 69], "uv_size": [8, 4]},
								"west": {"uv": [57, 69], "uv_size": [3, 4]},
								"up": {"uv": [49, 66], "uv_size": [8, 3]},
								"down": {"uv": [57, 69], "uv_size": [8, -3]}
							}
						},
						{
							"origin": [-1, 22, 4.5],
							"size": [1, 1, 0],
							"uv": {
								"north": {"uv": [62, 29], "uv_size": [1, 1]},
								"east": {"uv": [62, 29], "uv_size": [0, 1]},
								"south": {"uv": [63, 29], "uv_size": [1, 1]},
								"west": {"uv": [63, 29], "uv_size": [0, 1]},
								"up": {"uv": [62, 29], "uv_size": [1, 0]},
								"down": {"uv": [63, 29], "uv_size": [1, 0]}
							}
						},
						{
							"origin": [1, 22, 4.5],
							"size": [3, 3, 1],
							"uv": {
								"north": {"uv": [98, 51], "uv_size": [3, 3]},
								"east": {"uv": [97, 51], "uv_size": [1, 3]},
								"south": {"uv": [102, 51], "uv_size": [3, 3]},
								"west": {"uv": [101, 51], "uv_size": [1, 3]},
								"up": {"uv": [98, 50], "uv_size": [3, 1]},
								"down": {"uv": [101, 51], "uv_size": [3, -1]}
							}
						},
						{
							"origin": [-6, 7, -9],
							"size": [12, 11, 5],
							"uv": {
								"north": {"uv": [51, 55], "uv_size": [12, 11]},
								"east": {"uv": [46, 55], "uv_size": [5, 11]},
								"south": {"uv": [68, 55], "uv_size": [12, 11]},
								"west": {"uv": [63, 55], "uv_size": [5, 11]},
								"up": {"uv": [51, 50], "uv_size": [12, 5]},
								"down": {"uv": [63, 55], "uv_size": [12, -5]}
							}
						},
						{
							"origin": [-5, 5, -4],
							"size": [10, 6, 6],
							"uv": {
								"north": {"uv": [64, 20], "uv_size": [10, 6]},
								"east": {"uv": [58, 20], "uv_size": [6, 6]},
								"south": {"uv": [80, 20], "uv_size": [10, 6]},
								"west": {"uv": [74, 20], "uv_size": [6, 6]},
								"up": {"uv": [64, 14], "uv_size": [10, 6]},
								"down": {"uv": [74, 20], "uv_size": [10, -6]}
							}
						},
						{
							"origin": [-2, 6, 2],
							"size": [4, 4, 2],
							"uv": {
								"north": {"uv": [18, 74], "uv_size": [4, 4]},
								"east": {"uv": [16, 74], "uv_size": [2, 4]},
								"south": {"uv": [24, 74], "uv_size": [4, 4]},
								"west": {"uv": [22, 74], "uv_size": [2, 4]},
								"up": {"uv": [18, 72], "uv_size": [4, 2]},
								"down": {"uv": [22, 74], "uv_size": [4, -2]}
							}
						},
						{
							"origin": [-1, 7, 4],
							"size": [2, 2, 6],
							"uv": {
								"north": {"uv": [73, 78], "uv_size": [2, 2]},
								"east": {"uv": [67, 78], "uv_size": [6, 2]},
								"south": {"uv": [81, 78], "uv_size": [2, 2]},
								"west": {"uv": [75, 78], "uv_size": [6, 2]},
								"up": {"uv": [73, 72], "uv_size": [2, 6]},
								"down": {"uv": [75, 78], "uv_size": [2, -6]}
							}
						},
						{
							"origin": [-1, 0, 8],
							"size": [2, 7, 2],
							"uv": {
								"north": {"uv": [38, 70], "uv_size": [2, 7]},
								"east": {"uv": [36, 70], "uv_size": [2, 7]},
								"south": {"uv": [42, 70], "uv_size": [2, 7]},
								"west": {"uv": [40, 70], "uv_size": [2, 7]},
								"up": {"uv": [38, 68], "uv_size": [2, 2]},
								"down": {"uv": [40, 70], "uv_size": [2, -2]}
							}
						},
						{
							"origin": [-2.5, 11, -10],
							"size": [5, 5, 1],
							"uv": {
								"north": {"uv": [59, 98], "uv_size": [5, 5]},
								"east": {"uv": [58, 98], "uv_size": [1, 5]},
								"south": {"uv": [65, 98], "uv_size": [5, 5]},
								"west": {"uv": [64, 98], "uv_size": [1, 5]},
								"up": {"uv": [59, 97], "uv_size": [5, 1]},
								"down": {"uv": [64, 98], "uv_size": [5, -1]}
							}
						}
					]
				},
				{
					"name": "bone2",
					"parent": "bone",
					"pivot": [8, 2, -6],
					"cubes": [
						{
							"origin": [-3, 22, 4.5],
							"size": [1, 1, 0],
							"uv": {
								"north": {"uv": [62, 30], "uv_size": [1, 1]},
								"east": {"uv": [62, 30], "uv_size": [0, 1]},
								"south": {"uv": [63, 30], "uv_size": [1, 1]},
								"west": {"uv": [63, 30], "uv_size": [0, 1]},
								"up": {"uv": [62, 30], "uv_size": [1, 0]},
								"down": {"uv": [63, 30], "uv_size": [1, 0]}
							}
						}
					]
				},
				{
					"name": "wooden_pallet",
					"parent": "bone",
					"pivot": [0.07692, 1.5, 0],
					"rotation": [0, -90, 0],
					"cubes": [
						{
							"origin": [-8, 0, 6],
							"size": [16, 3, 16],
							"pivot": [7, 0, 7],
							"rotation": [0, -90, 0],
							"uv": {
								"north": {"uv": [16, 47], "uv_size": [16, 3]},
								"east": {"uv": [0, 47], "uv_size": [16, 3]},
								"south": {"uv": [48, 47], "uv_size": [16, 3]},
								"west": {"uv": [32, 47], "uv_size": [16, 3]},
								"up": {"uv": [16, 31], "uv_size": [16, 16]},
								"down": {"uv": [32, 47], "uv_size": [16, -16]}
							}
						}
					]
				},
				{
					"name": "off",
					"parent": "bone",
					"pivot": [1.5, 11, -8.1],
					"cubes": [
						{
							"origin": [-2.5, 11, -9.1],
							"size": [5, 5, 0],
							"uv": {
								"north": {"uv": [75, 107], "uv_size": [5, 5]},
								"east": {"uv": [75, 107], "uv_size": [0, 5]},
								"south": {"uv": [80, 107], "uv_size": [5, 5]},
								"west": {"uv": [80, 107], "uv_size": [0, 5]},
								"up": {"uv": [75, 107], "uv_size": [5, 0]},
								"down": {"uv": [80, 107], "uv_size": [5, 0]}
							}
						}
					]
				},
				{
					"name": "on",
					"parent": "bone",
					"pivot": [1.5, 11, -8.1],
					"cubes": [
						{
							"origin": [-2.5, 11, -9.1],
							"size": [5, 5, 0],
							"uv": {
								"north": {"uv": [75, 98], "uv_size": [5, 5]},
								"east": {"uv": [75, 98], "uv_size": [0, 5]},
								"south": {"uv": [80, 98], "uv_size": [5, 5]},
								"west": {"uv": [80, 98], "uv_size": [0, 5]},
								"up": {"uv": [75, 98], "uv_size": [5, 0]},
								"down": {"uv": [80, 98], "uv_size": [5, 0]}
							}
						}
					]
				}
			]
		}
	]
}