{
	"format_version": "1.12.0",
	"minecraft:geometry": [
		{
			"description": {
				"identifier": "geometry.hallway_monitors_6",
				"texture_width": 64,
				"texture_height": 64,
				"visible_bounds_width": 3,
				"visible_bounds_height": 3.5,
				"visible_bounds_offset": [0, 1.25, 0]
			},
			"bones": [
				{
					"name": "bb_main",
					"pivot": [20, 0, 0],
					"cubes": [
						{
							"origin": [-4, 11, -2],
							"size": [8, 8, 8],
							"uv": {
								"north": {"uv": [54, 23], "uv_size": [8, 8]},
								"east": {"uv": [21, 45], "uv_size": [8, 8]},
								"south": {"uv": [18, 13], "uv_size": [8, 8]},
								"west": {"uv": [29, 45], "uv_size": [-8, 8]},
								"up": {"uv": [9, 45], "uv_size": [8, 8]},
								"down": {"uv": [30, 15], "uv_size": [8, -8]}
							}
						},
						{
							"origin": [-7, 0, -3],
							"size": [12, 11, 11],
							"uv": {
								"north": {"uv": [52, 10], "uv_size": [12, 11]},
								"east": {"uv": [19, 44], "uv_size": [11, 12]},
								"south": {"uv": [16, 12], "uv_size": [12, 12]},
								"west": {"uv": [30, 44], "uv_size": [-11, 12]},
								"up": {"uv": [7, 44], "uv_size": [12, 11]},
								"down": {"uv": [28, 10], "uv_size": [12, -4]}
							}
						},
						{
							"origin": [5, 0, -4],
							"size": [12, 11, 11],
							"uv": {
								"north": {"uv": [52, 10], "uv_size": [12, 11]},
								"east": {"uv": [19, 44], "uv_size": [11, 10]},
								"south": {"uv": [16, 12], "uv_size": [12, 12]},
								"west": {"uv": [30, 44], "uv_size": [-11, 10]},
								"up": {"uv": [7, 44], "uv_size": [12, 11]},
								"down": {"uv": [28, 16], "uv_size": [12, -10]}
							}
						},
						{
							"origin": [5, 11, -3],
							"size": [12, 5, 10],
							"uv": {
								"north": {"uv": [41, 40], "uv_size": [12, 5]},
								"east": {"uv": [20, 44], "uv_size": [10, 5]},
								"south": {"uv": [16, 13], "uv_size": [12, 5]},
								"west": {"uv": [30, 44], "uv_size": [-10, 5]},
								"up": {"uv": [7, 45], "uv_size": [12, 10]},
								"down": {"uv": [28, 16], "uv_size": [12, -10]}
							}
						}
					]
				},
				{
					"name": "faz-soda",
					"pivot": [8.16667, 16.5, 2],
					"rotation": [0, -157.5, 0],
					"cubes": [
						{
							"origin": [6, 16, 0],
							"size": [4, 5, 4],
							"uv": {
								"north": {"uv": [51, 50], "uv_size": [4, 5]},
								"east": {"uv": [55, 50], "uv_size": [-4, 5]},
								"south": {"uv": [51, 50], "uv_size": [4, 5]},
								"west": {"uv": [55, 50], "uv_size": [-4, 5]},
								"up": {"uv": [13, 29], "uv_size": [4, 4]},
								"down": {"uv": [54, 64], "uv_size": [4, -4]}
							}
						},
						{
							"origin": [6, 20, 0],
							"size": [4, 2, 4],
							"inflate": 0.1,
							"uv": {
								"north": {"uv": [59, 50], "uv_size": [4, 2]},
								"east": {"uv": [59, 50], "uv_size": [4, 2]},
								"south": {"uv": [59, 50], "uv_size": [4, 2]},
								"west": {"uv": [59, 50], "uv_size": [4, 2]},
								"up": {"uv": [54, 64], "uv_size": [-4, -4]},
								"down": {"uv": [59, 54], "uv_size": [-4, -4]}
							}
						},
						{
							"origin": [6, 21, 2],
							"size": [5, 5, 0],
							"uv": {
								"north": {"uv": [42, 50], "uv_size": [5, 5]}
							}
						}
					]
				}
			]
		}
	]
}