{
	"format_version": "1.12.0",
	"minecraft:geometry": [
		{
			"description": {
				"identifier": "geometry.hallway_wall_papers",
				"texture_width": 64,
				"texture_height": 64,
				"visible_bounds_width": 4,
				"visible_bounds_height": 5,
				"visible_bounds_offset": [0, 1.5, 0]
			},
			"bones": [
				{
					"name": "bb_main2",
					"pivot": [0, 0, 0],
					"cubes": [
						{
							"origin": [-11, 18, 7.3],
							"size": [7, 6, 0],
							"pivot": [-7.5, 18.77556, 7.10589],
							"rotation": [-2, 0, 0],
							"uv": {
								"north": {"uv": [40, 1], "uv_size": [7, 6]}
							}
						},
						{
							"origin": [-5, 12, 6.8],
							"size": [8, 8, 0],
							"pivot": [-1, 13.27556, 6.60589],
							"rotation": [-2, 0, 0],
							"uv": {
								"north": {"uv": [48, 1], "uv_size": [8, 8]}
							}
						},
						{
							"origin": [1, 16, 7.2],
							"size": [7, 6, 0],
							"pivot": [4.5, 16.77556, 7.00589],
							"rotation": [-2, 0, 0],
							"uv": {
								"north": {"uv": [40, 21], "uv_size": [7, 6]}
							}
						},
						{
							"origin": [4, 3, 7.4],
							"size": [7, 6, 0],
							"pivot": [7.5, 3.77556, 7.20589],
							"rotation": [-2, 0, 0],
							"uv": {
								"north": {"uv": [48, 13], "uv_size": [7, 6]}
							}
						},
						{
							"origin": [10, 13, 7.7],
							"size": [5, 5, 0],
							"pivot": [12.5, 13.52556, 7.50589],
							"rotation": [-2, 0, 0],
							"uv": {
								"north": {"uv": [57, 10], "uv_size": [5, 5]}
							}
						},
						{
							"origin": [-8, 3, 6.7],
							"size": [5, 5, 0],
							"pivot": [-5.5, 3.52556, 6.50589],
							"rotation": [-2, 0, 0],
							"uv": {
								"north": {"uv": [57, 1], "uv_size": [5, 5]}
							}
						},
						{
							"origin": [-13, 5, 7.3],
							"size": [7, 6, 0],
							"pivot": [-9.5, 5.77556, 7.10589],
							"rotation": [-2, 0, 0],
							"uv": {
								"north": {"uv": [40, 11], "uv_size": [7, 6]}
							}
						},
						{
							"origin": [-11, 15.07667, 7.49411],
							"size": [7, 3, 0],
							"pivot": [-7.5, 18.77556, 7.10589],
							"rotation": [-17, 0, 0],
							"uv": {
								"north": {"uv": [40, 7], "uv_size": [7, 3]}
							}
						},
						{
							"origin": [1, 13.07667, 7.39411],
							"size": [7, 3, 0],
							"pivot": [4.5, 16.77556, 7.00589],
							"rotation": [-17, 0, 0],
							"uv": {
								"north": {"uv": [40, 27], "uv_size": [7, 3]}
							}
						},
						{
							"origin": [10, 10.06815, 7.82941],
							"size": [5, 3, 0],
							"pivot": [12.5, 13.52556, 7.50589],
							"rotation": [-17, 0, 0],
							"uv": {
								"north": {"uv": [57, 15], "uv_size": [5, 3]}
							}
						},
						{
							"origin": [4, 0.07667, 7.59411],
							"size": [7, 3, 0],
							"pivot": [7.5, 3.77556, 7.20589],
							"rotation": [-17, 0, 0],
							"uv": {
								"north": {"uv": [48, 19], "uv_size": [7, 3]}
							}
						},
						{
							"origin": [-5, 9.0937, 7.12352],
							"size": [8, 3, 0],
							"pivot": [-1, 13.27556, 6.60589],
							"rotation": [-17, 0, 0],
							"uv": {
								"north": {"uv": [48, 9], "uv_size": [8, 3]}
							}
						},
						{
							"origin": [-8, 0.06815, 6.82941],
							"size": [5, 3, 0],
							"pivot": [-5.5, 3.52556, 6.50589],
							"rotation": [-17, 0, 0],
							"uv": {
								"north": {"uv": [57, 6], "uv_size": [5, 3]}
							}
						},
						{
							"origin": [-13, 2.07667, 7.49411],
							"size": [7, 3, 0],
							"pivot": [-9.5, 5.77556, 7.10589],
							"rotation": [-17, 0, 0],
							"uv": {
								"north": {"uv": [40, 17], "uv_size": [7, 3]}
							}
						}
					]
				},
				{
					"name": "bb_main",
					"pivot": [0, 0, 0],
					"cubes": [
						{
							"origin": [-1, 0, -0.1],
							"size": [2, 2, 2],
							"uv": {}
						}
					]
				}
			]
		}
	]
}