{
	"format_version": "1.12.0",
	"minecraft:geometry": [
		{
			"description": {
				"identifier": "geometry.hallwall_decors",
				"texture_width": 32,
				"texture_height": 32,
				"visible_bounds_width": 3,
				"visible_bounds_height": 2.5,
				"visible_bounds_offset": [0, 0.75, 0]
			},
			"bones": [
				{
					"name": "bb_main",
					"pivot": [0, 0, 0],
					"cubes": [
						{
							"origin": [-15, -8, 7],
							"size": [30, 21, 0],
							"uv": {
								"north": {"uv": [0, 0], "uv_size": [30, 21]}
							}
						},
						{
							"origin": [-13, 5, 6.6],
							"size": [5, 5, 0],
							"pivot": [-10.5, 8.5, 6.6],
							"rotation": [0, 0, 10],
							"uv": {
								"north": {"uv": [0, 25], "uv_size": [5, 5]}
							}
						},
						{
							"origin": [-3, 4, 6.6],
							"size": [5, 5, 0],
							"uv": {
								"north": {"uv": [5, 20], "uv_size": [5, 5]}
							}
						},
						{
							"origin": [8, 6, 6.6],
							"size": [5, 5, 0],
							"pivot": [10.5, 8.5, 6.6],
							"rotation": [0, 0, -10],
							"uv": {
								"north": {"uv": [9, 27], "uv_size": [5, 5]}
							}
						},
						{
							"origin": [-1, 0, -1],
							"size": [2, 2, 2],
							"uv": {}
						}
					]
				}
			]
		}
	]
}