{
	"format_version": "1.12.0",
	"minecraft:geometry": [
		{
			"description": {
				"identifier": "geometry.hallway_drawings",
				"texture_width": 64,
				"texture_height": 64,
				"visible_bounds_width": 3,
				"visible_bounds_height": 2.5,
				"visible_bounds_offset": [0, 0.75, 0]
			},
			"bones": [
				{
					"name": "wall_drawings",
					"pivot": [0, -2, 0],
					"cubes": [
						{
							"origin": [-11, 8.35847, 7.57142],
							"size": [7, 6, 0],
							"pivot": [0, 4.35847, -0.42858],
							"rotation": [-2.5, 0, 0],
							"uv": {
								"north": {"uv": [9, 40], "uv_size": [7, 6]}
							}
						},
						{
							"origin": [-11, 5.00571, 7.73828],
							"size": [7, 3, 0],
							"pivot": [-17.5, 8.00571, 7.73828],
							"rotation": [-15, 0, 0],
							"uv": {
								"north": {"uv": [9, 46], "uv_size": [7, 3]}
							}
						},
						{
							"origin": [-8, 13.5, 7.5],
							"size": [1, 1, 0],
							"uv": {
								"north": {"uv": [1, 51], "uv_size": [1, 1]}
							}
						},
						{
							"origin": [-4, 15.36514, 7.26608],
							"size": [7, 6, 0],
							"pivot": [0, 4.36514, -0.73392],
							"rotation": [-2.5, 0, 0],
							"uv": {
								"north": {"uv": [1, 40], "uv_size": [7, 6]}
							}
						},
						{
							"origin": [-4, 12.00571, 7.73828],
							"size": [7, 3, 0],
							"pivot": [-10.5, 15.00571, 7.73828],
							"rotation": [-15, 0, 0],
							"uv": {
								"north": {"uv": [1, 46], "uv_size": [7, 3]}
							}
						},
						{
							"origin": [-1, 20.5, 7.5],
							"size": [1, 1, 0],
							"uv": {
								"north": {"uv": [1, 51], "uv_size": [1, 1]}
							}
						},
						{
							"origin": [-3, 2.35276, 7.83314],
							"size": [7, 6, 0],
							"pivot": [0, 4.35276, -0.16686],
							"rotation": [-2.5, 0, 0],
							"uv": {
								"north": {"uv": [1, 30], "uv_size": [7, 6]}
							}
						},
						{
							"origin": [-3, -0.99429, 7.73828],
							"size": [7, 3, 0],
							"pivot": [-9.5, 2.00571, 7.73828],
							"rotation": [-15, 0, 0],
							"uv": {
								"north": {"uv": [1, 36], "uv_size": [7, 3]}
							}
						},
						{
							"origin": [0, 7.5, 7.5],
							"size": [1, 1, 0],
							"uv": {
								"north": {"uv": [1, 51], "uv_size": [1, 1]}
							}
						},
						{
							"origin": [1, 10.36038, 7.48418],
							"size": [7, 6, 0],
							"pivot": [0, 4.36038, -0.51582],
							"rotation": [-2.5, 0, 0],
							"uv": {
								"north": {"uv": [9, 30], "uv_size": [7, 6]}
							}
						},
						{
							"origin": [1, 7.00571, 7.73828],
							"size": [7, 3, 0],
							"pivot": [-5.5, 10.00571, 7.73828],
							"rotation": [-25, 0, 0],
							"uv": {
								"north": {"uv": [9, 36], "uv_size": [7, 3]}
							}
						},
						{
							"origin": [4, 15.5, 7.5],
							"size": [1, 1, 0],
							"uv": {
								"north": {"uv": [1, 51], "uv_size": [1, 1]}
							}
						},
						{
							"origin": [5, 1.35181, 7.87676],
							"size": [7, 6, 0],
							"pivot": [0, 4.35181, -0.12324],
							"rotation": [-2.5, 0, 0],
							"uv": {
								"north": {"uv": [17, 40], "uv_size": [7, 6]}
							}
						},
						{
							"origin": [5, -1.99429, 7.73828],
							"size": [7, 3, 0],
							"pivot": [-1.5, 1.00571, 7.73828],
							"rotation": [-25, 0, 0],
							"uv": {
								"north": {"uv": [17, 46], "uv_size": [7, 3]}
							}
						},
						{
							"origin": [8, 6.5, 7.5],
							"size": [1, 1, 0],
							"uv": {
								"north": {"uv": [1, 51], "uv_size": [1, 1]}
							}
						}
					]
				},
				{
					"name": "wall_drawings_2",
					"pivot": [-16, 4, 0],
					"cubes": [
						{
							"origin": [-9, 18.67784, 4.82222],
							"size": [7, 6, 0],
							"pivot": [-16, 5.67784, -3.17778],
							"rotation": [-10, 0, 0],
							"uv": {
								"north": {"uv": [17, 30], "uv_size": [7, 6]}
							}
						},
						{
							"origin": [-9, 14.09115, 6.95811],
							"size": [7, 3, 0],
							"pivot": [-15.5, 17.09115, 6.95811],
							"rotation": [-35, 0, 0],
							"uv": {
								"north": {"uv": [17, 35], "uv_size": [7, 3]}
							}
						},
						{
							"origin": [-6, 22.5, 7.5],
							"size": [1, 1, 0],
							"uv": {
								"north": {"uv": [1, 51], "uv_size": [1, 1]}
							}
						},
						{
							"origin": [-2, 14.75813, 6.63595],
							"size": [7, 6, 0],
							"pivot": [-16, 4.75813, -1.36405],
							"rotation": [-5, 0, 0],
							"uv": {
								"north": {"uv": [25, 30], "uv_size": [7, 6]}
							}
						},
						{
							"origin": [-2, 11.02283, 7.47707],
							"size": [7, 3, 0],
							"pivot": [-8.5, 14.02283, 7.47707],
							"rotation": [-17.5, 0, 0],
							"uv": {
								"north": {"uv": [25, 36], "uv_size": [7, 3]}
							}
						},
						{
							"origin": [1, 19.5, 7.5],
							"size": [1, 1, 0],
							"uv": {
								"north": {"uv": [1, 51], "uv_size": [1, 1]}
							}
						},
						{
							"origin": [6, 10.36038, 6.98418],
							"size": [7, 6, 0],
							"pivot": [-16, 4.36038, -1.01582],
							"rotation": [-2.5, 0, 0],
							"uv": {
								"north": {"uv": [33, 30], "uv_size": [7, 6]}
							}
						},
						{
							"origin": [6, 7.00571, 7.23828],
							"size": [7, 3, 0],
							"pivot": [-0.5, 10.00571, 7.23828],
							"rotation": [-15, 0, 0],
							"uv": {
								"north": {"uv": [33, 36], "uv_size": [7, 3]}
							}
						},
						{
							"origin": [9, 15.5, 7],
							"size": [1, 1, 0],
							"uv": {
								"north": {"uv": [1, 51], "uv_size": [1, 1]}
							}
						},
						{
							"origin": [1, 3.71627, 7.59466],
							"size": [7, 6, 0],
							"pivot": [-16, 4.71627, -0.40534],
							"rotation": [-5, 0, 0],
							"uv": {
								"north": {"uv": [25, 40], "uv_size": [7, 6]}
							}
						},
						{
							"origin": [1, 0.02283, 7.47707],
							"size": [7, 3, 0],
							"pivot": [-5.5, 3.02283, 7.47707],
							"rotation": [-27.5, 0, 0],
							"uv": {
								"north": {"uv": [25, 46], "uv_size": [7, 3]}
							}
						},
						{
							"origin": [4, 8.5, 7.5],
							"size": [1, 1, 0],
							"uv": {
								"north": {"uv": [1, 51], "uv_size": [1, 1]},
								"east": {"uv": [1, 51], "uv_size": [0, 1]},
								"south": {"uv": [2, 51], "uv_size": [1, 1]},
								"west": {"uv": [2, 51], "uv_size": [0, 1]},
								"up": {"uv": [1, 51], "uv_size": [1, 0]},
								"down": {"uv": [2, 51], "uv_size": [1, 0]}
							}
						},
						{
							"origin": [-6, 8.94485, 6.24168],
							"size": [7, 6, 0],
							"pivot": [-16, 5.94485, -1.75832],
							"rotation": [-12.5, 0, 0],
							"uv": {
								"north": {"uv": [33, 40], "uv_size": [7, 6]}
							}
						},
						{
							"origin": [-6, 4.14222, 6.70136],
							"size": [7, 3, 0],
							"pivot": [-12.5, 7.14222, 6.70136],
							"rotation": [-40, 0, 0],
							"uv": {
								"north": {"uv": [33, 46], "uv_size": [7, 3]}
							}
						},
						{
							"origin": [-3, 12.5, 7.5],
							"size": [1, 1, 0],
							"uv": {
								"north": {"uv": [1, 51], "uv_size": [1, 1]},
								"east": {"uv": [1, 51], "uv_size": [0, 1]},
								"south": {"uv": [2, 51], "uv_size": [1, 1]},
								"west": {"uv": [2, 51], "uv_size": [0, 1]},
								"up": {"uv": [1, 51], "uv_size": [1, 0]},
								"down": {"uv": [2, 51], "uv_size": [1, 0]}
							}
						}
					]
				}
			]
		}
	]
}