{
	"format_version": "1.12.0",
	"minecraft:geometry": [
		{
			"description": {
				"identifier": "geometry.hallway_light",
				"texture_width": 64,
				"texture_height": 64,
				"visible_bounds_width": 2,
				"visible_bounds_height": 2.5,
				"visible_bounds_offset": [0, 0.75, 0]
			},
			"bones": [
				{
					"name": "bb_main",
					"pivot": [0, 2, 0],
					"cubes": [
						{
							"origin": [-7, 2, -7],
							"size": [14, 2, 14],
							"uv": {
								"north": {"uv": [14, 24], "uv_size": [14, 2]},
								"east": {"uv": [26, 0], "uv_size": [14, 2]},
								"south": {"uv": [26, 2], "uv_size": [14, 2]},
								"west": {"uv": [26, 4], "uv_size": [14, 2]},
								"up": {"uv": [0, 0], "uv_size": [14, 14]},
								"down": {"uv": [0, 28], "uv_size": [14, -14]}
							}
						},
						{
							"origin": [-6, 0, -6],
							"size": [12, 2, 12],
							"uv": {
								"north": {"uv": [26, 6], "uv_size": [12, 2]},
								"east": {"uv": [26, 6], "uv_size": [12, 2]},
								"south": {"uv": [26, 6], "uv_size": [12, 2]},
								"west": {"uv": [26, 6], "uv_size": [12, 2]},
								"up": {"uv": [14, 0], "uv_size": [12, 12]},
								"down": {"uv": [14, 24], "uv_size": [12, -12]}
							}
						}
					]
				}
			]
		}
	]
}