{
	"format_version": "1.12.0",
	"minecraft:geometry": [
		{
			"description": {
				"identifier": "geometry.kitchencounter_upper_drawers_corner",
				"texture_width": 64,
				"texture_height": 64,
				"visible_bounds_width": 2,
				"visible_bounds_height": 2.5,
				"visible_bounds_offset": [0, 0.75, 0]
			},
			"bones": [
				{
					"name": "bb_main",
					"pivot": [0, 0, 0],
					"cubes": [
						{
							"origin": [-8, 0, -8],
							"size": [8, 16, 8],
							"uv": {
								"north": {"uv": [32, 8], "uv_size": [8, 16]},
								"east": {"uv": [0, 8], "uv_size": [8, 16]},
								"south": {"uv": [32, 8], "uv_size": [16, 16]},
								"west": {"uv": [0, 8], "uv_size": [8, 16]},
								"up": {"uv": [0, 56], "uv_size": [8, 8]},
								"down": {"uv": [0, 64], "uv_size": [8, -8]}
							}
						},
						{
							"origin": [-8, 0, 0],
							"size": [16, 16, 8],
							"uv": {
								"north": {"uv": [24, 8], "uv_size": [16, 16]},
								"east": {"uv": [0, 8], "uv_size": [8, 16]},
								"south": {"uv": [32, 8], "uv_size": [16, 16]},
								"west": {"uv": [24, 8], "uv_size": [8, 16]},
								"up": {"uv": [0, 48], "uv_size": [16, 8]},
								"down": {"uv": [0, 56], "uv_size": [16, -8]}
							}
						}
					]
				}
			]
		}
	]
}