{
	"format_version": "1.12.0",
	"minecraft:geometry": [
		{
			"description": {
				"identifier": "geometry.kitchencounter_upper_drawers",
				"texture_width": 64,
				"texture_height": 64,
				"visible_bounds_width": 2,
				"visible_bounds_height": 2.5,
				"visible_bounds_offset": [0, 0.75, 0]
			},
			"bones": [
				{
					"name": "closed",
					"pivot": [6, 1, 0.9],
					"cubes": [
						{
							"origin": [-8, 0, 0],
							"size": [16, 16, 8],
							"uv": {
								"north": {"uv": [8, 8], "uv_size": [16, 16]},
								"east": {"uv": [0, 8], "uv_size": [8, 16]},
								"south": {"uv": [32, 8], "uv_size": [16, 16]},
								"west": {"uv": [24, 8], "uv_size": [8, 16]},
								"up": {"uv": [8, 0], "uv_size": [16, 8]},
								"down": {"uv": [24, 8], "uv_size": [16, -8]}
							}
						},
						{
							"origin": [-7, 1, -0.1],
							"size": [14, 13, 0],
							"uv": {
								"north": {"uv": [0, 24], "uv_size": [14, 13]},
								"east": {"uv": [0, 24], "uv_size": [0, 13]},
								"south": {"uv": [14, 24], "uv_size": [14, 13]},
								"west": {"uv": [14, 24], "uv_size": [0, 13]},
								"up": {"uv": [0, 24], "uv_size": [14, 0]},
								"down": {"uv": [14, 24], "uv_size": [14, 0]}
							}
						}
					]
				},
				{
					"name": "open",
					"pivot": [-8, 1, -7],
					"cubes": [
						{
							"origin": [-8, 0, 0],
							"size": [16, 16, 8],
							"uv": {
								"north": {"uv": [8, 8], "uv_size": [16, 16]},
								"east": {"uv": [0, 8], "uv_size": [8, 16]},
								"south": {"uv": [32, 8], "uv_size": [16, 16]},
								"west": {"uv": [24, 8], "uv_size": [8, 16]},
								"up": {"uv": [8, 0], "uv_size": [16, 8]},
								"down": {"uv": [24, 8], "uv_size": [16, -8]}
							}
						},
						{
							"origin": [-7, 1, -7],
							"size": [0, 13, 7],
							"uv": {
								"north": {"uv": [36, 32], "uv_size": [0, 13]},
								"east": {"uv": [29, 32], "uv_size": [7, 13]},
								"south": {"uv": [43, 32], "uv_size": [0, 13]},
								"west": {"uv": [36, 32], "uv_size": [7, 13]},
								"up": {"uv": [36, 25], "uv_size": [0, 7]},
								"down": {"uv": [36, 32], "uv_size": [0, -7]}
							}
						},
						{
							"origin": [7, 1, -7],
							"size": [0, 13, 7],
							"uv": {
								"north": {"uv": [36, 47], "uv_size": [0, 13]},
								"east": {"uv": [29, 47], "uv_size": [7, 13]},
								"south": {"uv": [43, 47], "uv_size": [0, 13]},
								"west": {"uv": [36, 47], "uv_size": [7, 13]},
								"up": {"uv": [36, 40], "uv_size": [0, 7]},
								"down": {"uv": [36, 47], "uv_size": [0, -7]}
							}
						}
					]
				}
			]
		}
	]
}