{
	"format_version": "1.12.0",
	"minecraft:geometry": [
		{
			"description": {
				"identifier": "geometry.microphone_stand",
				"texture_width": 24,
				"texture_height": 24,
				"visible_bounds_width": 2,
				"visible_bounds_height": 3.5,
				"visible_bounds_offset": [0, 1.25, 0]
			},
			"bones": [
				{
					"name": "microphone_stand",
					"pivot": [0, 11.93788, 0],
					"cubes": [
						{
							"origin": [-1, 21.65, -1],
							"size": [2, 1, 2],
							"inflate": 0.3,
							"uv": {
								"east": {"uv": [10, 4], "uv_size": [2, 1]},
								"west": {"uv": [10, 5], "uv_size": [2, 1]},
								"down": {"uv": [8, 6], "uv_size": [2, -2]}
							}
						},
						{
							"origin": [0, 13.35, -0.5],
							"size": [0, 8, 1],
							"uv": {
								"north": {"uv": [7, 4], "uv_size": [1, 8]},
								"east": {"uv": [7, 4], "uv_size": [1, 8]},
								"south": {"uv": [7, 4], "uv_size": [1, 8]},
								"west": {"uv": [7, 4], "uv_size": [1, 8]}
							}
						},
						{
							"origin": [-1, 0.25151, -1],
							"size": [2, 14, 2],
							"inflate": 0.1,
							"uv": {
								"north": {"uv": [0, 7], "uv_size": [2, 14]},
								"east": {"uv": [4, 7], "uv_size": [-2, 14]},
								"south": {"uv": [2, 7], "uv_size": [-2, 14]},
								"west": {"uv": [2, 7], "uv_size": [2, 14]},
								"up": {"uv": [2, 23], "uv_size": [-2, -2]}
							}
						},
						{
							"origin": [-3.5, 0.1, -3.5],
							"size": [7, 0, 7],
							"uv": {
								"up": {"uv": [0, 0], "uv_size": [7, 7]}
							}
						}
					]
				},
				{
					"name": "microphone",
					"parent": "microphone_stand",
					"pivot": [-0.02227, 22.55, 2.89267],
					"rotation": [-90, 0, 0],
					"cubes": [
						{
							"origin": [-1.5334, 22.21458, 1.39267],
							"size": [3, 3, 3],
							"inflate": 0.1,
							"uv": {
								"north": {"uv": [17, 0], "uv_size": [3, 3]},
								"east": {"uv": [17, 0], "uv_size": [3, 3]},
								"south": {"uv": [17, 0], "uv_size": [3, 3]},
								"west": {"uv": [17, 0], "uv_size": [3, 3]}
							}
						},
						{
							"origin": [-1.5334, 22.21458, 1.39267],
							"size": [3, 3, 3],
							"uv": {
								"north": {"uv": [13, 0], "uv_size": [3, 3]},
								"east": {"uv": [13, 0], "uv_size": [3, 3]},
								"south": {"uv": [13, 0], "uv_size": [3, 3]},
								"west": {"uv": [13, 0], "uv_size": [3, 3]},
								"up": {"uv": [7, 0], "uv_size": [3, 3]},
								"down": {"uv": [10, 3], "uv_size": [3, -3]}
							}
						},
						{
							"origin": [-1, 17.72083, 1.89267],
							"size": [2, 5, 2],
							"uv": {
								"north": {"uv": [13, 3], "uv_size": [2, 5]},
								"east": {"uv": [13, 3], "uv_size": [2, 5]},
								"south": {"uv": [13, 3], "uv_size": [2, 5]},
								"west": {"uv": [13, 3], "uv_size": [2, 5]},
								"up": {"uv": [13, 3], "uv_size": [2, 2]},
								"down": {"uv": [13, 10], "uv_size": [2, -2]}
							}
						}
					]
				}
			]
		}
	]
}