{
	"format_version": "1.12.0",
	"minecraft:geometry": [
		{
			"description": {
				"identifier": "geometry.monitors",
				"texture_width": 16,
				"texture_height": 16,
				"visible_bounds_width": 3,
				"visible_bounds_height": 2.5,
				"visible_bounds_offset": [0, 0.75, 0]
			},
			"bones": [
				{
					"name": "monitors",
					"pivot": [34, 11, 1]
				},
				{
					"name": "right",
					"parent": "monitors",
					"pivot": [41, 12, 4],
					"cubes": [
						{
							"origin": [-4, 8, 0],
							"size": [9, 4, 7],
							"pivot": [0.5, 10, 3.5],
							"rotation": [0, 12.5, 0],
							"uv": {
								"north": {"uv": [2, 15], "uv_size": [2.25, 1]},
								"east": {"uv": [9.5, 10], "uv_size": [1.75, 1]},
								"south": {"uv": [11.25, 10], "uv_size": [2.25, 1]},
								"west": {"uv": [9.5, 10], "uv_size": [1.75, 1]},
								"up": {"uv": [11.75, 12.75], "uv_size": [-2.25, -1.75]},
								"down": {"uv": [11.75, 12.75], "uv_size": [-2.25, -1.75]}
							}
						},
						{
							"origin": [-3, 0, 0],
							"size": [8, 8, 7],
							"uv": {
								"north": {"uv": [7.5, 14], "uv_size": [2, 2]},
								"east": {"uv": [14, 14], "uv_size": [1.75, 2]},
								"south": {"uv": [14, 10.25], "uv_size": [2, 2]},
								"west": {"uv": [14, 14], "uv_size": [1.75, 2]},
								"up": {"uv": [16, 14], "uv_size": [-2, -1.75]},
								"down": {"uv": [16, 14], "uv_size": [-2, -1.75]}
							}
						},
						{
							"origin": [-10, 0, 2],
							"size": [7, 7, 7],
							"uv": {
								"north": {"uv": [4.25, 14.25], "uv_size": [1.75, 1.75]},
								"east": {"uv": [9.5, 12.75], "uv_size": [1.75, 1.75]},
								"south": {"uv": [11.25, 12.75], "uv_size": [1.75, 1.75]},
								"west": {"uv": [9.5, 12.75], "uv_size": [1.75, 1.75]},
								"up": {"uv": [6, 14.25], "uv_size": [-1.75, -1.75]},
								"down": {"uv": [6, 14.25], "uv_size": [-1.75, -1.75]}
							}
						},
						{
							"origin": [-9, 7, 3],
							"size": [6, 6, 6],
							"uv": {
								"north": {"uv": [6, 14.5], "uv_size": [1.5, 1.5]},
								"east": {"uv": [11, 14.5], "uv_size": [1.5, 1.5]},
								"south": {"uv": [12.5, 14.5], "uv_size": [1.5, 1.5]},
								"west": {"uv": [11, 14.5], "uv_size": [1.5, 1.5]},
								"up": {"uv": [11, 16], "uv_size": [-1.5, -1.5]},
								"down": {"uv": [11, 16], "uv_size": [-1.5, -1.5]}
							}
						}
					]
				},
				{
					"name": "left",
					"parent": "monitors",
					"pivot": [16, 3, 5],
					"cubes": [
						{
							"origin": [-4, 0, 1],
							"size": [8, 8, 7],
							"pivot": [0, 4, 4.5],
							"rotation": [0, -15, 0],
							"uv": {
								"north": {"uv": [0, 14], "uv_size": [2, 2]},
								"east": {"uv": [0, 12], "uv_size": [1.75, 2]},
								"south": {"uv": [1.75, 12], "uv_size": [2, 2]},
								"west": {"uv": [0, 12], "uv_size": [1.75, 2]},
								"up": {"uv": [2, 12], "uv_size": [-2, -1.75]},
								"down": {"uv": [2, 12], "uv_size": [-2, -1.75]}
							}
						},
						{
							"origin": [5, 0, 1],
							"size": [9, 4, 7],
							"uv": {
								"north": {"uv": [2, 15], "uv_size": [2.25, 1]},
								"east": {"uv": [9.5, 10], "uv_size": [1.75, 1]},
								"south": {"uv": [11.25, 10], "uv_size": [2.25, 1]},
								"west": {"uv": [9.5, 10], "uv_size": [1.75, 1]},
								"up": {"uv": [11.75, 12.75], "uv_size": [-2.25, -1.75]},
								"down": {"uv": [11.75, 12.75], "uv_size": [-2.25, -1.75]}
							}
						},
						{
							"origin": [7, 4, 1],
							"size": [7, 7, 7],
							"pivot": [10.5, 7.5, 4.5],
							"rotation": [0, 12.5, 0],
							"uv": {
								"north": {"uv": [4.25, 14.25], "uv_size": [1.75, 1.75]},
								"east": {"uv": [9.5, 12.75], "uv_size": [1.75, 1.75]},
								"south": {"uv": [11.25, 12.75], "uv_size": [1.75, 1.75]},
								"west": {"uv": [9.5, 12.75], "uv_size": [1.75, 1.75]},
								"up": {"uv": [6, 14.25], "uv_size": [-1.75, -1.75]},
								"down": {"uv": [6, 14.25], "uv_size": [-1.75, -1.75]}
							}
						},
						{
							"origin": [13, 0, 2],
							"size": [6, 6, 6],
							"pivot": [16, 3, 5],
							"rotation": [0, -10, 0],
							"uv": {
								"north": {"uv": [6, 14.5], "uv_size": [1.5, 1.5]},
								"east": {"uv": [11, 14.5], "uv_size": [1.5, 1.5]},
								"south": {"uv": [12.5, 14.5], "uv_size": [1.5, 1.5]},
								"west": {"uv": [11, 14.5], "uv_size": [1.5, 1.5]},
								"up": {"uv": [11, 16], "uv_size": [-1.5, -1.5]},
								"down": {"uv": [11, 16], "uv_size": [-1.5, -1.5]}
							}
						}
					]
				}
			]
		}
	]
}