{
	"format_version": "1.12.0",
	"minecraft:geometry": [
		{
			"description": {
				"identifier": "geometry.more_fnaf_n_ffd_poster",
				"texture_width": 32,
				"texture_height": 32,
				"visible_bounds_width": 3,
				"visible_bounds_height": 3.5,
				"visible_bounds_offset": [0, 1.25, 0]
			},
			"bones": [
				{
					"name": "poster",
					"pivot": [0, 5.06942, 7.44894],
					"cubes": [
						{
							"origin": [-10, -5, 7.9],
							"size": [20, 28, 0],
							"uv": {
								"north": {"uv": [0, 0], "uv_size": [20, 28]}
							}
						}
					]
				},
				{
					"name": "bb_main",
					"pivot": [0, 0, 0],
					"cubes": [
						{
							"origin": [-1, 0, -1],
							"size": [2, 2, 2],
							"uv": {
								"north": {"uv": [26, 30], "uv_size": [2, 2]},
								"east": {"uv": [24, 30], "uv_size": [2, 2]},
								"south": {"uv": [30, 30], "uv_size": [2, 2]},
								"west": {"uv": [28, 30], "uv_size": [2, 2]},
								"up": {"uv": [26, 28], "uv_size": [2, 2]},
								"down": {"uv": [28, 30], "uv_size": [2, -2]}
							}
						}
					]
				}
			]
		}
	]
}