{
	"format_version": "1.12.0",
	"minecraft:geometry": [
		{
			"description": {
				"identifier": "geometry.office_drawings",
				"texture_width": 16,
				"texture_height": 16,
				"visible_bounds_width": 4,
				"visible_bounds_height": 3.5,
				"visible_bounds_offset": [0, 1.25, 0]
			},
			"bones": [
				{
					"name": "bb_main",
					"pivot": [0, 1, 0],
					"cubes": [
						{
							"origin": [-1, 0, -1],
							"size": [2, 2, 2],
							"uv": {}
						}
					]
				},
				{
					"name": "office_drawings",
					"pivot": [-5.63636, 16.58731, 7.3025],
					"cubes": [
						{
							"origin": [3, 22.5, 7.5],
							"size": [1, 1, 0],
							"uv": {
								"north": {"uv": [6.25, 12.75], "uv_size": [0.25, 0.25]},
								"east": {"uv": [6.25, 12.75], "uv_size": [0, 0.25]},
								"south": {"uv": [6.5, 12.75], "uv_size": [0.25, 0.25]},
								"west": {"uv": [6.5, 12.75], "uv_size": [0, 0.25]},
								"up": {"uv": [6.25, 12.75], "uv_size": [0.25, 0]},
								"down": {"uv": [6.5, 12.75], "uv_size": [0.25, 0]}
							}
						},
						{
							"origin": [-8, 21.78477, 6.02586],
							"size": [7, 6, 0],
							"pivot": [0, 4.78477, -1.97414],
							"rotation": [-5, 0, 0],
							"uv": {
								"north": {"uv": [12.25, 7.5], "uv_size": [1.75, 1.5]}
							}
						},
						{
							"origin": [-8, 18.02283, 7.47707],
							"size": [7, 3, 0],
							"pivot": [-4.5, 21.02283, 7.47707],
							"rotation": [-17.5, 0, 0],
							"uv": {
								"north": {"uv": [12.25, 9], "uv_size": [1.75, 0.75]}
							}
						},
						{
							"origin": [-5, 26.5, 7.5],
							"size": [1, 1, 0],
							"uv": {
								"east": {"uv": [6.25, 12.75], "uv_size": [0, 0.25]},
								"south": {"uv": [6.5, 12.75], "uv_size": [0.25, 0.25]},
								"west": {"uv": [6.5, 12.75], "uv_size": [0, 0.25]},
								"up": {"uv": [6.25, 12.75], "uv_size": [0.25, 0]},
								"down": {"uv": [6.5, 12.75], "uv_size": [0.25, 0]}
							}
						},
						{
							"origin": [0, 17.36704, 7.17885],
							"size": [7, 6, 0],
							"pivot": [0, 4.36704, -0.82115],
							"rotation": [-2.5, 0, 0],
							"uv": {
								"north": {"uv": [14.25, 7.5], "uv_size": [1.75, 1.5]}
							}
						},
						{
							"origin": [0, 14.00571, 7.73828],
							"size": [7, 3, 0],
							"pivot": [3.5, 17.00571, 7.73828],
							"rotation": [-15, 0, 0],
							"uv": {
								"north": {"uv": [14.25, 9], "uv_size": [1.75, 0.75]}
							}
						},
						{
							"origin": [3, 22.5, 7.5],
							"size": [1, 1, 0],
							"uv": {
								"up": {"uv": [6.25, 12.5], "uv_size": [0.25, 0.25]}
							}
						},
						{
							"origin": [-5, 10.74291, 6.98457],
							"size": [7, 6, 0],
							"pivot": [0, 4.74291, -1.01543],
							"rotation": [-5, 0, 0],
							"uv": {
								"north": {"uv": [12.25, 10], "uv_size": [1.75, 1.5]}
							}
						},
						{
							"origin": [-5, 7.02283, 7.47707],
							"size": [7, 3, 0],
							"pivot": [-1.5, 10.02283, 7.47707],
							"rotation": [-27.5, 0, 0],
							"uv": {
								"north": {"uv": [12.25, 11.5], "uv_size": [1.75, 0.75]}
							}
						},
						{
							"origin": [-2, 15.5, 7.5],
							"size": [1, 1, 0],
							"uv": {
								"east": {"uv": [6.25, 12.75], "uv_size": [0, 0.25]},
								"south": {"uv": [6.5, 12.75], "uv_size": [0.25, 0.25]},
								"west": {"uv": [6.5, 12.75], "uv_size": [0, 0.25]},
								"up": {"uv": [6.25, 12.75], "uv_size": [0.25, 0]},
								"down": {"uv": [6.5, 12.75], "uv_size": [0.25, 0]}
							}
						},
						{
							"origin": [-12, 16.11078, 4.7266],
							"size": [7, 6, 0],
							"pivot": [0, 6.11078, -3.2734],
							"rotation": [-12.5, 0, 0],
							"uv": {
								"north": {"uv": [14.25, 10], "uv_size": [1.75, 1.5]}
							}
						},
						{
							"origin": [-12, 11.14222, 6.70136],
							"size": [7, 3, 0],
							"pivot": [-8.5, 14.14222, 6.70136],
							"rotation": [-40, 0, 0],
							"uv": {
								"north": {"uv": [14.25, 11.5], "uv_size": [1.75, 0.75]}
							}
						},
						{
							"origin": [-9, 19.5, 7.5],
							"size": [1, 1, 0],
							"uv": {
								"east": {"uv": [6.25, 12.75], "uv_size": [0, 0.25]},
								"south": {"uv": [6.5, 12.75], "uv_size": [0.25, 0.25]},
								"west": {"uv": [6.5, 12.75], "uv_size": [0, 0.25]},
								"up": {"uv": [6.25, 12.75], "uv_size": [0.25, 0]},
								"down": {"uv": [6.5, 12.75], "uv_size": [0.25, 0]}
							}
						},
						{
							"origin": [-9, 3.00285, 7.86914],
							"size": [7, 6, 0],
							"pivot": [-5.5, 6.00285, 7.86914],
							"rotation": [-2.5, 0, 0],
							"uv": {
								"north": {"uv": [14.25, 12.5], "uv_size": [1.75, 1.5]}
							}
						},
						{
							"origin": [-9, 0.0857, 7.6921],
							"size": [7, 3, 0],
							"pivot": [-5.5, 3.00571, 7.73828],
							"rotation": [-30, 0, 0],
							"uv": {
								"north": {"uv": [14.25, 14], "uv_size": [1.75, 0.75]}
							}
						},
						{
							"origin": [-6, 8.5, 7.5],
							"size": [1, 1, 0],
							"uv": {
								"east": {"uv": [6.25, 12.75], "uv_size": [0, 0.25]},
								"south": {"uv": [6.5, 12.75], "uv_size": [0.25, 0.25]},
								"west": {"uv": [6.5, 12.75], "uv_size": [0, 0.25]},
								"up": {"uv": [6.25, 12.75], "uv_size": [0.25, 0]},
								"down": {"uv": [6.5, 12.75], "uv_size": [0.25, 0]}
							}
						},
						{
							"origin": [-17, 8.35847, 7.57142],
							"size": [7, 6, 0],
							"pivot": [0, 4.35847, -0.42858],
							"rotation": [-2.5, 0, 0],
							"uv": {
								"north": {"uv": [10.25, 10], "uv_size": [1.75, 1.5]}
							}
						},
						{
							"origin": [-17, 5.00571, 7.73828],
							"size": [7, 3, 0],
							"pivot": [-13.5, 8.00571, 7.73828],
							"rotation": [-25, 0, 0],
							"uv": {
								"north": {"uv": [10.25, 11.5], "uv_size": [1.75, 0.75]}
							}
						},
						{
							"origin": [-14, 13.5, 7.5],
							"size": [1, 1, 0],
							"uv": {
								"east": {"uv": [6.25, 12.75], "uv_size": [0, 0.25]},
								"south": {"uv": [6.5, 12.75], "uv_size": [0.25, 0.25]},
								"west": {"uv": [6.5, 12.75], "uv_size": [0, 0.25]},
								"up": {"uv": [6.25, 12.75], "uv_size": [0.25, 0]},
								"down": {"uv": [6.5, 12.75], "uv_size": [0.25, 0]}
							}
						},
						{
							"origin": [-16, 24.59938, 3.43304],
							"size": [7, 6, 0],
							"pivot": [-1, 4.59938, -4.56696],
							"rotation": [-10, 0, 0],
							"uv": {
								"north": {"uv": [10.25, 7.5], "uv_size": [1.75, 1.5]}
							}
						},
						{
							"origin": [-16, 19.90635, 6.78446],
							"size": [7, 3, 0],
							"pivot": [-12.5, 22.90635, 6.78446],
							"rotation": [-35, 0, 0],
							"uv": {
								"north": {"uv": [10.25, 8.75], "uv_size": [1.75, 0.75]}
							}
						},
						{
							"origin": [-13, 28.5, 7.5],
							"size": [1, 1, 0],
							"uv": {
								"east": {"uv": [6.25, 12.75], "uv_size": [0, 0.25]},
								"south": {"uv": [6.5, 12.75], "uv_size": [0.25, 0.25]},
								"west": {"uv": [6.5, 12.75], "uv_size": [0, 0.25]},
								"up": {"uv": [6.25, 12.75], "uv_size": [0.25, 0]},
								"down": {"uv": [6.5, 12.75], "uv_size": [0.25, 0]}
							}
						}
					]
				}
			]
		}
	]
}