{
	"format_version": "1.12.0",
	"minecraft:geometry": [
		{
			"description": {
				"identifier": "geometry.office_lamp",
				"texture_width": 64,
				"texture_height": 64,
				"visible_bounds_width": 2,
				"visible_bounds_height": 2.5,
				"visible_bounds_offset": [0, 0.75, 0]
			},
			"bones": [
				{
					"name": "bb_main",
					"pivot": [0, 0, 0],
					"cubes": [
						{
							"origin": [-6, 5, -6],
							"size": [12, 4, 12],
							"uv": {
								"north": {"uv": [12, 16], "uv_size": [12, 4]},
								"east": {"uv": [12, 16], "uv_size": [12, 4]},
								"south": {"uv": [12, 16], "uv_size": [12, 4]},
								"west": {"uv": [12, 16], "uv_size": [12, 4]},
								"up": {"uv": [0, 0], "uv_size": [12, 12]},
								"down": {"uv": [0, 24], "uv_size": [12, -12]}
							}
						},
						{
							"origin": [-4, 9, -4],
							"size": [8, 2, 8],
							"uv": {
								"north": {"uv": [20, 12], "uv_size": [8, 2]},
								"east": {"uv": [20, 12], "uv_size": [8, 2]},
								"south": {"uv": [20, 12], "uv_size": [8, 2]},
								"west": {"uv": [20, 12], "uv_size": [8, 2]},
								"up": {"uv": [12, 0], "uv_size": [8, 8]},
								"down": {"uv": [12, 16], "uv_size": [8, -8]}
							}
						},
						{
							"origin": [-2, 4, -2],
							"size": [4, 5, 4],
							"uv": {
								"north": {"uv": [12, 20], "uv_size": [4, 5]},
								"east": {"uv": [16, 20], "uv_size": [4, 5]},
								"south": {"uv": [20, 20], "uv_size": [4, 5]},
								"west": {"uv": [0, 24], "uv_size": [4, 5]},
								"up": {"uv": [24, 18], "uv_size": [4, 4]},
								"down": {"uv": [24, 26], "uv_size": [4, -4]}
							}
						},
						{
							"origin": [-0.5, 11, 0],
							"size": [1, 5, 0],
							"pivot": [0, 11.5, 0],
							"rotation": [0, -45, 0],
							"uv": {
								"north": {"uv": [12, 25], "uv_size": [1, 5]},
								"east": {"uv": [0, 0], "uv_size": [0, 9]},
								"south": {"uv": [13, 25], "uv_size": [1, 5]},
								"west": {"uv": [0, 0], "uv_size": [0, 5]},
								"up": {"uv": [0, 0], "uv_size": [1, 0]},
								"down": {"uv": [0, 0], "uv_size": [1, 0]}
							}
						},
						{
							"origin": [-0.5, 11, 0],
							"size": [1, 5, 0],
							"pivot": [0, 11.5, 0],
							"rotation": [0, 45, 0],
							"uv": {
								"north": {"uv": [12, 25], "uv_size": [1, 5]},
								"east": {"uv": [0, 0], "uv_size": [0, 9]},
								"south": {"uv": [13, 25], "uv_size": [1, 5]},
								"west": {"uv": [0, 0], "uv_size": [0, 5]},
								"up": {"uv": [0, 0], "uv_size": [1, 0]},
								"down": {"uv": [0, 0], "uv_size": [1, 0]}
							}
						}
					]
				}
			]
		}
	]
}