{
	"format_version": "1.12.0",
	"minecraft:geometry": [
		{
			"description": {
				"identifier": "geometry.security_desk",
				"texture_width": 16,
				"texture_height": 16,
				"visible_bounds_width": 3,
				"visible_bounds_height": 2.5,
				"visible_bounds_offset": [0, 0.75, 0]
			},
			"bones": [
				{
					"name": "center",
					"pivot": [0, 0, 0],
					"cubes": [
						{
							"origin": [-8, 14, -7.2],
							"size": [16, 2, 15],
							"uv": {
								"north": {"uv": [8.5, 4], "uv_size": [2, 0.25]},
								"east": {"uv": [6.875, 4.5], "uv_size": [1.875, 0.25]},
								"south": {"uv": [8.5, 4.25], "uv_size": [2, 0.25]},
								"west": {"uv": [8.125, 6.875], "uv_size": [1.875, 0.25]},
								"up": {"uv": [5.375, 12.875], "uv_size": [2, 1.875]},
								"down": {"uv": [10.625, 14.75], "uv_size": [2, -1.875]}
							}
						},
						{
							"origin": [-8, 0, -6.2],
							"size": [16, 14, 14],
							"uv": {
								"north": {"uv": [1.5, 0], "uv_size": [2, 1.75]},
								"south": {"uv": [1.5, 1.75], "uv_size": [2, 1.75]},
								"up": {"uv": [6.5, 1.625], "uv_size": [2, 1.5]},
								"down": {"uv": [1.5, 6.625], "uv_size": [2, -1.5]}
							}
						}
					]
				},
				{
					"name": "center2",
					"pivot": [0, 0, 0],
					"cubes": [
						{
							"origin": [-8, 0, -6.2],
							"size": [16, 14, 14],
							"uv": {
								"north": {"uv": [1.5, 0], "uv_size": [2, 1.75]},
								"south": {"uv": [1.5, 1.75], "uv_size": [2, 1.75]},
								"up": {"uv": [6.5, 1.625], "uv_size": [2, 1.5]},
								"down": {"uv": [1.5, 6.625], "uv_size": [2, -1.5]}
							}
						},
						{
							"origin": [-8, 14, -7.2],
							"size": [16, 2, 15],
							"uv": {
								"north": {"uv": [8.5, 4], "uv_size": [2, 0.25]},
								"east": {"uv": [6.875, 4.5], "uv_size": [1.875, 0.25]},
								"south": {"uv": [8.5, 4.25], "uv_size": [2, 0.25]},
								"west": {"uv": [8.125, 6.875], "uv_size": [1.875, 0.25]},
								"up": {"uv": [5.375, 12.875], "uv_size": [2, 1.875]},
								"down": {"uv": [10.625, 14.75], "uv_size": [2, -1.875]}
							}
						},
						{
							"origin": [-8, 0, -6.2],
							"size": [12, 14, 14],
							"uv": {
								"north": {"uv": [0, 0], "uv_size": [1.5, 1.75]},
								"east": {"uv": [0, 11.875], "uv_size": [1.75, 1.75]},
								"up": {"uv": [5, 1.625], "uv_size": [1.5, 1.5]},
								"down": {"uv": [0, 6.625], "uv_size": [1.5, -1.5]}
							}
						},
						{
							"origin": [-4, 0, -6.2],
							"size": [12, 14, 14],
							"uv": {
								"north": {"uv": [3.5, 0], "uv_size": [1.5, 1.75]},
								"west": {"uv": [0, 11.875], "uv_size": [1.75, 1.75]},
								"up": {"uv": [8.5, 1.625], "uv_size": [1.5, 1.5]},
								"down": {"uv": [3.5, 6.625], "uv_size": [1.5, -1.5]}
							}
						},
						{
							"origin": [-6, 6, -6.2],
							"size": [12, 8, 10],
							"uv": {
								"north": {"uv": [10.25, 4.625], "uv_size": [1.625, 1]},
								"east": {"uv": [3, 7.875], "uv_size": [1.25, 1]},
								"south": {"uv": [10.125, 5.625], "uv_size": [1.875, 1]},
								"west": {"uv": [0, 8.375], "uv_size": [1.25, 1]},
								"up": {"uv": [3, 6.625], "uv_size": [1.875, 1.25]},
								"down": {"uv": [6.625, 6], "uv_size": [1.875, -1.25]}
							}
						}
					]
				},
				{
					"name": "right",
					"pivot": [16, -2, 0],
					"cubes": [
						{
							"origin": [-2, 6, -6.2],
							"size": [15, 8, 10],
							"uv": {
								"north": {"uv": [10.125, 4.625], "uv_size": [1.875, 1]},
								"east": {"uv": [3, 7.875], "uv_size": [1.25, 1]},
								"south": {"uv": [10.125, 5.625], "uv_size": [1.875, 1]},
								"west": {"uv": [0, 8.375], "uv_size": [1.25, 1]},
								"up": {"uv": [3, 6.625], "uv_size": [1.875, 1.25]},
								"down": {"uv": [6.625, 6], "uv_size": [1.875, -1.25]}
							}
						},
						{
							"origin": [-2, 1, -6.2],
							"size": [13, 6, 0],
							"uv": {
								"north": {"uv": [4.875, 6.75], "uv_size": [1.625, 0.75]},
								"east": {"uv": [0, 0], "uv_size": [0, 0.75]},
								"south": {"uv": [6.5, 6.875], "uv_size": [1.625, 0.75]},
								"west": {"uv": [0, 0], "uv_size": [0, 0.75]},
								"up": {"uv": [0, 0], "uv_size": [1.625, 0]},
								"down": {"uv": [0, 0], "uv_size": [1.625, 0]}
							}
						},
						{
							"origin": [-5, 14, -7.2],
							"size": [13, 2, 15],
							"uv": {
								"north": {"uv": [6.875, 4], "uv_size": [1.625, 0.25]},
								"east": {"uv": [6.875, 4.5], "uv_size": [1.875, 0.25]},
								"south": {"uv": [10.5, 4.25], "uv_size": [1.625, 0.25]},
								"west": {"uv": [8.125, 6.875], "uv_size": [1.875, 0.25]},
								"up": {"uv": [3.75, 12.875], "uv_size": [1.625, 1.875]},
								"down": {"uv": [9, 14.75], "uv_size": [1.625, -1.875]}
							}
						},
						{
							"origin": [-4, 0, -6.2],
							"size": [12, 14, 14],
							"uv": {
								"north": {"uv": [0, 0], "uv_size": [1.5, 1.75]},
								"east": {"uv": [0, 11.875], "uv_size": [1.75, 1.75]},
								"south": {"uv": [3.5, 1.75], "uv_size": [1.5, 1.75]},
								"up": {"uv": [5, 1.625], "uv_size": [1.5, 1.5]},
								"down": {"uv": [0, 6.625], "uv_size": [1.5, -1.5]}
							}
						}
					]
				},
				{
					"name": "left",
					"pivot": [-16, 0, 0],
					"cubes": [
						{
							"origin": [-8, 14, -7.2],
							"size": [13, 2, 15],
							"uv": {
								"north": {"uv": [10.5, 4], "uv_size": [1.625, 0.25]},
								"east": {"uv": [6.875, 4.5], "uv_size": [1.875, 0.25]},
								"south": {"uv": [6.875, 4.25], "uv_size": [1.625, 0.25]},
								"west": {"uv": [8.125, 6.875], "uv_size": [1.875, 0.25]},
								"up": {"uv": [7.375, 12.875], "uv_size": [1.625, 1.875]},
								"down": {"uv": [12.625, 14.75], "uv_size": [1.625, -1.875]}
							}
						},
						{
							"origin": [-8, 0, -6.2],
							"size": [12, 14, 14],
							"uv": {
								"north": {"uv": [3.5, 0], "uv_size": [1.5, 1.75]},
								"south": {"uv": [0, 1.75], "uv_size": [1.5, 1.75]},
								"west": {"uv": [0, 11.875], "uv_size": [1.75, 1.75]},
								"up": {"uv": [8.5, 1.625], "uv_size": [1.5, 1.5]},
								"down": {"uv": [3.5, 6.625], "uv_size": [1.5, -1.5]}
							}
						},
						{
							"origin": [-11, 1, -6.2],
							"size": [13, 13, 0],
							"uv": {
								"north": {"uv": [5, 5.125], "uv_size": [1.625, 1.625]},
								"east": {"uv": [0, 0], "uv_size": [0, 1.625]},
								"south": {"uv": [5.25, 3.125], "uv_size": [1.625, 1.625]},
								"west": {"uv": [0, 0], "uv_size": [0, 1.625]},
								"up": {"uv": [0, 0], "uv_size": [1.625, 0]},
								"down": {"uv": [0, 0], "uv_size": [1.625, 0]}
							}
						},
						{
							"origin": [-9, 0, -1.2],
							"size": [8, 13, 7],
							"uv": {
								"north": {"uv": [1, 9.375], "uv_size": [1, 1.625]},
								"east": {"uv": [0, 9.375], "uv_size": [1, 1.625]},
								"south": {"uv": [2, 9.375], "uv_size": [1, 1.625]},
								"west": {"uv": [1, 9.375], "uv_size": [-1, 1.625]},
								"up": {"uv": [1, 11.875], "uv_size": [-1, -0.875]},
								"down": {"uv": [1, 11.875], "uv_size": [-1, -0.875]}
							}
						}
					]
				}
			]
		}
	]
}