{
	"format_version": "1.21.20",
	"minecraft:geometry": [
		{
			"description": {
				"identifier": "geometry.office_poster",
				"texture_width": 32,
				"texture_height": 32,
				"visible_bounds_width": 2,
				"visible_bounds_height": 3,
				"visible_bounds_offset": [0, 0.5, 0]
			},
			"bones": [
				{
					"name": "bb_main",
					"pivot": [0, 0, 0],
					"cubes": [
						{
							"origin": [-7, -13, 7.5],
							"size": [20, 28, 0],
							"uv": {
								"north": {"uv": [0, 0], "uv_size": [20, 28]}
							}
						}
					]
				}
			]
		}
	]
}