{
	"format_version": "1.12.0",
	"minecraft:geometry": [
		{
			"description": {
				"identifier": "geometry.office_fan",
				"texture_width": 16,
				"texture_height": 16,
				"visible_bounds_width": 2,
				"visible_bounds_height": 2.5,
				"visible_bounds_offset": [0, 0.75, 0]
			},
			"bones": [
				{
					"name": "fan",
					"pivot": [0, 0, 0],
					"cubes": [
						{
							"origin": [-3.5, 0, -4],
							"size": [7, 2, 8],
							"uv": {
								"north": {"uv": [6.75, 1], "uv_size": [1.75, 0.5]},
								"east": {"uv": [5.75, 4], "uv_size": [2, 0.5]},
								"south": {"uv": [6.75, 1.5], "uv_size": [1.75, 0.5]},
								"west": {"uv": [5.25, 6.25], "uv_size": [2, 0.5]},
								"up": {"uv": [0, 5], "uv_size": [1.75, 2]},
								"down": {"uv": [5, 2], "uv_size": [1.75, -2]}
							}
						},
						{
							"origin": [-1.5, 2, 1],
							"size": [3, 6, 2],
							"uv": {
								"north": {"uv": [3.75, 5.75], "uv_size": [0.75, 1.5]},
								"east": {"uv": [2.5, 6.75], "uv_size": [0.5, 1.5]},
								"south": {"uv": [4.5, 6.25], "uv_size": [0.75, 1.5]},
								"west": {"uv": [3, 6.75], "uv_size": [0.5, 1.5]},
								"up": {"uv": [5.25, 6.75], "uv_size": [0.75, 0.5]},
								"down": {"uv": [6, 7.25], "uv_size": [0.75, -0.5]}
							}
						},
						{
							"origin": [-5.5, 5, -3],
							"size": [11, 11, 3],
							"uv": {
								"north": {"uv": [0, 9.25], "uv_size": [2.75, 2.75]},
								"east": {"uv": [2.75, 9.25], "uv_size": [0.75, 2.75]},
								"south": {"uv": [0, 9.25], "uv_size": [2.75, 2.75]},
								"west": {"uv": [3.5, 9.25], "uv_size": [0.75, 2.75]},
								"up": {"uv": [2.75, 12], "uv_size": [-2.75, 0.75]},
								"down": {"uv": [2.75, 13.5], "uv_size": [-2.75, -0.75]}
							}
						},
						{
							"origin": [-5, 5, -1.5],
							"size": [10, 10, 0],
							"uv": {
								"north": {"uv": [2.5, 0], "uv_size": [2.5, 2.5]},
								"east": {"uv": [0, 0], "uv_size": [0, 2.5]},
								"south": {"uv": [2.5, 2.5], "uv_size": [2.5, 2.5]},
								"west": {"uv": [0, 0], "uv_size": [0, 2.5]},
								"up": {"uv": [0, 0], "uv_size": [2.5, 0]},
								"down": {"uv": [0, 0], "uv_size": [2.5, 0]}
							}
						},
						{
							"origin": [-2.5, 8, 0],
							"size": [5, 4, 4],
							"uv": {
								"north": {"uv": [5, 5.25], "uv_size": [1.25, 1]},
								"east": {"uv": [6.25, 5.25], "uv_size": [1, 1]},
								"south": {"uv": [5.75, 2], "uv_size": [1.25, 1]},
								"west": {"uv": [6.75, 0], "uv_size": [1, 1]},
								"up": {"uv": [2.5, 5.75], "uv_size": [1.25, 1]},
								"down": {"uv": [5.75, 4], "uv_size": [1.25, -1]}
							}
						}
					]
				}
			]
		}
	]
}