{
	"format_version": "1.12.0",
	"minecraft:geometry": [
		{
			"description": {
				"identifier": "geometry.office_wall_thin_window_top_left",
				"texture_width": 16,
				"texture_height": 16,
				"visible_bounds_width": 3,
				"visible_bounds_height": 2.5,
				"visible_bounds_offset": [0, 0.75, 0]
			},
			"bones": [
				{
					"name": "bb_main",
					"pivot": [0, 0, 0],
					"cubes": [
						{
							"origin": [-1, 0, -1],
							"size": [2, 2, 2],
							"uv": {}
						}
					]
				},
				{
					"name": "bone4",
					"pivot": [-23, -15, 7],
					"cubes": [
						{
							"origin": [-8, 0, 8],
							"size": [8, 16, 3],
							"uv": {
								"north": {"uv": [0, 0], "uv_size": [8, 16]},
								"east": {"uv": [0, 0], "uv_size": [3, 16]},
								"south": {"uv": [0, 0], "uv_size": [8, 16]},
								"west": {"uv": [0, 0], "uv_size": [3, 16]},
								"up": {"uv": [8, 3], "uv_size": [-8, -3]},
								"down": {"uv": [8, 3], "uv_size": [-8, -3]}
							}
						},
						{
							"origin": [1, 0, 9.5],
							"size": [15, 15, 0],
							"uv": {
								"north": {"uv": [8.5, 8.5], "uv_size": [3.75, 3.75], "material_instance": "window"}
							}
						},
						{
							"origin": [-1, 15, 7],
							"size": [17, 2, 5],
							"uv": {
								"north": {"uv": [0, 8.75], "uv_size": [4.25, 0.5], "material_instance": "window"},
								"east": {"uv": [9.25, 6.75], "uv_size": [1.25, 0.5], "material_instance": "window"},
								"south": {"uv": [4.25, 8.75], "uv_size": [-4.25, 0.5], "material_instance": "window"},
								"west": {"uv": [7, 9.25], "uv_size": [1.25, 0.5], "material_instance": "window"},
								"up": {"uv": [0, 2.5], "uv_size": [4.25, 1.25], "material_instance": "window"},
								"down": {"uv": [0, 5], "uv_size": [4.25, -1.25], "material_instance": "window"}
							}
						},
						{
							"origin": [-1, 0, 7],
							"size": [2, 15, 5],
							"uv": {
								"north": {"uv": [0.5, 9.25], "uv_size": [0.5, 3.75], "material_instance": "window"},
								"east": {"uv": [2.5, 5], "uv_size": [1.25, 3.75], "material_instance": "window"},
								"south": {"uv": [1, 9.25], "uv_size": [-0.5, 3.75], "material_instance": "window"},
								"west": {"uv": [3.75, 5], "uv_size": [1.25, 3.75], "material_instance": "window"},
								"up": {"uv": [9.25, 7.25], "uv_size": [0.5, 1.25], "material_instance": "window"},
								"down": {"uv": [8.25, 10.5], "uv_size": [0.5, -1.25], "material_instance": "window"}
							}
						}
					]
				}
			]
		}
	]
}