{
	"format_version": "1.21.0",
	"minecraft:geometry": [
		{
			"description": {
				"identifier": "geometry.office_window_upper_left",
				"texture_width": 128,
				"texture_height": 128,
				"visible_bounds_width": 3,
				"visible_bounds_height": 3.5,
				"visible_bounds_offset": [0, 1.25, 0]
			},
			"bones": [
				{
					"name": "left_upper",
					"pivot": [-3.1, 9.3, 0],
					"cubes": [
						{
							"origin": [-9, 15, -9],
							"size": [17, 2, 18],
							"uv": {
								"north": {"uv": [82, 37], "uv_size": [17, 2]},
								"east": {"uv": [67, 84], "uv_size": [16, 2]},
								"south": {"uv": [99, 37], "uv_size": [17, 2]},
								"west": {"uv": [67, 83], "uv_size": [16, 3]},
								"up": {"uv": [32, 68], "uv_size": [16, 17], "uv_rotation": 90},
								"down": {"uv": [32, 68], "uv_size": [16, 17], "uv_rotation": 90}
							}
						},
						{
							"origin": [-9, 0, -9],
							"size": [2, 15, 18],
							"uv": {
								"north": {"uv": [73, 32], "uv_size": [2, 15]},
								"east": {"uv": [64, 47], "uv_size": [-16, 14]},
								"south": {"uv": [78, 32], "uv_size": [2, 15]},
								"west": {"uv": [32, 47], "uv_size": [16, 14]},
								"up": {"uv": [81, 42], "uv_size": [3, 16]},
								"down": {"uv": [81, 74], "uv_size": [3, -16]}
							}
						},
						{
							"origin": [-7, 0, -8],
							"size": [15, 15, 16],
							"uv": {
								"north": {"uv": [98, 98], "uv_size": [15, 14]},
								"east": {"uv": [98, 83], "uv_size": [15, 14]},
								"south": {"uv": [113, 98], "uv_size": [-15, 14]},
								"west": {"uv": [98, 83], "uv_size": [15, 14]},
								"up": {"uv": [113, 97], "uv_size": [-15, -14]},
								"down": {"uv": [113, 97], "uv_size": [-15, -14]}
							}
						}
					]
				}
			]
		}
	]
}