{
	"format_version": "1.21.0",
	"minecraft:geometry": [
		{
			"description": {
				"identifier": "geometry.office_phone",
				"texture_width": 32,
				"texture_height": 32,
				"visible_bounds_width": 2,
				"visible_bounds_height": 1.5,
				"visible_bounds_offset": [0, 0.25, 0]
			},
			"bones": [
				{
					"name": "bb_main",
					"pivot": [0, 0, 0],
					"cubes": [
						{
							"origin": [-5, 0, -6],
							"size": [10, 2, 12],
							"pivot": [0, 0, 0],
							"rotation": [0, 180, 0],
							"uv": {
								"north": {"uv": [17, 14], "uv_size": [10, 2]},
								"east": {"uv": [28, 12], "uv_size": [-12, 2]},
								"south": {"uv": [16, 16], "uv_size": [10, 2]},
								"west": {"uv": [16, 12], "uv_size": [12, 2]},
								"up": {"uv": [10, 12], "uv_size": [-10, -12]},
								"down": {"uv": [10, 12], "uv_size": [-10, -12]}
							}
						},
						{
							"origin": [-4, 2.1, -5],
							"size": [4, 0, 10],
							"pivot": [0, 2.1, 0],
							"rotation": [0, 180, 0],
							"uv": {
								"up": {"uv": [4, 23], "uv_size": [-4, -10]}
							}
						},
						{
							"origin": [1, 1, -5],
							"size": [3, 2, 10],
							"pivot": [0, 1, 0],
							"rotation": [0, 180, 0],
							"uv": {
								"north": {"uv": [20, 6], "uv_size": [3, 2]},
								"east": {"uv": [30, 2], "uv_size": [-10, 2]},
								"south": {"uv": [20, 4], "uv_size": [3, 2]},
								"west": {"uv": [20, 2], "uv_size": [10, 2]},
								"up": {"uv": [10, 22], "uv_size": [3, -10]},
								"down": {"uv": [16, 22], "uv_size": [-3, -10]}
							}
						}
					]
				}
			]
		}
	]
}