{
	"format_version": "1.12.0",
	"minecraft:geometry": [
		{
			"description": {
				"identifier": "geometry.old_pc",
				"texture_width": 64,
				"texture_height": 64,
				"visible_bounds_width": 3,
				"visible_bounds_height": 3.5,
				"visible_bounds_offset": [0, 1.25, 0]
			},
			"bones": [
				{
					"name": "bb_main",
					"pivot": [0, 0, 0],
					"cubes": [
						{
							"origin": [-8, 0, -2],
							"size": [16, 3, 10],
							"uv": {
								"north": {"uv": [32, 28], "uv_size": [16, 3]},
								"east": {"uv": [20, 34], "uv_size": [10, 3]},
								"south": {"uv": [32, 31], "uv_size": [16, 3]},
								"west": {"uv": [30, 34], "uv_size": [10, 3]},
								"up": {"uv": [0, 0], "uv_size": [16, 10]},
								"down": {"uv": [0, 20], "uv_size": [16, -10]}
							}
						},
						{
							"origin": [-8, 0, -8],
							"size": [12, 2, 5],
							"uv": {
								"north": {"uv": [10, 37], "uv_size": [12, 2]},
								"east": {"uv": [10, 20], "uv_size": [5, 2]},
								"south": {"uv": [22, 37], "uv_size": [12, 2]},
								"west": {"uv": [10, 22], "uv_size": [5, 2]},
								"up": {"uv": [28, 18], "uv_size": [12, 5]},
								"down": {"uv": [32, 28], "uv_size": [12, -5]}
							}
						},
						{
							"origin": [5, 0, -8],
							"size": [3, 2, 5],
							"uv": {
								"north": {"uv": [10, 39], "uv_size": [3, 2]},
								"east": {"uv": [38, 10], "uv_size": [5, 2]},
								"south": {"uv": [13, 39], "uv_size": [3, 2]},
								"west": {"uv": [38, 12], "uv_size": [5, 2]},
								"up": {"uv": [34, 37], "uv_size": [3, 5]},
								"down": {"uv": [37, 42], "uv_size": [3, -5]}
							}
						},
						{
							"origin": [-5, 3, -1],
							"size": [10, 2, 8],
							"uv": {
								"north": {"uv": [26, 60], "uv_size": [10, 2]},
								"east": {"uv": [54, 39], "uv_size": [8, 2]},
								"south": {"uv": [54, 37], "uv_size": [10, 2]},
								"west": {"uv": [54, 41], "uv_size": [8, 2]},
								"up": {"uv": [44, 34], "uv_size": [10, 8]},
								"down": {"uv": [16, 64], "uv_size": [10, -8]}
							}
						},
						{
							"origin": [-6, 4, -2],
							"size": [12, 12, 4],
							"uv": {
								"north": {"uv": [16, 0], "uv_size": [12, 12]},
								"east": {"uv": [6, 20], "uv_size": [4, 12]},
								"south": {"uv": [16, 12], "uv_size": [12, 12]},
								"west": {"uv": [10, 24], "uv_size": [4, 12]},
								"up": {"uv": [20, 30], "uv_size": [12, 4]},
								"down": {"uv": [28, 10], "uv_size": [12, -4]}
							}
						},
						{
							"origin": [-6, 4, -2],
							"size": [12, 12, 4],
							"uv": {
								"north": {"uv": [39, 1], "uv_size": [12, 12], "material_instance": "screen"}
							}
						},
						{
							"origin": [-5, 5, 2],
							"size": [10, 10, 6],
							"uv": {
								"north": {"uv": [16, 0], "uv_size": [12, 12]},
								"east": {"uv": [0, 21], "uv_size": [6, 10]},
								"south": {"uv": [17, 13], "uv_size": [10, 10]},
								"west": {"uv": [14, 25], "uv_size": [6, 10]},
								"up": {"uv": [21, 24], "uv_size": [10, 6]},
								"down": {"uv": [29, 6], "uv_size": [10, -6]}
							}
						}
					]
				}
			]
		}
	]
}