{
	"format_version": "1.21.20",
	"minecraft:geometry": [
		{
			"description": {
				"identifier": "geometry.fr_party_table",
				"texture_width": 32,
				"texture_height": 32,
				"visible_bounds_width": 3,
				"visible_bounds_height": 2.5,
				"visible_bounds_offset": [0, 0.75, 0]
			},
			"bones": [
				{
					"name": "single",
					"pivot": [0, 0, 0],
					"cubes": [
						{
							"origin": [-8, 9, -8],
							"size": [16, 0, 16],
							"uv": {
								"down": {"uv": [0, 16], "uv_size": [16, -16]}
							}
						},
						{
							"origin": [-8, 7, -8],
							"size": [16, 9, 16],
							"uv": {
								"north": {"uv": [0, 16], "uv_size": [16, 9]},
								"east": {"uv": [0, 16], "uv_size": [16, 9]},
								"south": {"uv": [0, 16], "uv_size": [16, 9]},
								"west": {"uv": [0, 16], "uv_size": [16, 9]},
								"up": {"uv": [0, 0], "uv_size": [16, 16]},
								"down": {"uv": [16, 32], "uv_size": [16, -16]}
							}
						},
						{
							"origin": [5, 0, 5],
							"size": [2, 9, 2],
							"uv": {
								"north": {"uv": [18, 1], "uv_size": [2, 9]},
								"east": {"uv": [18, 1], "uv_size": [2, 9]},
								"south": {"uv": [18, 1], "uv_size": [2, 9]},
								"west": {"uv": [18, 1], "uv_size": [2, 9]},
								"up": {"uv": [18, 8], "uv_size": [2, 2]},
								"down": {"uv": [18, 10], "uv_size": [2, -2]}
							}
						},
						{
							"origin": [-7, 0, -7],
							"size": [2, 9, 2],
							"uv": {
								"north": {"uv": [18, 1], "uv_size": [2, 9]},
								"east": {"uv": [18, 1], "uv_size": [2, 9]},
								"south": {"uv": [18, 1], "uv_size": [2, 9]},
								"west": {"uv": [18, 1], "uv_size": [2, 9]},
								"up": {"uv": [18, 8], "uv_size": [2, 2]},
								"down": {"uv": [18, 10], "uv_size": [2, -2]}
							}
						},
						{
							"origin": [-7, 0, 5],
							"size": [2, 9, 2],
							"uv": {
								"north": {"uv": [18, 1], "uv_size": [2, 9]},
								"east": {"uv": [18, 1], "uv_size": [2, 9]},
								"south": {"uv": [18, 1], "uv_size": [2, 9]},
								"west": {"uv": [18, 1], "uv_size": [2, 9]},
								"up": {"uv": [18, 8], "uv_size": [2, 2]},
								"down": {"uv": [18, 10], "uv_size": [2, -2]}
							}
						},
						{
							"origin": [5, 0, -7],
							"size": [2, 9, 2],
							"uv": {
								"north": {"uv": [18, 1], "uv_size": [2, 9]},
								"east": {"uv": [18, 1], "uv_size": [2, 9]},
								"south": {"uv": [18, 1], "uv_size": [2, 9]},
								"west": {"uv": [18, 1], "uv_size": [2, 9]},
								"up": {"uv": [18, 8], "uv_size": [2, 2]},
								"down": {"uv": [18, 10], "uv_size": [2, -2]}
							}
						}
					]
				},
				{
					"name": "center",
					"pivot": [0, 0, 0],
					"cubes": [
						{
							"origin": [-8, 9, -8],
							"size": [16, 0, 16],
							"uv": {
								"down": {"uv": [0, 16], "uv_size": [16, -16]}
							}
						},
						{
							"origin": [-8, 9, -8],
							"size": [16, 7, 16],
							"uv": {
								"north": {"uv": [0, 16], "uv_size": [16, 7]},
								"east": {"uv": [0, 16], "uv_size": [16, 7]},
								"south": {"uv": [0, 16], "uv_size": [16, 7]},
								"west": {"uv": [0, 16], "uv_size": [16, 7]},
								"up": {"uv": [0, 0], "uv_size": [16, 16]},
								"down": {"uv": [16, 32], "uv_size": [16, -16]}
							}
						}
					]
				},
				{
					"name": "north",
					"pivot": [0, 0, 0],
					"cubes": [
						{
							"origin": [-8, 9, -8],
							"size": [16, 0, 16],
							"uv": {
								"down": {"uv": [0, 16], "uv_size": [16, -16]}
							}
						},
						{
							"origin": [-8, 7, -8],
							"size": [16, 9, 16],
							"uv": {
								"east": {"uv": [0, 16], "uv_size": [16, 9]},
								"south": {"uv": [0, 16], "uv_size": [16, 9]},
								"west": {"uv": [0, 16], "uv_size": [16, 9]},
								"up": {"uv": [0, 0], "uv_size": [16, 16]},
								"down": {"uv": [16, 32], "uv_size": [16, -16]}
							}
						},
						{
							"origin": [-8, 9, -8],
							"size": [16, 7, 16],
							"uv": {
								"north": {"uv": [0, 16], "uv_size": [16, 7]},
								"east": {"uv": [0, 16], "uv_size": [16, 7]},
								"south": {"uv": [0, 16], "uv_size": [16, 7]},
								"west": {"uv": [0, 16], "uv_size": [16, 7]}
							}
						},
						{
							"origin": [5, 0, 5],
							"size": [2, 9, 2],
							"uv": {
								"north": {"uv": [18, 1], "uv_size": [2, 9]},
								"east": {"uv": [18, 1], "uv_size": [2, 9]},
								"south": {"uv": [18, 1], "uv_size": [2, 9]},
								"west": {"uv": [18, 1], "uv_size": [2, 9]},
								"up": {"uv": [18, 8], "uv_size": [2, 2]},
								"down": {"uv": [18, 10], "uv_size": [2, -2]}
							}
						},
						{
							"origin": [-7, 0, 5],
							"size": [2, 9, 2],
							"uv": {
								"north": {"uv": [18, 1], "uv_size": [2, 9]},
								"east": {"uv": [18, 1], "uv_size": [2, 9]},
								"south": {"uv": [18, 1], "uv_size": [2, 9]},
								"west": {"uv": [18, 1], "uv_size": [2, 9]},
								"up": {"uv": [18, 8], "uv_size": [2, 2]},
								"down": {"uv": [18, 10], "uv_size": [2, -2]}
							}
						}
					]
				},
				{
					"name": "south",
					"pivot": [0, 0, 0],
					"cubes": [
						{
							"origin": [-8, 9, -8],
							"size": [16, 0, 16],
							"uv": {
								"down": {"uv": [0, 16], "uv_size": [16, -16]}
							}
						},
						{
							"origin": [-8, 7, -8],
							"size": [16, 9, 16],
							"uv": {
								"north": {"uv": [0, 16], "uv_size": [16, 9]},
								"east": {"uv": [0, 16], "uv_size": [16, 9]},
								"west": {"uv": [0, 16], "uv_size": [16, 9]},
								"up": {"uv": [0, 0], "uv_size": [16, 16]},
								"down": {"uv": [16, 32], "uv_size": [16, -16]}
							}
						},
						{
							"origin": [-8, 9, -8],
							"size": [16, 7, 16],
							"uv": {
								"north": {"uv": [0, 16], "uv_size": [16, 7]},
								"east": {"uv": [0, 16], "uv_size": [16, 7]},
								"south": {"uv": [0, 16], "uv_size": [16, 7]},
								"west": {"uv": [0, 16], "uv_size": [16, 7]}
							}
						},
						{
							"origin": [-7, 0, -7],
							"size": [2, 9, 2],
							"uv": {
								"north": {"uv": [18, 1], "uv_size": [2, 9]},
								"east": {"uv": [18, 1], "uv_size": [2, 9]},
								"south": {"uv": [18, 1], "uv_size": [2, 9]},
								"west": {"uv": [18, 1], "uv_size": [2, 9]},
								"up": {"uv": [18, 8], "uv_size": [2, 2]},
								"down": {"uv": [18, 10], "uv_size": [2, -2]}
							}
						},
						{
							"origin": [5, 0, -7],
							"size": [2, 9, 2],
							"uv": {
								"north": {"uv": [18, 1], "uv_size": [2, 9]},
								"east": {"uv": [18, 1], "uv_size": [2, 9]},
								"south": {"uv": [18, 1], "uv_size": [2, 9]},
								"west": {"uv": [18, 1], "uv_size": [2, 9]},
								"up": {"uv": [18, 8], "uv_size": [2, 2]},
								"down": {"uv": [18, 10], "uv_size": [2, -2]}
							}
						}
					]
				},
				{
					"name": "east",
					"pivot": [0, 0, 0],
					"cubes": [
						{
							"origin": [-8, 9, -8],
							"size": [16, 0, 16],
							"uv": {
								"down": {"uv": [0, 16], "uv_size": [16, -16]}
							}
						},
						{
							"origin": [-8, 9, -8],
							"size": [16, 7, 16],
							"uv": {
								"north": {"uv": [0, 16], "uv_size": [16, 7]},
								"east": {"uv": [0, 16], "uv_size": [16, 7]},
								"south": {"uv": [0, 16], "uv_size": [16, 7]},
								"west": {"uv": [0, 16], "uv_size": [16, 7]}
							}
						},
						{
							"origin": [-8, 7, -8],
							"size": [16, 9, 16],
							"uv": {
								"north": {"uv": [0, 16], "uv_size": [16, 9]},
								"south": {"uv": [0, 16], "uv_size": [16, 9]},
								"west": {"uv": [0, 16], "uv_size": [16, 9]},
								"up": {"uv": [0, 0], "uv_size": [16, 16]},
								"down": {"uv": [16, 32], "uv_size": [16, -16]}
							}
						},
						{
							"origin": [5, 0, 5],
							"size": [2, 9, 2],
							"uv": {
								"north": {"uv": [18, 1], "uv_size": [2, 9]},
								"east": {"uv": [18, 1], "uv_size": [2, 9]},
								"south": {"uv": [18, 1], "uv_size": [2, 9]},
								"west": {"uv": [18, 1], "uv_size": [2, 9]},
								"up": {"uv": [18, 8], "uv_size": [2, 2]},
								"down": {"uv": [18, 10], "uv_size": [2, -2]}
							}
						},
						{
							"origin": [5, 0, -7],
							"size": [2, 9, 2],
							"uv": {
								"north": {"uv": [18, 1], "uv_size": [2, 9]},
								"east": {"uv": [18, 1], "uv_size": [2, 9]},
								"south": {"uv": [18, 1], "uv_size": [2, 9]},
								"west": {"uv": [18, 1], "uv_size": [2, 9]},
								"up": {"uv": [18, 8], "uv_size": [2, 2]},
								"down": {"uv": [18, 10], "uv_size": [2, -2]}
							}
						}
					]
				},
				{
					"name": "west",
					"pivot": [0, 0, 0],
					"cubes": [
						{
							"origin": [-8, 9, -8],
							"size": [16, 0, 16],
							"uv": {
								"down": {"uv": [0, 16], "uv_size": [16, -16]}
							}
						},
						{
							"origin": [-8, 7, -8],
							"size": [16, 9, 16],
							"uv": {
								"north": {"uv": [0, 16], "uv_size": [16, 9]},
								"east": {"uv": [0, 16], "uv_size": [16, 9]},
								"south": {"uv": [0, 16], "uv_size": [16, 9]},
								"up": {"uv": [0, 0], "uv_size": [16, 16]},
								"down": {"uv": [16, 32], "uv_size": [16, -16]}
							}
						},
						{
							"origin": [-8, 9, -8],
							"size": [16, 7, 16],
							"uv": {
								"north": {"uv": [0, 16], "uv_size": [16, 7]},
								"east": {"uv": [0, 16], "uv_size": [16, 7]},
								"south": {"uv": [0, 16], "uv_size": [16, 7]},
								"west": {"uv": [0, 16], "uv_size": [16, 7]}
							}
						},
						{
							"origin": [-7, 0, -7],
							"size": [2, 9, 2],
							"uv": {
								"north": {"uv": [18, 1], "uv_size": [2, 9]},
								"east": {"uv": [18, 1], "uv_size": [2, 9]},
								"south": {"uv": [18, 1], "uv_size": [2, 9]},
								"west": {"uv": [18, 1], "uv_size": [2, 9]},
								"up": {"uv": [18, 8], "uv_size": [2, 2]},
								"down": {"uv": [18, 10], "uv_size": [2, -2]}
							}
						},
						{
							"origin": [-7, 0, 5],
							"size": [2, 9, 2],
							"uv": {
								"north": {"uv": [18, 1], "uv_size": [2, 9]},
								"east": {"uv": [18, 1], "uv_size": [2, 9]},
								"south": {"uv": [18, 1], "uv_size": [2, 9]},
								"west": {"uv": [18, 1], "uv_size": [2, 9]},
								"up": {"uv": [18, 8], "uv_size": [2, 2]},
								"down": {"uv": [18, 10], "uv_size": [2, -2]}
							}
						}
					]
				},
				{
					"name": "north_n_west",
					"pivot": [0, 0, 0],
					"cubes": [
						{
							"origin": [-8, 9, -8],
							"size": [16, 0, 16],
							"uv": {
								"down": {"uv": [0, 16], "uv_size": [16, -16]}
							}
						},
						{
							"origin": [-8, 7, -8],
							"size": [16, 9, 16],
							"uv": {
								"east": {"uv": [0, 16], "uv_size": [16, 9]},
								"south": {"uv": [0, 16], "uv_size": [16, 9]},
								"up": {"uv": [0, 0], "uv_size": [16, 16]},
								"down": {"uv": [16, 32], "uv_size": [16, -16]}
							}
						},
						{
							"origin": [-7, 0, 5],
							"size": [2, 9, 2],
							"uv": {
								"north": {"uv": [18, 1], "uv_size": [2, 9]},
								"east": {"uv": [18, 1], "uv_size": [2, 9]},
								"south": {"uv": [18, 1], "uv_size": [2, 9]},
								"west": {"uv": [18, 1], "uv_size": [2, 9]},
								"up": {"uv": [18, 8], "uv_size": [2, 2]},
								"down": {"uv": [18, 10], "uv_size": [2, -2]}
							}
						}
					]
				},
				{
					"name": "north_n_east",
					"pivot": [0, 0, 0],
					"cubes": [
						{
							"origin": [-8, 9, -8],
							"size": [16, 0, 16],
							"uv": {
								"down": {"uv": [0, 16], "uv_size": [16, -16]}
							}
						},
						{
							"origin": [-8, 9, -8],
							"size": [16, 7, 16],
							"uv": {
								"north": {"uv": [0, 16], "uv_size": [16, 7]},
								"east": {"uv": [0, 16], "uv_size": [16, 7]},
								"south": {"uv": [0, 16], "uv_size": [16, 7]},
								"west": {"uv": [0, 16], "uv_size": [16, 7]}
							}
						},
						{
							"origin": [-8, 7, -8],
							"size": [16, 9, 16],
							"uv": {
								"south": {"uv": [0, 16], "uv_size": [16, 9]},
								"west": {"uv": [0, 16], "uv_size": [16, 9]},
								"up": {"uv": [0, 0], "uv_size": [16, 16]},
								"down": {"uv": [16, 32], "uv_size": [16, -16]}
							}
						},
						{
							"origin": [5, 0, 5],
							"size": [2, 9, 2],
							"uv": {
								"north": {"uv": [18, 1], "uv_size": [2, 9]},
								"east": {"uv": [18, 1], "uv_size": [2, 9]},
								"south": {"uv": [18, 1], "uv_size": [2, 9]},
								"west": {"uv": [18, 1], "uv_size": [2, 9]},
								"up": {"uv": [18, 8], "uv_size": [2, 2]},
								"down": {"uv": [18, 10], "uv_size": [2, -2]}
							}
						}
					]
				},
				{
					"name": "south_n_west",
					"pivot": [0, 0, 0],
					"cubes": [
						{
							"origin": [-8, 9, -8],
							"size": [16, 0, 16],
							"uv": {
								"down": {"uv": [0, 16], "uv_size": [16, -16]}
							}
						},
						{
							"origin": [-8, 9, -8],
							"size": [16, 7, 16],
							"uv": {
								"north": {"uv": [0, 16], "uv_size": [16, 7]},
								"east": {"uv": [0, 16], "uv_size": [16, 7]},
								"south": {"uv": [0, 16], "uv_size": [16, 7]},
								"west": {"uv": [0, 16], "uv_size": [16, 7]}
							}
						},
						{
							"origin": [-8, 7, -8],
							"size": [16, 9, 16],
							"uv": {
								"north": {"uv": [0, 16], "uv_size": [16, 9]},
								"east": {"uv": [0, 16], "uv_size": [16, 9]},
								"up": {"uv": [0, 0], "uv_size": [16, 16]},
								"down": {"uv": [16, 32], "uv_size": [16, -16]}
							}
						},
						{
							"origin": [-7, 0, -7],
							"size": [2, 9, 2],
							"uv": {
								"north": {"uv": [18, 1], "uv_size": [2, 9]},
								"east": {"uv": [18, 1], "uv_size": [2, 9]},
								"south": {"uv": [18, 1], "uv_size": [2, 9]},
								"west": {"uv": [18, 1], "uv_size": [2, 9]},
								"up": {"uv": [18, 8], "uv_size": [2, 2]},
								"down": {"uv": [18, 10], "uv_size": [2, -2]}
							}
						}
					]
				},
				{
					"name": "south_n_east",
					"pivot": [0, 0, 0],
					"cubes": [
						{
							"origin": [-8, 9, -8],
							"size": [16, 0, 16],
							"uv": {
								"down": {"uv": [0, 16], "uv_size": [16, -16]}
							}
						},
						{
							"origin": [-8, 7, -8],
							"size": [16, 9, 16],
							"uv": {
								"north": {"uv": [0, 16], "uv_size": [16, 9]},
								"west": {"uv": [0, 16], "uv_size": [16, 9]},
								"up": {"uv": [0, 0], "uv_size": [16, 16]},
								"down": {"uv": [16, 32], "uv_size": [16, -16]}
							}
						},
						{
							"origin": [-8, 9, -8],
							"size": [16, 7, 16],
							"uv": {
								"north": {"uv": [0, 16], "uv_size": [16, 7]},
								"east": {"uv": [0, 16], "uv_size": [16, 7]},
								"south": {"uv": [0, 16], "uv_size": [16, 7]},
								"west": {"uv": [0, 16], "uv_size": [16, 7]}
							}
						},
						{
							"origin": [5, 0, -7],
							"size": [2, 9, 2],
							"uv": {
								"north": {"uv": [18, 1], "uv_size": [2, 9]},
								"east": {"uv": [18, 1], "uv_size": [2, 9]},
								"south": {"uv": [18, 1], "uv_size": [2, 9]},
								"west": {"uv": [18, 1], "uv_size": [2, 9]},
								"up": {"uv": [18, 8], "uv_size": [2, 2]},
								"down": {"uv": [18, 10], "uv_size": [2, -2]}
							}
						}
					]
				},
				{
					"name": "north_n_south",
					"pivot": [0, 0, 0],
					"cubes": [
						{
							"origin": [-8, 9, -8],
							"size": [16, 0, 16],
							"uv": {
								"down": {"uv": [0, 16], "uv_size": [16, -16]}
							}
						},
						{
							"origin": [-8, 7, -8],
							"size": [16, 9, 16],
							"uv": {
								"east": {"uv": [0, 16], "uv_size": [16, 9]},
								"west": {"uv": [0, 16], "uv_size": [16, 9]},
								"up": {"uv": [0, 0], "uv_size": [16, 16]},
								"down": {"uv": [16, 32], "uv_size": [16, -16]}
							}
						},
						{
							"origin": [-8, 9, -8],
							"size": [16, 7, 16],
							"uv": {
								"north": {"uv": [0, 16], "uv_size": [16, 7]},
								"east": {"uv": [0, 16], "uv_size": [16, 7]},
								"south": {"uv": [0, 16], "uv_size": [16, 7]},
								"west": {"uv": [0, 16], "uv_size": [16, 7]}
							}
						}
					]
				},
				{
					"name": "east_n_west",
					"pivot": [0, 0, 0],
					"cubes": [
						{
							"origin": [-8, 9, -8],
							"size": [16, 0, 16],
							"uv": {
								"down": {"uv": [0, 16], "uv_size": [16, -16]}
							}
						},
						{
							"origin": [-8, 7, -8],
							"size": [16, 9, 16],
							"uv": {
								"north": {"uv": [0, 16], "uv_size": [16, 9]},
								"south": {"uv": [0, 16], "uv_size": [16, 9]},
								"up": {"uv": [0, 0], "uv_size": [16, 16]},
								"down": {"uv": [16, 32], "uv_size": [16, -16]}
							}
						},
						{
							"origin": [-8, 9, -8],
							"size": [16, 7, 16],
							"uv": {
								"north": {"uv": [0, 16], "uv_size": [16, 7]},
								"east": {"uv": [0, 16], "uv_size": [16, 7]},
								"south": {"uv": [0, 16], "uv_size": [16, 7]},
								"west": {"uv": [0, 16], "uv_size": [16, 7]}
							}
						}
					]
				},
				{
					"name": "north_n_east_n_west",
					"pivot": [0, 0, 0],
					"cubes": [
						{
							"origin": [-8, 9, -8],
							"size": [16, 0, 16],
							"uv": {
								"down": {"uv": [0, 16], "uv_size": [16, -16]}
							}
						},
						{
							"origin": [-8, 9, -8],
							"size": [16, 7, 16],
							"uv": {
								"north": {"uv": [0, 16], "uv_size": [16, 7]},
								"east": {"uv": [0, 16], "uv_size": [16, 7]},
								"south": {"uv": [0, 16], "uv_size": [16, 7]},
								"west": {"uv": [0, 16], "uv_size": [16, 7]}
							}
						},
						{
							"origin": [-8, 7, -8],
							"size": [16, 9, 16],
							"uv": {
								"south": {"uv": [0, 16], "uv_size": [16, 9]},
								"up": {"uv": [0, 0], "uv_size": [16, 16]},
								"down": {"uv": [16, 32], "uv_size": [16, -16]}
							}
						}
					]
				},
				{
					"name": "north_n_south_n_west",
					"pivot": [0, 0, 0],
					"cubes": [
						{
							"origin": [-8, 9, -8],
							"size": [16, 0, 16],
							"uv": {
								"down": {"uv": [0, 16], "uv_size": [16, -16]}
							}
						},
						{
							"origin": [-8, 7, -8],
							"size": [16, 9, 16],
							"uv": {
								"east": {"uv": [0, 16], "uv_size": [16, 9]},
								"up": {"uv": [0, 0], "uv_size": [16, 16]},
								"down": {"uv": [16, 32], "uv_size": [16, -16]}
							}
						},
						{
							"origin": [-8, 9, -8],
							"size": [16, 7, 16],
							"uv": {
								"north": {"uv": [0, 16], "uv_size": [16, 7]},
								"east": {"uv": [0, 16], "uv_size": [16, 7]},
								"south": {"uv": [0, 16], "uv_size": [16, 7]},
								"west": {"uv": [0, 16], "uv_size": [16, 7]}
							}
						}
					]
				},
				{
					"name": "south_n_west_n_east",
					"pivot": [0, 0, 0],
					"cubes": [
						{
							"origin": [-8, 9, -8],
							"size": [16, 0, 16],
							"uv": {
								"down": {"uv": [0, 16], "uv_size": [16, -16]}
							}
						},
						{
							"origin": [-8, 7, -8],
							"size": [16, 9, 16],
							"uv": {
								"north": {"uv": [0, 16], "uv_size": [16, 9]},
								"up": {"uv": [0, 0], "uv_size": [16, 16]},
								"down": {"uv": [16, 32], "uv_size": [16, -16]}
							}
						},
						{
							"origin": [-8, 9, -8],
							"size": [16, 7, 16],
							"uv": {
								"north": {"uv": [0, 16], "uv_size": [16, 7]},
								"east": {"uv": [0, 16], "uv_size": [16, 7]},
								"south": {"uv": [0, 16], "uv_size": [16, 7]},
								"west": {"uv": [0, 16], "uv_size": [16, 7]}
							}
						}
					]
				},
				{
					"name": "south_n_east_n_north",
					"pivot": [0, 0, 0],
					"cubes": [
						{
							"origin": [-8, 9, -8],
							"size": [16, 0, 16],
							"uv": {
								"down": {"uv": [0, 16], "uv_size": [16, -16]}
							}
						},
						{
							"origin": [-8, 9, -8],
							"size": [16, 7, 16],
							"uv": {
								"north": {"uv": [0, 16], "uv_size": [16, 7]},
								"east": {"uv": [0, 16], "uv_size": [16, 7]},
								"south": {"uv": [0, 16], "uv_size": [16, 7]},
								"west": {"uv": [0, 16], "uv_size": [16, 7]}
							}
						},
						{
							"origin": [-8, 7, -8],
							"size": [16, 9, 16],
							"uv": {
								"west": {"uv": [0, 16], "uv_size": [16, 9]},
								"up": {"uv": [0, 0], "uv_size": [16, 16]},
								"down": {"uv": [16, 32], "uv_size": [16, -16]}
							}
						}
					]
				}
			],
			"item_display_transforms": {
				"thirdperson_righthand": {
					"rotation": [75, 45, 0],
					"translation": [0, 2.5, 0],
					"scale": [0.375, 0.375, 0.375],
					"rotation_pivot": [0, 0, 0],
					"scale_pivot": [0, 0, 0]
				},
				"thirdperson_lefthand": {
					"rotation": [75, 45, 0],
					"translation": [0, 2.5, 0],
					"scale": [0.375, 0.375, 0.375],
					"rotation_pivot": [0, 0, 0],
					"scale_pivot": [0, 0, 0]
				},
				"firstperson_righthand": {
					"rotation": [0, 45, 0],
					"translation": [0, 0, 0],
					"scale": [0.4, 0.4, 0.4],
					"rotation_pivot": [0, 0, 0],
					"scale_pivot": [0, 0, 0]
				},
				"firstperson_lefthand": {
					"rotation": [0, -135, 0],
					"translation": [0, 0, 0],
					"scale": [0.4, 0.4, 0.4],
					"rotation_pivot": [0, 0, 0],
					"scale_pivot": [0, 0, 0]
				},
				"ground": {
					"rotation": [0, 0, 0],
					"translation": [0, 3, 0],
					"scale": [0.25, 0.25, 0.25],
					"rotation_pivot": [0, 0, 0],
					"scale_pivot": [0, 0, 0]
				},
				"gui": {
					"rotation": [30, 45, 0],
					"translation": [0, 0, 0],
					"scale": [0.625, 0.625, 0.625],
					"rotation_pivot": [0, 0, 0],
					"scale_pivot": [0, 0, 0],
					"fit_to_frame": false
				},
				"fixed": {
					"rotation": [0, 0, 0],
					"translation": [0, 0, 0],
					"scale": [0.5, 0.5, 0.5],
					"rotation_pivot": [0, 0, 0],
					"scale_pivot": [0, 0, 0]
				}
			}
		}
	]
}