{
	"format_version": "1.12.0",
	"minecraft:geometry": [
		{
			"description": {
				"identifier": "geometry.party_chair",
				"texture_width": 64,
				"texture_height": 64,
				"visible_bounds_width": 2,
				"visible_bounds_height": 2.5,
				"visible_bounds_offset": [0, 0.75, 0]
			},
			"bones": [
				{
					"name": "bb_main",
					"pivot": [0, 0, 0],
					"cubes": [
						{
							"origin": [-4, 0.2, -4],
							"size": [8, 0, 8],
							"uv": {
								"north": {"uv": [0, 0], "uv_size": [8, 0]},
								"east": {"uv": [0, 0], "uv_size": [8, 0]},
								"south": {"uv": [0, 0], "uv_size": [8, 0]},
								"west": {"uv": [0, 0], "uv_size": [8, 0]},
								"up": {"uv": [0, 24], "uv_size": [8, 8]},
								"down": {"uv": [32, 8], "uv_size": [8, -8]}
							}
						},
						{
							"origin": [-1, 0, -1],
							"size": [2, 8, 2],
							"uv": {
								"north": {"uv": [26, 24], "uv_size": [2, 8]},
								"east": {"uv": [28, 24], "uv_size": [-2, 8]},
								"south": {"uv": [26, 24], "uv_size": [2, 8]},
								"west": {"uv": [28, 24], "uv_size": [-2, 8]},
								"up": {"uv": [28, 26], "uv_size": [-2, -2]},
								"down": {"uv": [28, 26], "uv_size": [-2, -2]}
							}
						},
						{
							"origin": [-2, 7, 0.5],
							"size": [4, 7, 6],
							"uv": {
								"south": {"uv": [4, 32], "uv_size": [4, 7]},
								"down": {"uv": [0, 38], "uv_size": [4, -6]}
							}
						},
						{
							"origin": [-6, 8, -6],
							"size": [12, 2, 12],
							"uv": {
								"north": {"uv": [8, 24], "uv_size": [12, 2]},
								"east": {"uv": [24, 8], "uv_size": [12, 2]},
								"south": {"uv": [8, 24], "uv_size": [12, 2]},
								"west": {"uv": [24, 12], "uv_size": [12, 2]},
								"up": {"uv": [0, 0], "uv_size": [12, 12]},
								"down": {"uv": [0, 12], "uv_size": [12, -12]}
							}
						},
						{
							"origin": [-6, 12, 4],
							"size": [12, 12, 2],
							"uv": {
								"north": {"uv": [12, 0], "uv_size": [12, 12]},
								"east": {"uv": [24, 14], "uv_size": [2, 12]},
								"south": {"uv": [12, 13], "uv_size": [12, 12]},
								"west": {"uv": [20, 24], "uv_size": [2, 12]},
								"up": {"uv": [8, 26], "uv_size": [12, 2]},
								"down": {"uv": [8, 26], "uv_size": [12, -2]}
							}
						}
					]
				}
			]
		}
	]
}