{
	"format_version": "1.12.0",
	"minecraft:geometry": [
		{
			"description": {
				"identifier": "geometry.pirate_cove_light",
				"texture_width": 32,
				"texture_height": 32,
				"visible_bounds_width": 3,
				"visible_bounds_height": 2.5,
				"visible_bounds_offset": [0, 0.75, 0]
			},
			"bones": [
				{
					"name": "bb_main",
					"pivot": [0, 0, 0],
					"cubes": [
						{
							"origin": [-4, 0, 2],
							"size": [8, 9, 6],
							"pivot": [0, 5, 5],
							"rotation": [17.5, 0, 0],
							"uv": {
								"north": {"uv": [0, 0], "uv_size": [8, 9]},
								"east": {"uv": [0, 16], "uv_size": [6, 9]},
								"south": {"uv": [8, 0], "uv_size": [8, 9]},
								"west": {"uv": [16, 0], "uv_size": [6, 9]},
								"up": {"uv": [6, 16], "uv_size": [8, 6]},
								"down": {"uv": [14, 22], "uv_size": [8, -6]}
							}
						},
						{
							"origin": [-5, 2, 4],
							"size": [10, 7, 4],
							"pivot": [0, 5, 5],
							"rotation": [17.5, 0, 0],
							"uv": {
								"north": {"uv": [0, 9], "uv_size": [10, 7]},
								"east": {"uv": [24, 17], "uv_size": [4, 7]},
								"south": {"uv": [10, 9], "uv_size": [10, 7]},
								"west": {"uv": [24, 24], "uv_size": [4, 7]},
								"up": {"uv": [20, 9], "uv_size": [10, 4]},
								"down": {"uv": [22, 4], "uv_size": [10, -4]}
							}
						},
						{
							"origin": [-5, 9, 4],
							"size": [10, 4, 4],
							"pivot": [0, 5, 5],
							"rotation": [17.5, 0, 0],
							"uv": {
								"north": {"uv": [22, 4], "uv_size": [10, 4]},
								"east": {"uv": [12, 26], "uv_size": [4, 4]},
								"south": {"uv": [6, 22], "uv_size": [10, 4]},
								"west": {"uv": [16, 26], "uv_size": [4, 4]}
							}
						},
						{
							"origin": [-4, 9, 2],
							"size": [8, 4, 6],
							"pivot": [0, 5, 5],
							"rotation": [17.5, 0, 0],
							"uv": {
								"north": {"uv": [22, 13], "uv_size": [8, 4]},
								"east": {"uv": [0, 25], "uv_size": [6, 4]},
								"south": {"uv": [16, 22], "uv_size": [8, 4]},
								"west": {"uv": [6, 26], "uv_size": [6, 4]}
							}
						}
					]
				}
			]
		}
	]
}