{
	"format_version": "1.12.0",
	"minecraft:geometry": [
		{
			"description": {
				"identifier": "geometry.pizza_slice",
				"texture_width": 32,
				"texture_height": 32,
				"visible_bounds_width": 2,
				"visible_bounds_height": 1.5,
				"visible_bounds_offset": [0, 0.25, 0]
			},
			"bones": [
				{
					"name": "bb_main",
					"pivot": [-0.5, 0.3, 0],
					"cubes": [
						{
							"origin": [-3.5, 0.5, 3],
							"size": [7, 2, 2],
							"uv": {
								"north": {"uv": [0, 12], "uv_size": [7, 2]},
								"east": {"uv": [14, 6], "uv_size": [2, 2]},
								"south": {"uv": [7, 12], "uv_size": [7, 2]},
								"west": {"uv": [7, 14], "uv_size": [2, 2]},
								"up": {"uv": [0, 14], "uv_size": [7, 2]},
								"down": {"uv": [14, 2], "uv_size": [7, -2]}
							}
						},
						{
							"origin": [-3.5, 0.5, -2],
							"size": [7, 1, 5],
							"uv": {
								"north": {"uv": [14, 2], "uv_size": [7, 1]},
								"east": {"uv": [14, 4], "uv_size": [5, 1]},
								"south": {"uv": [14, 3], "uv_size": [7, 1]},
								"west": {"uv": [14, 5], "uv_size": [5, 1]},
								"up": {"uv": [0, 0], "uv_size": [7, 5]},
								"down": {"uv": [0, 11], "uv_size": [7, -5]}
							}
						},
						{
							"origin": [-3.5, 0.5, -8],
							"size": [7, 0.1, 6],
							"uv": {
								"up": {"uv": [7, 0], "uv_size": [7, 6]},
								"down": {"uv": [7, 12], "uv_size": [7, -6]}
							}
						}
					]
				}
			]
		}
	]
}