{
	"format_version": "1.21.20",
	"minecraft:geometry": [
		{
			"description": {
				"identifier": "geometry.restroom_stall",
				"texture_width": 112,
				"texture_height": 112,
				"visible_bounds_width": 4,
				"visible_bounds_height": 4,
				"visible_bounds_offset": [
					0,
					1,
					0
				]
			},
			"bones": [
				{
					"name": "bottom_side",
					"pivot": [
						0,
						0,
						0
					],
					"cubes": [
						{
							"origin": [
								7,
								2,
								-18
							],
							"size": [
								1,
								14,
								26
							],
							"uv": {
								"north": {
									"uv": [
										82,
										48
									],
									"uv_size": [
										1,
										14
									]
								},
								"east": {
									"uv": [
										56,
										48
									],
									"uv_size": [
										26,
										14
									]
								},
								"south": {
									"uv": [
										111,
										48
									],
									"uv_size": [
										1,
										14
									]
								},
								"west": {
									"uv": [
										84,
										48
									],
									"uv_size": [
										26,
										14
									]
								},
								"up": {
									"uv": [
										82,
										0
									],
									"uv_size": [
										1,
										26
									]
								},
								"down": {
									"uv": [
										84,
										26
									],
									"uv_size": [
										1,
										-26
									]
								}
							}
						},
						{
							"origin": [
								-8,
								2,
								-18
							],
							"size": [
								1,
								14,
								26
							],
							"uv": {
								"north": {
									"uv": [
										27,
										48
									],
									"uv_size": [
										1,
										14
									]
								},
								"east": {
									"uv": [
										0,
										48
									],
									"uv_size": [
										26,
										14
									]
								},
								"south": {
									"uv": [
										54,
										48
									],
									"uv_size": [
										1,
										14
									]
								},
								"west": {
									"uv": [
										28,
										48
									],
									"uv_size": [
										26,
										14
									]
								},
								"up": {
									"uv": [
										27,
										0
									],
									"uv_size": [
										1,
										26
									]
								},
								"down": {
									"uv": [
										29,
										26
									],
									"uv_size": [
										1,
										-26
									]
								}
							}
						},
						{
							"origin": [
								-8,
								0,
								-18
							],
							"size": [
								1,
								2,
								3
							],
							"uv": {
								"north": {
									"uv": [
										48,
										68
									],
									"uv_size": [
										1,
										2
									]
								},
								"east": {
									"uv": [
										44,
										68
									],
									"uv_size": [
										3,
										2
									]
								},
								"south": {
									"uv": [
										52,
										68
									],
									"uv_size": [
										1,
										2
									]
								},
								"west": {
									"uv": [
										49,
										68
									],
									"uv_size": [
										3,
										2
									]
								},
								"up": {
									"uv": [
										48,
										65
									],
									"uv_size": [
										1,
										3
									]
								},
								"down": {
									"uv": [
										50,
										68
									],
									"uv_size": [
										1,
										-3
									]
								}
							}
						},
						{
							"origin": [
								7,
								0,
								-18
							],
							"size": [
								1,
								2,
								3
							],
							"uv": {
								"north": {
									"uv": [
										47,
										73
									],
									"uv_size": [
										1,
										2
									]
								},
								"east": {
									"uv": [
										44,
										73
									],
									"uv_size": [
										3,
										2
									]
								},
								"south": {
									"uv": [
										53,
										73
									],
									"uv_size": [
										1,
										2
									]
								},
								"west": {
									"uv": [
										49,
										73
									],
									"uv_size": [
										3,
										2
									]
								},
								"up": {
									"uv": [
										47,
										70
									],
									"uv_size": [
										1,
										3
									]
								},
								"down": {
									"uv": [
										49,
										73
									],
									"uv_size": [
										1,
										-3
									]
								}
							}
						},
						{
							"origin": [
								7,
								0,
								5
							],
							"size": [
								1,
								2,
								3
							],
							"uv": {
								"north": {
									"uv": [
										67,
										73
									],
									"uv_size": [
										1,
										2
									]
								},
								"east": {
									"uv": [
										64,
										73
									],
									"uv_size": [
										3,
										2
									]
								},
								"south": {
									"uv": [
										73,
										73
									],
									"uv_size": [
										1,
										2
									]
								},
								"west": {
									"uv": [
										69,
										73
									],
									"uv_size": [
										3,
										2
									]
								},
								"up": {
									"uv": [
										67,
										70
									],
									"uv_size": [
										1,
										3
									]
								},
								"down": {
									"uv": [
										69,
										73
									],
									"uv_size": [
										1,
										-3
									]
								}
							}
						},
						{
							"origin": [
								-8,
								0,
								5
							],
							"size": [
								1,
								2,
								3
							],
							"uv": {
								"north": {
									"uv": [
										68,
										73
									],
									"uv_size": [
										1,
										2
									]
								},
								"east": {
									"uv": [
										64,
										73
									],
									"uv_size": [
										3,
										2
									]
								},
								"south": {
									"uv": [
										72,
										73
									],
									"uv_size": [
										1,
										2
									]
								},
								"west": {
									"uv": [
										69,
										73
									],
									"uv_size": [
										3,
										2
									]
								},
								"up": {
									"uv": [
										68,
										70
									],
									"uv_size": [
										1,
										3
									]
								},
								"down": {
									"uv": [
										70,
										73
									],
									"uv_size": [
										1,
										-3
									]
								}
							}
						}
					]
				},
				{
					"name": "top_side",
					"pivot": [
						-0.5,
						11.5,
						-16
					],
					"cubes": [
						{
							"origin": [
								-8,
								0,
								-18
							],
							"size": [
								1,
								22,
								26
							],
							"uv": {
								"north": {
									"uv": [
										27,
										26
									],
									"uv_size": [
										1,
										22
									]
								},
								"east": {
									"uv": [
										0,
										26
									],
									"uv_size": [
										26,
										22
									]
								},
								"south": {
									"uv": [
										54,
										26
									],
									"uv_size": [
										1,
										22
									]
								},
								"west": {
									"uv": [
										28,
										26
									],
									"uv_size": [
										26,
										22
									]
								},
								"up": {
									"uv": [
										27,
										0
									],
									"uv_size": [
										1,
										26
									]
								},
								"down": {
									"uv": [
										29,
										26
									],
									"uv_size": [
										1,
										-26
									]
								}
							}
						},
						{
							"origin": [
								-8,
								22,
								-18
							],
							"size": [
								1,
								2,
								3
							],
							"uv": {
								"north": {
									"uv": [
										58,
										68
									],
									"uv_size": [
										1,
										2
									]
								},
								"east": {
									"uv": [
										54,
										68
									],
									"uv_size": [
										3,
										2
									]
								},
								"south": {
									"uv": [
										62,
										68
									],
									"uv_size": [
										1,
										2
									]
								},
								"west": {
									"uv": [
										59,
										68
									],
									"uv_size": [
										3,
										2
									]
								},
								"up": {
									"uv": [
										58,
										65
									],
									"uv_size": [
										1,
										3
									]
								},
								"down": {
									"uv": [
										60,
										68
									],
									"uv_size": [
										1,
										-3
									]
								}
							}
						},
						{
							"origin": [
								-7,
								20,
								-16.5
							],
							"size": [
								14,
								2,
								1
							],
							"uv": [
								48,
								62
							]
						},
						{
							"origin": [
								7,
								22,
								-18
							],
							"size": [
								1,
								2,
								3
							],
							"uv": {
								"north": {
									"uv": [
										58,
										73
									],
									"uv_size": [
										1,
										2
									]
								},
								"east": {
									"uv": [
										54,
										73
									],
									"uv_size": [
										3,
										2
									]
								},
								"south": {
									"uv": [
										62,
										73
									],
									"uv_size": [
										1,
										2
									]
								},
								"west": {
									"uv": [
										59,
										73
									],
									"uv_size": [
										3,
										2
									]
								},
								"up": {
									"uv": [
										58,
										70
									],
									"uv_size": [
										1,
										3
									]
								},
								"down": {
									"uv": [
										60,
										73
									],
									"uv_size": [
										1,
										-3
									]
								}
							}
						},
						{
							"origin": [
								7,
								0,
								-18
							],
							"size": [
								1,
								22,
								26
							],
							"uv": {
								"north": {
									"uv": [
										82,
										26
									],
									"uv_size": [
										1,
										22
									]
								},
								"east": {
									"uv": [
										56,
										26
									],
									"uv_size": [
										26,
										22
									]
								},
								"south": {
									"uv": [
										111,
										26
									],
									"uv_size": [
										1,
										22
									]
								},
								"west": {
									"uv": [
										84,
										26
									],
									"uv_size": [
										26,
										22
									]
								},
								"up": {
									"uv": [
										82,
										0
									],
									"uv_size": [
										1,
										26
									]
								},
								"down": {
									"uv": [
										84,
										26
									],
									"uv_size": [
										1,
										-26
									]
								}
							}
						}
					]
				},
				{
					"name": "item_visual",
					"pivot": [
						0,
						10.8,
						2.6
					],
					"cubes": [
						{
							"origin": [
								-5,
								7,
								-4
							],
							"size": [
								1,
								7,
								12
							],
							"uv": {
								"north": {
									"uv": [
										27,
										26
									],
									"uv_size": [
										1,
										22
									]
								},
								"east": {
									"uv": [
										0,
										26
									],
									"uv_size": [
										26,
										22
									]
								},
								"south": {
									"uv": [
										54,
										26
									],
									"uv_size": [
										1,
										22
									]
								},
								"west": {
									"uv": [
										28,
										26
									],
									"uv_size": [
										26,
										22
									]
								},
								"up": {
									"uv": [
										27,
										0
									],
									"uv_size": [
										1,
										26
									]
								},
								"down": {
									"uv": [
										29,
										26
									],
									"uv_size": [
										1,
										-26
									]
								}
							}
						},
						{
							"origin": [
								-5,
								14,
								-4
							],
							"size": [
								1,
								1,
								2
							],
							"uv": {
								"north": {
									"uv": [
										58,
										69
									],
									"uv_size": [
										1,
										1
									]
								},
								"east": {
									"uv": [
										55,
										69
									],
									"uv_size": [
										2,
										1
									]
								},
								"south": {
									"uv": [
										62,
										69
									],
									"uv_size": [
										1,
										1
									]
								},
								"west": {
									"uv": [
										59,
										69
									],
									"uv_size": [
										2,
										1
									]
								},
								"up": {
									"uv": [
										58,
										66
									],
									"uv_size": [
										1,
										2
									]
								},
								"down": {
									"uv": [
										60,
										68
									],
									"uv_size": [
										1,
										-2
									]
								}
							}
						},
						{
							"origin": [
								4,
								14,
								-4
							],
							"size": [
								1,
								1,
								2
							],
							"uv": {
								"north": {
									"uv": [
										58,
										74
									],
									"uv_size": [
										1,
										1
									]
								},
								"east": {
									"uv": [
										55,
										74
									],
									"uv_size": [
										2,
										1
									]
								},
								"south": {
									"uv": [
										62,
										74
									],
									"uv_size": [
										1,
										1
									]
								},
								"west": {
									"uv": [
										59,
										74
									],
									"uv_size": [
										2,
										1
									]
								},
								"up": {
									"uv": [
										58,
										71
									],
									"uv_size": [
										1,
										2
									]
								},
								"down": {
									"uv": [
										60,
										73
									],
									"uv_size": [
										1,
										-2
									]
								}
							}
						},
						{
							"origin": [
								4,
								7,
								-4
							],
							"size": [
								1,
								7,
								12
							],
							"uv": {
								"north": {
									"uv": [
										82,
										26
									],
									"uv_size": [
										1,
										22
									]
								},
								"east": {
									"uv": [
										56,
										26
									],
									"uv_size": [
										26,
										22
									]
								},
								"south": {
									"uv": [
										111,
										26
									],
									"uv_size": [
										1,
										22
									]
								},
								"west": {
									"uv": [
										84,
										26
									],
									"uv_size": [
										26,
										22
									]
								},
								"up": {
									"uv": [
										82,
										0
									],
									"uv_size": [
										1,
										26
									]
								},
								"down": {
									"uv": [
										84,
										26
									],
									"uv_size": [
										1,
										-26
									]
								}
							}
						},
						{
							"origin": [
								4,
								1,
								-4
							],
							"size": [
								1,
								6,
								12
							],
							"uv": {
								"north": {
									"uv": [
										82,
										48
									],
									"uv_size": [
										1,
										14
									]
								},
								"east": {
									"uv": [
										56,
										48
									],
									"uv_size": [
										26,
										14
									]
								},
								"south": {
									"uv": [
										111,
										48
									],
									"uv_size": [
										1,
										14
									]
								},
								"west": {
									"uv": [
										84,
										48
									],
									"uv_size": [
										26,
										14
									]
								},
								"up": {
									"uv": [
										82,
										0
									],
									"uv_size": [
										1,
										26
									]
								},
								"down": {
									"uv": [
										84,
										26
									],
									"uv_size": [
										1,
										-26
									]
								}
							}
						},
						{
							"origin": [
								-5,
								1,
								-4
							],
							"size": [
								1,
								6,
								12
							],
							"uv": {
								"north": {
									"uv": [
										27,
										48
									],
									"uv_size": [
										1,
										14
									]
								},
								"east": {
									"uv": [
										0,
										48
									],
									"uv_size": [
										26,
										14
									]
								},
								"south": {
									"uv": [
										54,
										48
									],
									"uv_size": [
										1,
										14
									]
								},
								"west": {
									"uv": [
										28,
										48
									],
									"uv_size": [
										26,
										14
									]
								},
								"up": {
									"uv": [
										27,
										0
									],
									"uv_size": [
										1,
										26
									]
								},
								"down": {
									"uv": [
										29,
										26
									],
									"uv_size": [
										1,
										-26
									]
								}
							}
						},
						{
							"origin": [
								4,
								0,
								6
							],
							"size": [
								1,
								1,
								2
							],
							"uv": {
								"north": {
									"uv": [
										67,
										73
									],
									"uv_size": [
										1,
										1
									]
								},
								"east": {
									"uv": [
										64,
										73
									],
									"uv_size": [
										2,
										1
									]
								},
								"south": {
									"uv": [
										73,
										73
									],
									"uv_size": [
										1,
										1
									]
								},
								"west": {
									"uv": [
										70,
										73
									],
									"uv_size": [
										2,
										1
									]
								},
								"up": {
									"uv": [
										67,
										70
									],
									"uv_size": [
										1,
										2
									]
								},
								"down": {
									"uv": [
										69,
										72
									],
									"uv_size": [
										1,
										-2
									]
								}
							}
						},
						{
							"origin": [
								4,
								0,
								-4
							],
							"size": [
								1,
								1,
								2
							],
							"uv": {
								"north": {
									"uv": [
										47,
										73
									],
									"uv_size": [
										1,
										1
									]
								},
								"east": {
									"uv": [
										44,
										73
									],
									"uv_size": [
										2,
										1
									]
								},
								"south": {
									"uv": [
										53,
										73
									],
									"uv_size": [
										1,
										1
									]
								},
								"west": {
									"uv": [
										50,
										73
									],
									"uv_size": [
										2,
										1
									]
								},
								"up": {
									"uv": [
										47,
										70
									],
									"uv_size": [
										1,
										2
									]
								},
								"down": {
									"uv": [
										49,
										72
									],
									"uv_size": [
										1,
										-2
									]
								}
							}
						},
						{
							"origin": [
								-5,
								0,
								6
							],
							"size": [
								1,
								1,
								2
							],
							"uv": {
								"north": {
									"uv": [
										48,
										68
									],
									"uv_size": [
										1,
										1
									]
								},
								"east": {
									"uv": [
										44,
										68
									],
									"uv_size": [
										2,
										1
									]
								},
								"south": {
									"uv": [
										52,
										68
									],
									"uv_size": [
										1,
										1
									]
								},
								"west": {
									"uv": [
										50,
										68
									],
									"uv_size": [
										2,
										1
									]
								},
								"up": {
									"uv": [
										48,
										65
									],
									"uv_size": [
										1,
										2
									]
								},
								"down": {
									"uv": [
										50,
										67
									],
									"uv_size": [
										1,
										-2
									]
								}
							}
						},
						{
							"origin": [
								-5,
								0,
								-4
							],
							"size": [
								1,
								1,
								2
							],
							"uv": {
								"north": {
									"uv": [
										48,
										68
									],
									"uv_size": [
										1,
										1
									]
								},
								"east": {
									"uv": [
										44,
										68
									],
									"uv_size": [
										2,
										1
									]
								},
								"south": {
									"uv": [
										52,
										68
									],
									"uv_size": [
										1,
										1
									]
								},
								"west": {
									"uv": [
										50,
										68
									],
									"uv_size": [
										2,
										1
									]
								},
								"up": {
									"uv": [
										48,
										65
									],
									"uv_size": [
										1,
										2
									]
								},
								"down": {
									"uv": [
										50,
										67
									],
									"uv_size": [
										1,
										-2
									]
								}
							}
						},
						{
							"origin": [
								-4,
								13,
								-3.5
							],
							"size": [
								8,
								1,
								1
							],
							"uv": {
								"north": {
									"uv": [
										49,
										63
									],
									"uv_size": [
										14,
										1
									]
								},
								"east": {
									"uv": [
										48,
										63
									],
									"uv_size": [
										1,
										1
									]
								},
								"south": {
									"uv": [
										64,
										63
									],
									"uv_size": [
										14,
										1
									]
								},
								"west": {
									"uv": [
										63,
										63
									],
									"uv_size": [
										1,
										1
									]
								},
								"up": {
									"uv": [
										49,
										62
									],
									"uv_size": [
										14,
										1
									]
								},
								"down": {
									"uv": [
										63,
										63
									],
									"uv_size": [
										14,
										-1
									]
								}
							}
						}
					]
				}
			],
			"item_display_transforms": {
				"thirdperson_righthand": {
					"rotation": [
						75,
						45,
						0
					],
					"translation": [
						0,
						2.5,
						0
					],
					"scale": [
						0.375,
						0.375,
						0.375
					],
					"rotation_pivot": [
						0,
						0,
						0
					],
					"scale_pivot": [
						0,
						0,
						0
					]
				},
				"gui": {
					"rotation": [
						30,
						45,
						0
					],
					"translation": [
						0,
						0,
						0
					],
					"scale": [
						0.625,
						0.625,
						0.625
					],
					"rotation_pivot": [
						0,
						0,
						0
					],
					"scale_pivot": [
						0,
						0,
						0
					],
					"fit_to_frame": false
				}
			}
		}
	]
}