{
	"format_version": "1.21.20",
	"minecraft:geometry": [
		{
			"description": {
				"identifier": "geometry.retro_phone",
				"texture_width": 48,
				"texture_height": 48,
				"visible_bounds_width": 2,
				"visible_bounds_height": 1.5,
				"visible_bounds_offset": [0, 0.25, 0]
			},
			"bones": [
				{
					"name": "rotary_phone",
					"pivot": [0, 3.28785, -0.74973],
					"cubes": [
						{"origin": [-2.5, 5.5, -1.5], "size": [5, 1, 4], "uv": [22, 24]},
						{"origin": [-3, 2.5, -2], "size": [6, 3, 5], "uv": [0, 18]},
						{"origin": [-2, 1.77084, -2.60676], "size": [4, 4, 0], "pivot": [0, 3.77084, -2.60676], "rotation": [-17.5, 0, 0], "uv": [0, 26]},
						{"origin": [-1.5, 2.45627, -2.89164], "size": [3, 3, 0], "pivot": [0, 3.95627, -2.89164], "rotation": [-17.5, 0, 0], "uv": [26, 2]},
						{"origin": [-3.5, 0.5, -3], "size": [7, 2, 6], "uv": [0, 0]},
						{"origin": [-3, 0, -2.5], "size": [6, 1, 5], "uv": [22, 18]}
					]
				},
				{
					"name": "phone",
					"parent": "rotary_phone",
					"pivot": [-2.5, 4.375, 0.5],
					"cubes": [
						{"origin": [-5, 5, -1], "size": [10, 2, 3], "uv": [0, 8]},
						{"origin": [-5, 5, -1], "size": [10, 2, 3], "inflate": 0.2, "uv": [0, 13]},
						{"origin": [-6, 2, 0], "size": [1, 4, 1], "uv": [26, 5]},
						{"origin": [-6, 1, 0], "size": [3, 1, 1], "uv": [26, 0]}
					]
				}
			],
			"item_display_transforms": {
				"thirdperson_righthand": {
					"rotation": [75, 45, 0],
					"translation": [0, 2.5, 0],
					"scale": [0.375, 0.375, 0.375],
					"rotation_pivot": [0, 0, 0],
					"scale_pivot": [0, 0, 0]
				},
				"thirdperson_lefthand": {
					"rotation": [75, 45, 0],
					"translation": [0, 2.5, 0],
					"scale": [0.375, 0.375, 0.375],
					"rotation_pivot": [0, 0, 0],
					"scale_pivot": [0, 0, 0]
				},
				"firstperson_righthand": {
					"rotation": [-180, 37, -180],
					"translation": [0, 6.25, 0],
					"scale": [1, 1, 1],
					"rotation_pivot": [0, 0, 0],
					"scale_pivot": [0, 0, 0]
				},
				"firstperson_lefthand": {
					"rotation": [-180, 37, -180],
					"translation": [0, 6.25, 0],
					"scale": [1, 1, 1],
					"rotation_pivot": [0, 0, 0],
					"scale_pivot": [0, 0, 0]
				},
				"ground": {
					"rotation": [0, 0, 0],
					"translation": [0, 3, 0],
					"scale": [0.25, 0.25, 0.25],
					"rotation_pivot": [0, 0, 0],
					"scale_pivot": [0, 0, 0]
				},
				"gui": {
					"rotation": [-154.25, 45, -180],
					"translation": [0, 3.25, 0],
					"scale": [0.9, 0.9, 0.9],
					"rotation_pivot": [0, 0, 0],
					"scale_pivot": [0, 0, 0],
					"fit_to_frame": false
				},
				"fixed": {
					"rotation": [0, 0, 0],
					"translation": [0, 0, 0],
					"scale": [0.5, 0.5, 0.5],
					"rotation_pivot": [0, 0, 0],
					"scale_pivot": [0, 0, 0]
				}
			}
		}
	]
}