{
	"format_version": "1.12.0",
	"minecraft:geometry": [
		{
			"description": {
				"identifier": "geometry.security_desk_prop_left",
				"texture_width": 16,
				"texture_height": 16,
				"visible_bounds_width": 3,
				"visible_bounds_height": 2.5,
				"visible_bounds_offset": [0, 0.75, 0]
			},
			"bones": [
				{
					"name": "left",
					"pivot": [5.34615, 2.81538, -0.38461],
					"cubes": [
						{
							"origin": [2, 0.4, -3],
							"size": [3, 3, 3],
							"pivot": [3.5, 1.9, -1.5],
							"rotation": [0, -20, 0],
							"uv": {
								"north": {"uv": [5.75, 0.5], "uv_size": [0.375, 0.375]},
								"east": {"uv": [5.75, 0.5], "uv_size": [0.375, 0.375]},
								"south": {"uv": [5.75, 0.5], "uv_size": [0.375, 0.375]},
								"west": {"uv": [5.75, 0.5], "uv_size": [0.375, 0.375]},
								"up": {"uv": [6.125, 0.875], "uv_size": [-0.375, -0.375]},
								"down": {"uv": [6.125, 0.875], "uv_size": [-0.375, -0.375]}
							}
						},
						{
							"origin": [0, 0.4, -5],
							"size": [2, 2, 2],
							"uv": {
								"north": {"uv": [6.125, 0.375], "uv_size": [0.25, 0.25]},
								"east": {"uv": [6.125, 0.375], "uv_size": [0.25, 0.25]},
								"south": {"uv": [6.125, 0.375], "uv_size": [0.25, 0.25]},
								"west": {"uv": [6.125, 0.375], "uv_size": [0.25, 0.25]},
								"up": {"uv": [6.375, 0.625], "uv_size": [-0.25, -0.25]},
								"down": {"uv": [6.375, 0.625], "uv_size": [-0.25, -0.25]}
							}
						},
						{
							"origin": [2, 0.4, -3],
							"size": [3, 3, 3],
							"inflate": 0.2,
							"pivot": [3.5, 1.9, -1.5],
							"rotation": [0, -20, 0],
							"uv": {
								"north": {"uv": [5.75, 0.125], "uv_size": [0.375, 0.375]},
								"east": {"uv": [5.75, 0.125], "uv_size": [0.375, 0.375]},
								"south": {"uv": [5.75, 0.125], "uv_size": [0.375, 0.375]},
								"west": {"uv": [5.75, 0.125], "uv_size": [0.375, 0.375]},
								"up": {"uv": [6.125, 0.5], "uv_size": [-0.375, -0.375]},
								"down": {"uv": [6.125, 0.5], "uv_size": [-0.375, -0.375]}
							}
						},
						{
							"origin": [0, 0.4, -5],
							"size": [2, 2, 2],
							"inflate": 0.2,
							"uv": {
								"north": {"uv": [6.375, 0.375], "uv_size": [-0.25, -0.25]},
								"east": {"uv": [6.375, 0.375], "uv_size": [-0.25, -0.25]},
								"south": {"uv": [6.375, 0.375], "uv_size": [-0.25, -0.25]},
								"west": {"uv": [6.375, 0.375], "uv_size": [-0.25, -0.25]},
								"up": {"uv": [6.125, 0.125], "uv_size": [0.25, 0.25]},
								"down": {"uv": [6.125, 0.125], "uv_size": [0.25, 0.25]}
							}
						},
						{
							"origin": [5.57062, 0, -7.90788],
							"size": [4, 5, 4],
							"pivot": [24.57062, 0, -6.90788],
							"rotation": [0, 10, 0],
							"uv": {
								"north": {"uv": [0.625, 7.625], "uv_size": [0.5, 0.625]},
								"east": {"uv": [0.625, 7.625], "uv_size": [0.5, 0.625]},
								"south": {"uv": [0.625, 7.625], "uv_size": [0.5, 0.625]},
								"west": {"uv": [0.625, 7.625], "uv_size": [0.5, 0.625]},
								"up": {"uv": [0, 8.875], "uv_size": [0.5, 0.5]},
								"down": {"uv": [0.5, 9.375], "uv_size": [0.5, -0.5]}
							}
						},
						{
							"origin": [5.57062, 4, -7.90788],
							"size": [4, 2, 4],
							"inflate": 0.1,
							"pivot": [24.57062, 1, -6.90788],
							"rotation": [0, 10, 0],
							"uv": {
								"north": {"uv": [2.125, 7.625], "uv_size": [0.5, 0.25]},
								"east": {"uv": [2.125, 7.625], "uv_size": [0.5, 0.25]},
								"south": {"uv": [2.125, 7.625], "uv_size": [0.5, 0.25]},
								"west": {"uv": [2.125, 7.625], "uv_size": [0.5, 0.25]},
								"up": {"uv": [1, 8.875], "uv_size": [0.5, 0.5]},
								"down": {"uv": [1.5, 9.375], "uv_size": [0.5, -0.5]}
							}
						},
						{
							"origin": [5.74426, 5, -5.92308],
							"size": [5, 5, 0],
							"pivot": [24.74426, 5, -5.92308],
							"rotation": [0, 10, 0],
							"uv": {
								"north": {"uv": [0, 7.625], "uv_size": [0.625, 0.625]},
								"east": {"uv": [0, 7.625], "uv_size": [0, 0.625]},
								"south": {"uv": [0, 8.25], "uv_size": [0.625, 0.625]},
								"west": {"uv": [0, 7.625], "uv_size": [0, 0.625]},
								"up": {"uv": [0, 7.625], "uv_size": [0.625, 0]},
								"down": {"uv": [0, 7.625], "uv_size": [0.625, 0]}
							}
						},
						{
							"origin": [-7, 0, 1],
							"size": [8, 8, 7],
							"pivot": [-3, 4, 4.5],
							"rotation": [0, -15, 0],
							"uv": {
								"north": {"uv": [4.875, 11.25], "uv_size": [1, 1]},
								"east": {"uv": [4.875, 10.25], "uv_size": [0.875, 1]},
								"south": {"uv": [5.75, 10.25], "uv_size": [1, 1]},
								"west": {"uv": [4.875, 10.25], "uv_size": [0.875, 1]},
								"up": {"uv": [5.875, 10.25], "uv_size": [-1, -0.875]},
								"down": {"uv": [5.875, 10.25], "uv_size": [-1, -0.875]}
							}
						},
						{
							"origin": [2, 0, 1],
							"size": [9, 4, 7],
							"uv": {
								"north": {"uv": [5.875, 11.75], "uv_size": [1.125, 0.5]},
								"east": {"uv": [9.625, 9.25], "uv_size": [0.875, 0.5]},
								"south": {"uv": [10.5, 9.25], "uv_size": [1.125, 0.5]},
								"west": {"uv": [9.625, 9.25], "uv_size": [0.875, 0.5]},
								"up": {"uv": [10.75, 10.625], "uv_size": [-1.125, -0.875]},
								"down": {"uv": [10.75, 10.625], "uv_size": [-1.125, -0.875]}
							}
						},
						{
							"origin": [4, 4, 1],
							"size": [7, 7, 7],
							"pivot": [7.5, 7.5, 4.5],
							"rotation": [0, 12.5, 0],
							"uv": {
								"north": {"uv": [7, 11.375], "uv_size": [0.875, 0.875]},
								"east": {"uv": [9.625, 10.625], "uv_size": [0.875, 0.875]},
								"south": {"uv": [10.5, 10.625], "uv_size": [0.875, 0.875]},
								"west": {"uv": [9.625, 10.625], "uv_size": [0.875, 0.875]},
								"up": {"uv": [7.875, 11.375], "uv_size": [-0.875, -0.875]},
								"down": {"uv": [7.875, 11.375], "uv_size": [-0.875, -0.875]}
							}
						},
						{
							"origin": [-4.5, 0.1, -6],
							"size": [7, 0, 9],
							"pivot": [-1, 0.1, -1.5],
							"rotation": [0, 25, 0],
							"uv": {
								"up": {"uv": [5.75, 2.125], "uv_size": [0.875, 1.125]}
							}
						},
						{
							"origin": [10.5, 0.1, -6],
							"size": [5, 0, 8],
							"pivot": [13, 0.1, -2],
							"rotation": [0, -5, 0],
							"uv": {
								"up": {"uv": [5.75, 3.25], "uv_size": [0.625, 1]}
							}
						}
					]
				}
			]
		}
	]
}