{
	"format_version": "1.12.0",
	"minecraft:geometry": [
		{
			"description": {
				"identifier": "geometry.security_desk_prop_right",
				"texture_width": 16,
				"texture_height": 16,
				"visible_bounds_width": 4,
				"visible_bounds_height": 3.5,
				"visible_bounds_offset": [0, 1.25, 0]
			},
			"bones": [
				{
					"name": "right",
					"pivot": [0, 0, -2],
					"cubes": [
						{
							"origin": [-11.72008, 0, -11.26951],
							"size": [7, 2, 8],
							"pivot": [7.27992, 0, -10.26951],
							"rotation": [0, 25, 0],
							"uv": {
								"north": {"uv": [3.375, 0.5], "uv_size": [0.875, 0.25]},
								"east": {"uv": [2.875, 2], "uv_size": [1, 0.25]},
								"south": {"uv": [3.375, 0.75], "uv_size": [0.875, 0.25]},
								"west": {"uv": [2.625, 3.125], "uv_size": [1, 0.25]},
								"up": {"uv": [0, 2.5], "uv_size": [0.875, 1]},
								"down": {"uv": [2.5, 1], "uv_size": [0.875, -1]}
							}
						},
						{
							"origin": [-9.29747, 2, -6.3632],
							"size": [3, 6, 2],
							"pivot": [7.70253, -1, -9.3632],
							"rotation": [0, 25, 0],
							"uv": {
								"north": {"uv": [1.875, 2.875], "uv_size": [0.375, 0.75]},
								"east": {"uv": [1.25, 3.375], "uv_size": [0.25, 0.75]},
								"south": {"uv": [2.25, 3.125], "uv_size": [0.375, 0.75]},
								"west": {"uv": [1.5, 3.375], "uv_size": [0.25, 0.75]},
								"up": {"uv": [2.625, 3.375], "uv_size": [0.375, 0.25]},
								"down": {"uv": [3, 3.625], "uv_size": [0.375, -0.25]}
							}
						},
						{
							"origin": [-15.41056, 5, -9.89474],
							"size": [11, 11, 3],
							"pivot": [5.58944, 8, -13.89474],
							"rotation": [0, 25, 0],
							"uv": {
								"north": {"uv": [0, 4.625], "uv_size": [1.375, 1.375]},
								"east": {"uv": [1.375, 4.625], "uv_size": [0.375, 1.375]},
								"south": {"uv": [0, 4.625], "uv_size": [1.375, 1.375]},
								"west": {"uv": [1.75, 4.625], "uv_size": [0.375, 1.375]},
								"up": {"uv": [1.375, 6], "uv_size": [-1.375, 0.375]},
								"down": {"uv": [1.375, 6.75], "uv_size": [-1.375, -0.375]}
							}
						},
						{
							"origin": [-11.13393, 5, -2.35946],
							"size": [10, 10, 0],
							"pivot": [-6.13393, 10, -2.35946],
							"rotation": [0, 25, 0],
							"uv": {
								"north": {"uv": [1.25, 0], "uv_size": [1.25, 1.25]},
								"east": {"uv": [0, 0], "uv_size": [0, 1.25]},
								"south": {"uv": [1.25, 1.25], "uv_size": [1.25, 1.25]},
								"west": {"uv": [0, 0], "uv_size": [0, 1.25]},
								"up": {"uv": [0, 0], "uv_size": [1.25, 0]},
								"down": {"uv": [0, 0], "uv_size": [1.25, 0]}
							}
						},
						{
							"origin": [-10.72008, 8, -7.26951],
							"size": [5, 4, 4],
							"pivot": [7.27992, 8, -10.26951],
							"rotation": [0, 25, 0],
							"uv": {
								"north": {"uv": [2.5, 2.625], "uv_size": [0.625, 0.5]},
								"east": {"uv": [3.125, 2.625], "uv_size": [0.5, 0.5]},
								"south": {"uv": [2.875, 1], "uv_size": [0.625, 0.5]},
								"west": {"uv": [3.375, 0], "uv_size": [0.5, 0.5]},
								"up": {"uv": [1.25, 2.875], "uv_size": [0.625, 0.5]},
								"down": {"uv": [2.875, 2], "uv_size": [0.625, -0.5]}
							}
						},
						{
							"origin": [0.5, 12, 0.5],
							"size": [5, 3, 5],
							"uv": {
								"north": {"uv": [9.625, 2], "uv_size": [0.625, 0.375]},
								"east": {"uv": [9.625, 2], "uv_size": [0.625, 0.375]},
								"south": {"uv": [9.625, 2], "uv_size": [0.625, 0.375]},
								"west": {"uv": [9.625, 2], "uv_size": [0.625, 0.375]},
								"up": {"uv": [10.875, 3.375], "uv_size": [-0.625, -0.625]},
								"down": {"uv": [10.875, 3.375], "uv_size": [-0.625, -0.625]}
							}
						},
						{
							"origin": [1.1, 19, 1],
							"size": [4, 1, 4],
							"uv": {
								"north": {"uv": [10.125, 1.75], "uv_size": [0.5, 0.125]},
								"east": {"uv": [10.125, 1.875], "uv_size": [0.5, 0.125]},
								"south": {"uv": [10.125, 2.375], "uv_size": [0.5, 0.125]},
								"west": {"uv": [10.25, 0], "uv_size": [0.5, 0.125]},
								"up": {"uv": [9.625, 1], "uv_size": [0.5, 0.5]},
								"down": {"uv": [9.625, 2], "uv_size": [0.5, -0.5]}
							}
						},
						{
							"origin": [2.1, 20, 2],
							"size": [2, 3, 2],
							"uv": {
								"north": {"uv": [10.125, 1], "uv_size": [0.25, 0.375]},
								"east": {"uv": [10.125, 1.375], "uv_size": [0.25, 0.375]},
								"south": {"uv": [9.625, 2.375], "uv_size": [0.25, 0.375]},
								"west": {"uv": [9.875, 2.375], "uv_size": [0.25, 0.375]},
								"up": {"uv": [10.25, 0.125], "uv_size": [0.25, 0.25]},
								"down": {"uv": [10.25, 0.625], "uv_size": [0.25, -0.25]}
							}
						},
						{
							"origin": [2.6, 23, 3],
							"size": [1, 1, 0],
							"uv": {
								"north": {"uv": [10.25, 0.625], "uv_size": [0.125, 0.125]},
								"east": {"uv": [7.75, 0], "uv_size": [0, 0.125]},
								"south": {"uv": [10.25, 0.75], "uv_size": [0.125, 0.125]},
								"west": {"uv": [7.75, 0], "uv_size": [0, 0.125]},
								"up": {"uv": [7.75, 0], "uv_size": [0.125, 0]},
								"down": {"uv": [7.75, 0], "uv_size": [0.125, 0]}
							}
						},
						{
							"origin": [0.5, 15, 0.5],
							"size": [5, 4, 5],
							"uv": {
								"north": {"uv": [8.375, 1.25], "uv_size": [0.625, 0.5]},
								"east": {"uv": [9, 0.625], "uv_size": [0.625, 0.5]},
								"south": {"uv": [9, 1.125], "uv_size": [0.625, 0.5]},
								"west": {"uv": [9, 1.625], "uv_size": [0.625, 0.5]},
								"up": {"uv": [8.375, 0], "uv_size": [0.625, 0.625]},
								"down": {"uv": [8.375, 1.25], "uv_size": [0.625, -0.625]}
							}
						},
						{
							"origin": [0.5, 14, 0.5],
							"size": [5, 5, 5],
							"inflate": 0.3,
							"uv": {
								"north": {"uv": [8.375, 2.625], "uv_size": [0.625, 0.625]},
								"east": {"uv": [9, 2.625], "uv_size": [0.625, 0.625]},
								"south": {"uv": [9.625, 2.75], "uv_size": [0.625, 0.625]},
								"west": {"uv": [9.625, 2.625], "uv_size": [-0.625, 0.625]},
								"up": {"uv": [7.75, 1.25], "uv_size": [0.625, 0.625]},
								"down": {"uv": [9, 0.625], "uv_size": [0.625, -0.625]}
							}
						},
						{
							"origin": [1, 16.5, 0.375],
							"size": [4, 1, 0],
							"uv": {
								"north": {"uv": [7.75, 2.75], "uv_size": [0.5, 0.125]},
								"east": {"uv": [7.75, 2.625], "uv_size": [0, 0.125]},
								"south": {"uv": [7.75, 2.625], "uv_size": [0.5, 0.125]},
								"west": {"uv": [7.75, 2.625], "uv_size": [0, 0.125]}
							}
						},
						{
							"origin": [0.55, 17.6, 0.5],
							"size": [4.875, 1, 1.9],
							"inflate": 0.1,
							"uv": {
								"north": {"uv": [7.75, 3], "uv_size": [0.625, 0.125]},
								"east": {"uv": [7.75, 3], "uv_size": [0.25, 0.125]},
								"west": {"uv": [7.75, 3], "uv_size": [0.25, 0.125]}
							}
						},
						{
							"origin": [1, 14.1, 0.4],
							"size": [4, 1, 0],
							"uv": {
								"north": {"uv": [7.75, 2.875], "uv_size": [0.5, 0.125]}
							}
						},
						{
							"origin": [3, 0.4, -6],
							"size": [3, 3, 3],
							"inflate": 0.2,
							"pivot": [4.5, 1.9, -4.5],
							"rotation": [0, 25, 0],
							"uv": {
								"north": {"uv": [5.75, 0.125], "uv_size": [0.375, 0.375]},
								"east": {"uv": [5.75, 0.125], "uv_size": [0.375, 0.375]},
								"south": {"uv": [5.75, 0.125], "uv_size": [0.375, 0.375]},
								"west": {"uv": [5.75, 0.125], "uv_size": [0.375, 0.375]},
								"up": {"uv": [6.125, 0.5], "uv_size": [-0.375, -0.375]},
								"down": {"uv": [6.125, 0.5], "uv_size": [-0.375, -0.375]}
							}
						},
						{
							"origin": [3, 0.4, -6],
							"size": [3, 3, 3],
							"pivot": [4.5, 1.9, -4.5],
							"rotation": [0, 25, 0],
							"uv": {
								"north": {"uv": [5.75, 0.5], "uv_size": [0.375, 0.375]},
								"east": {"uv": [5.75, 0.5], "uv_size": [0.375, 0.375]},
								"south": {"uv": [5.75, 0.5], "uv_size": [0.375, 0.375]},
								"west": {"uv": [5.75, 0.5], "uv_size": [0.375, 0.375]},
								"up": {"uv": [6.125, 0.875], "uv_size": [-0.375, -0.375]},
								"down": {"uv": [6.125, 0.875], "uv_size": [-0.375, -0.375]}
							}
						},
						{
							"origin": [-1, 8, 0],
							"size": [9, 4, 7],
							"pivot": [3.5, 10, 3.5],
							"rotation": [0, 12.5, 0],
							"uv": {
								"north": {"uv": [5.875, 11.75], "uv_size": [1.125, 0.5]},
								"east": {"uv": [9.625, 9.25], "uv_size": [0.875, 0.5]},
								"south": {"uv": [10.5, 9.25], "uv_size": [1.125, 0.5]},
								"west": {"uv": [9.625, 9.25], "uv_size": [0.875, 0.5]},
								"up": {"uv": [10.75, 10.625], "uv_size": [-1.125, -0.875]},
								"down": {"uv": [10.75, 10.625], "uv_size": [-1.125, -0.875]}
							}
						},
						{
							"origin": [0, 0, 0],
							"size": [8, 8, 7],
							"uv": {
								"north": {"uv": [8.625, 11.25], "uv_size": [1, 1]},
								"east": {"uv": [11.875, 11.25], "uv_size": [0.875, 1]},
								"south": {"uv": [11.875, 9.375], "uv_size": [1, 1]},
								"west": {"uv": [11.875, 11.25], "uv_size": [0.875, 1]},
								"up": {"uv": [12.875, 11.25], "uv_size": [-1, -0.875]},
								"down": {"uv": [12.875, 11.25], "uv_size": [-1, -0.875]}
							}
						},
						{
							"origin": [-7, 0, 2],
							"size": [7, 7, 7],
							"uv": {
								"north": {"uv": [7, 11.375], "uv_size": [0.875, 0.875]},
								"east": {"uv": [9.625, 10.625], "uv_size": [0.875, 0.875]},
								"south": {"uv": [10.5, 10.625], "uv_size": [0.875, 0.875]},
								"west": {"uv": [9.625, 10.625], "uv_size": [0.875, 0.875]},
								"up": {"uv": [7.875, 11.375], "uv_size": [-0.875, -0.875]},
								"down": {"uv": [7.875, 11.375], "uv_size": [-0.875, -0.875]}
							}
						},
						{
							"origin": [-6, 7, 3],
							"size": [6, 6, 6],
							"uv": {
								"north": {"uv": [7.875, 11.5], "uv_size": [0.75, 0.75]},
								"east": {"uv": [10.375, 11.5], "uv_size": [0.75, 0.75]},
								"south": {"uv": [11.125, 11.5], "uv_size": [0.75, 0.75]},
								"west": {"uv": [10.375, 11.5], "uv_size": [0.75, 0.75]},
								"up": {"uv": [10.375, 12.25], "uv_size": [-0.75, -0.75]},
								"down": {"uv": [10.375, 12.25], "uv_size": [-0.75, -0.75]}
							}
						},
						{
							"origin": [-12.5, 0.2, -6],
							"size": [8, 0, 11],
							"pivot": [-8.5, 0.2, -0.5],
							"rotation": [0, 20, 0],
							"uv": {
								"up": {"uv": [4.75, 2.125], "uv_size": [1, 1.375]}
							}
						},
						{
							"origin": [-2.5, 0.1, -6],
							"size": [5, 0, 8],
							"pivot": [0, 0.1, -2],
							"rotation": [0, -20, 0],
							"uv": {
								"up": {"uv": [5.75, 3.25], "uv_size": [0.625, 1]}
							}
						}
					]
				}
			]
		}
	]
}