{
	"format_version": "1.12.0",
	"minecraft:geometry": [
		{
			"description": {
				"identifier": "geometry.shelf_supply_closet",
				"texture_width": 96,
				"texture_height": 96,
				"visible_bounds_width": 4,
				"visible_bounds_height": 2.5,
				"visible_bounds_offset": [0, 0.75, 0]
			},
			"bones": [
				{
					"name": "bottom_side",
					"pivot": [-0.86042, 10.20829, 0.31667],
					"cubes": [
						{
							"origin": [-14.501, 0.002, 3.75],
							"size": [2, 18, 2],
							"inflate": -0.001,
							"uv": {
								"north": {"uv": [52.00002, 58.00002], "uv_size": [1.99998, 18]},
								"east": {"uv": [49.99998, 58.00002], "uv_size": [2.00004, 18]},
								"south": {"uv": [55.99998, 58.00002], "uv_size": [2.00004, 18]},
								"west": {"uv": [54, 58.00002], "uv_size": [1.99998, 18]},
								"up": {"uv": [52.00002, 55.99998], "uv_size": [1.99998, 2.00004]},
								"down": {"uv": [54, 58.00002], "uv_size": [1.99998, -2.00004]}
							}
						},
						{
							"origin": [-15, 13, -5.75],
							"size": [30, 2, 12],
							"uv": {
								"north": {"uv": [12, 40.00002], "uv_size": [30, 1.99998]},
								"east": {"uv": [0, 40.00002], "uv_size": [12, 1.99998]},
								"south": {"uv": [54, 40.00002], "uv_size": [30, 1.99998]},
								"west": {"uv": [42, 40.00002], "uv_size": [12, 1.99998]},
								"up": {"uv": [12, 28.00002], "uv_size": [30, 12]},
								"down": {"uv": [42, 40.00002], "uv_size": [30, -12]}
							}
						},
						{
							"origin": [12.501, 0.002, 3.75],
							"size": [2, 18, 2],
							"inflate": -0.001,
							"uv": {
								"north": {"uv": [60, 58.00002], "uv_size": [1.99998, 18]},
								"east": {"uv": [58.00002, 58.00002], "uv_size": [1.99998, 18]},
								"south": {"uv": [64.00002, 58.00002], "uv_size": [1.99998, 18]},
								"west": {"uv": [61.99998, 58.00002], "uv_size": [2.00004, 18]},
								"up": {"uv": [60, 55.99998], "uv_size": [1.99998, 2.00004]},
								"down": {"uv": [61.99998, 58.00002], "uv_size": [2.00004, -2.00004]}
							}
						},
						{
							"origin": [-14.501, 0.002, -5.25],
							"size": [2, 18, 2],
							"inflate": -0.001,
							"uv": {
								"north": {"uv": [34.00002, 67.99998], "uv_size": [1.99998, 18]},
								"east": {"uv": [31.99998, 67.99998], "uv_size": [2.00004, 18]},
								"south": {"uv": [37.99998, 67.99998], "uv_size": [2.00004, 18]},
								"west": {"uv": [36, 67.99998], "uv_size": [1.99998, 18]},
								"up": {"uv": [34.00002, 66], "uv_size": [1.99998, 1.99998]},
								"down": {"uv": [36, 67.99998], "uv_size": [1.99998, -1.99998]}
							}
						},
						{
							"origin": [-15, 3, -5.75],
							"size": [30, 2, 12],
							"uv": {
								"north": {"uv": [12, 54], "uv_size": [30, 1.99998]},
								"east": {"uv": [0, 54], "uv_size": [12, 1.99998]},
								"south": {"uv": [54, 54], "uv_size": [30, 1.99998]},
								"west": {"uv": [42, 54], "uv_size": [12, 1.99998]},
								"up": {"uv": [12, 42], "uv_size": [30, 12]},
								"down": {"uv": [42, 54], "uv_size": [30, -12]}
							}
						},
						{
							"origin": [12.501, 0.002, -5.25],
							"size": [2, 18, 2],
							"inflate": -0.001,
							"uv": {
								"north": {"uv": [42, 67.99998], "uv_size": [1.99998, 18]},
								"east": {"uv": [40.00002, 67.99998], "uv_size": [1.99998, 18]},
								"south": {"uv": [46.00002, 67.99998], "uv_size": [1.99998, 18]},
								"west": {"uv": [43.99998, 67.99998], "uv_size": [2.00004, 18]},
								"up": {"uv": [42, 66], "uv_size": [1.99998, 1.99998]},
								"down": {"uv": [43.99998, 67.99998], "uv_size": [2.00004, -1.99998]}
							}
						},
						{
							"origin": [8, 15, -1.75],
							"size": [4, 4, 4],
							"uv": {
								"north": {"uv": [52.00002, 79.99998], "uv_size": [3.99996, 4.00002]},
								"east": {"uv": [48, 79.99998], "uv_size": [4.00002, 4.00002]},
								"south": {"uv": [60, 79.99998], "uv_size": [4.00002, 4.00002]},
								"west": {"uv": [55.99998, 79.99998], "uv_size": [4.00002, 4.00002]},
								"up": {"uv": [52.00002, 76.00002], "uv_size": [3.99996, 3.99996]},
								"down": {"uv": [55.99998, 79.99998], "uv_size": [4.00002, -3.99996]}
							}
						},
						{
							"origin": [9, 19, -0.75],
							"size": [2, 2, 2],
							"uv": {
								"north": {"uv": [85.99998, 40.99998], "uv_size": [2.00004, 2.00004]},
								"east": {"uv": [84, 40.99998], "uv_size": [1.99998, 2.00004]},
								"south": {"uv": [90, 40.99998], "uv_size": [1.99998, 2.00004]},
								"west": {"uv": [88.00002, 40.99998], "uv_size": [1.99998, 2.00004]},
								"up": {"uv": [85.99998, 39], "uv_size": [2.00004, 1.99998]},
								"down": {"uv": [88.00002, 40.99998], "uv_size": [1.99998, -1.99998]}
							}
						},
						{
							"origin": [4.5, 15, -1.25],
							"size": [3, 5, 3],
							"uv": {
								"north": {"uv": [85.00002, 75], "uv_size": [3, 4.99998]},
								"east": {"uv": [82.00002, 75], "uv_size": [3, 4.99998]},
								"south": {"uv": [91.00002, 75], "uv_size": [3, 4.99998]},
								"west": {"uv": [88.00002, 75], "uv_size": [3, 4.99998]},
								"up": {"uv": [85.00002, 72], "uv_size": [3, 3]},
								"down": {"uv": [88.00002, 75], "uv_size": [3, -3]}
							}
						},
						{
							"origin": [5, 20, -0.75],
							"size": [2, 1, 2],
							"uv": {
								"north": {"uv": [49.99998, 85.99998], "uv_size": [2.00004, 1.00002]},
								"east": {"uv": [48, 85.99998], "uv_size": [1.99998, 1.00002]},
								"south": {"uv": [54, 85.99998], "uv_size": [1.99998, 1.00002]},
								"west": {"uv": [52.00002, 85.99998], "uv_size": [1.99998, 1.00002]},
								"up": {"uv": [49.99998, 84], "uv_size": [2.00004, 1.99998]},
								"down": {"uv": [52.00002, 85.99998], "uv_size": [1.99998, -1.99998]}
							}
						},
						{
							"origin": [-0.5, 15, -1.75],
							"size": [4, 4, 4],
							"uv": {
								"north": {"uv": [19.99998, 79.99998], "uv_size": [4.00002, 4.00002]},
								"east": {"uv": [16.00002, 79.99998], "uv_size": [3.99996, 4.00002]},
								"south": {"uv": [28.00002, 79.99998], "uv_size": [3.99996, 4.00002]},
								"west": {"uv": [24, 79.99998], "uv_size": [4.00002, 4.00002]},
								"up": {"uv": [19.99998, 76.00002], "uv_size": [4.00002, 3.99996]},
								"down": {"uv": [24, 79.99998], "uv_size": [4.00002, -3.99996]}
							}
						},
						{
							"origin": [0.5, 19, -0.75],
							"size": [2, 2, 2],
							"uv": {
								"north": {"uv": [85.99998, 37.00002], "uv_size": [2.00004, 1.99998]},
								"east": {"uv": [84, 37.00002], "uv_size": [1.99998, 1.99998]},
								"south": {"uv": [90, 37.00002], "uv_size": [1.99998, 1.99998]},
								"west": {"uv": [88.00002, 37.00002], "uv_size": [1.99998, 1.99998]},
								"up": {"uv": [85.99998, 34.99998], "uv_size": [2.00004, 2.00004]},
								"down": {"uv": [88.00002, 37.00002], "uv_size": [1.99998, -2.00004]}
							}
						},
						{
							"origin": [-9.5, 15, -1.25],
							"size": [5, 4, 4],
							"uv": {
								"north": {"uv": [70.00002, 60], "uv_size": [4.99998, 4.00002]},
								"east": {"uv": [66, 60], "uv_size": [4.00002, 4.00002]},
								"south": {"uv": [79.00002, 60], "uv_size": [4.99998, 4.00002]},
								"west": {"uv": [75, 60], "uv_size": [4.00002, 4.00002]},
								"up": {"uv": [70.00002, 55.99998], "uv_size": [4.99998, 4.00002]},
								"down": {"uv": [75, 60], "uv_size": [4.99998, -4.00002]}
							}
						},
						{
							"origin": [-8.5, 19, -0.75],
							"size": [3, 1, 3],
							"uv": {
								"north": {"uv": [87, 21], "uv_size": [3, 1.00002]},
								"east": {"uv": [84, 21], "uv_size": [3, 1.00002]},
								"south": {"uv": [93, 21], "uv_size": [3, 1.00002]},
								"west": {"uv": [90, 21], "uv_size": [3, 1.00002]},
								"up": {"uv": [87, 18], "uv_size": [3, 3]},
								"down": {"uv": [90, 21], "uv_size": [3, -3]}
							}
						},
						{
							"origin": [-14, 15, -0.25],
							"size": [4, 5, 2],
							"uv": {
								"north": {"uv": [1.99998, 85.99998], "uv_size": [4.00002, 5.00004]},
								"east": {"uv": [0, 85.99998], "uv_size": [1.99998, 5.00004]},
								"south": {"uv": [7.99998, 85.99998], "uv_size": [4.00002, 5.00004]},
								"west": {"uv": [6, 85.99998], "uv_size": [1.99998, 5.00004]},
								"up": {"uv": [1.99998, 84], "uv_size": [4.00002, 1.99998]},
								"down": {"uv": [6, 85.99998], "uv_size": [4.00002, -1.99998]}
							}
						},
						{
							"origin": [-13, 20, 0.25],
							"size": [2, 2, 1],
							"uv": {
								"north": {"uv": [57, 85.00002], "uv_size": [1.99998, 1.99998]},
								"east": {"uv": [55.99998, 85.00002], "uv_size": [1.00002, 1.99998]},
								"south": {"uv": [60, 85.00002], "uv_size": [1.99998, 1.99998]},
								"west": {"uv": [58.99998, 85.00002], "uv_size": [1.00002, 1.99998]},
								"up": {"uv": [57, 84], "uv_size": [1.99998, 1.00002]},
								"down": {"uv": [58.99998, 85.00002], "uv_size": [2.00004, -1.00002]}
							}
						},
						{
							"origin": [9.5, 5, -1.25],
							"size": [3, 5, 3],
							"uv": {
								"north": {"uv": [82.99998, 85.00002], "uv_size": [3, 4.99998]},
								"east": {"uv": [79.99998, 85.00002], "uv_size": [3, 4.99998]},
								"south": {"uv": [88.99998, 85.00002], "uv_size": [3, 4.99998]},
								"west": {"uv": [85.99998, 85.00002], "uv_size": [3, 4.99998]},
								"up": {"uv": [82.99998, 82.00002], "uv_size": [3, 3]},
								"down": {"uv": [85.99998, 85.00002], "uv_size": [3, -3]}
							}
						},
						{
							"origin": [10, 10, -0.75],
							"size": [2, 1, 2],
							"uv": {
								"north": {"uv": [85.99998, 52.00002], "uv_size": [2.00004, 0.99996]},
								"east": {"uv": [84, 52.00002], "uv_size": [1.99998, 0.99996]},
								"south": {"uv": [90, 52.00002], "uv_size": [1.99998, 0.99996]},
								"west": {"uv": [88.00002, 52.00002], "uv_size": [1.99998, 0.99996]},
								"up": {"uv": [85.99998, 49.99998], "uv_size": [2.00004, 2.00004]},
								"down": {"uv": [88.00002, 52.00002], "uv_size": [1.99998, -2.00004]}
							}
						},
						{
							"origin": [4.5, 5, -1.25],
							"size": [4, 6, 4],
							"uv": {
								"north": {"uv": [70.00002, 67.99998], "uv_size": [3.99996, 6]},
								"east": {"uv": [66, 67.99998], "uv_size": [4.00002, 6]},
								"south": {"uv": [78, 67.99998], "uv_size": [4.00002, 6]},
								"west": {"uv": [73.99998, 67.99998], "uv_size": [4.00002, 6]},
								"up": {"uv": [70.00002, 64.00002], "uv_size": [3.99996, 3.99996]},
								"down": {"uv": [73.99998, 67.99998], "uv_size": [4.00002, -3.99996]}
							}
						},
						{
							"origin": [5.5, 11, -0.75],
							"size": [2, 2, 3],
							"uv": {
								"north": {"uv": [87, 25.00002], "uv_size": [1.99998, 1.99998]},
								"east": {"uv": [84, 25.00002], "uv_size": [3, 1.99998]},
								"south": {"uv": [91.99998, 25.00002], "uv_size": [2.00004, 1.99998]},
								"west": {"uv": [88.99998, 25.00002], "uv_size": [3, 1.99998]},
								"up": {"uv": [87, 22.00002], "uv_size": [1.99998, 3]},
								"down": {"uv": [88.99998, 25.00002], "uv_size": [2.00004, -3]}
							}
						},
						{
							"origin": [1, 5, -0.75],
							"size": [3, 4, 3],
							"uv": {
								"north": {"uv": [87, 3], "uv_size": [3, 4.00002]},
								"east": {"uv": [84, 3], "uv_size": [3, 4.00002]},
								"south": {"uv": [93, 3], "uv_size": [3, 4.00002]},
								"west": {"uv": [90, 3], "uv_size": [3, 4.00002]},
								"up": {"uv": [87, 0], "uv_size": [3, 3]},
								"down": {"uv": [90, 3], "uv_size": [3, -3]}
							}
						},
						{
							"origin": [2, 9, 0.25],
							"size": [1, 1, 1],
							"uv": {
								"north": {"uv": [85.00002, 60], "uv_size": [0.99996, 1.00002]},
								"east": {"uv": [84, 60], "uv_size": [1.00002, 1.00002]},
								"south": {"uv": [87, 60], "uv_size": [1.00002, 1.00002]},
								"west": {"uv": [85.99998, 60], "uv_size": [1.00002, 1.00002]},
								"up": {"uv": [85.00002, 58.99998], "uv_size": [0.99996, 1.00002]},
								"down": {"uv": [85.99998, 60], "uv_size": [1.00002, -1.00002]}
							}
						},
						{
							"origin": [-3.5, 5, -0.25],
							"size": [2, 5, 2],
							"uv": {
								"north": {"uv": [24, 85.99998], "uv_size": [1.99998, 5.00004]},
								"east": {"uv": [22.00002, 85.99998], "uv_size": [1.99998, 5.00004]},
								"south": {"uv": [28.00002, 85.99998], "uv_size": [1.99998, 5.00004]},
								"west": {"uv": [25.99998, 85.99998], "uv_size": [2.00004, 5.00004]},
								"up": {"uv": [24, 84], "uv_size": [1.99998, 1.99998]},
								"down": {"uv": [25.99998, 85.99998], "uv_size": [2.00004, -1.99998]}
							}
						},
						{
							"origin": [-3, 10, 0.25],
							"size": [1, 1, 1],
							"uv": {
								"north": {"uv": [85.00002, 58.00002], "uv_size": [0.99996, 0.99996]},
								"east": {"uv": [84, 58.00002], "uv_size": [1.00002, 0.99996]},
								"south": {"uv": [87, 58.00002], "uv_size": [1.00002, 0.99996]},
								"west": {"uv": [85.99998, 58.00002], "uv_size": [1.00002, 0.99996]},
								"up": {"uv": [85.00002, 57], "uv_size": [0.99996, 1.00002]},
								"down": {"uv": [85.99998, 58.00002], "uv_size": [1.00002, -1.00002]}
							}
						},
						{
							"origin": [-10, 5, -0.25],
							"size": [3, 5, 2],
							"uv": {
								"north": {"uv": [13.99998, 85.99998], "uv_size": [3, 5.00004]},
								"east": {"uv": [12, 85.99998], "uv_size": [1.99998, 5.00004]},
								"south": {"uv": [19.00002, 85.99998], "uv_size": [3, 5.00004]},
								"west": {"uv": [16.99998, 85.99998], "uv_size": [2.00004, 5.00004]},
								"up": {"uv": [13.99998, 84], "uv_size": [3, 1.99998]},
								"down": {"uv": [16.99998, 85.99998], "uv_size": [3, -1.99998]}
							}
						},
						{
							"origin": [-9, 10, 0.25],
							"size": [1, 1, 1],
							"uv": {
								"north": {"uv": [82.99998, 81], "uv_size": [1.00002, 1.00002]},
								"east": {"uv": [82.00002, 81], "uv_size": [0.99996, 1.00002]},
								"south": {"uv": [85.00002, 81], "uv_size": [0.99996, 1.00002]},
								"west": {"uv": [84, 81], "uv_size": [1.00002, 1.00002]},
								"up": {"uv": [82.99998, 79.99998], "uv_size": [1.00002, 1.00002]},
								"down": {"uv": [84, 81], "uv_size": [1.00002, -1.00002]}
							}
						},
						{
							"origin": [-14.5, 5, -1.75],
							"size": [4, 4, 4],
							"uv": {
								"north": {"uv": [67.99998, 85.99998], "uv_size": [4.00002, 4.00002]},
								"east": {"uv": [64.00002, 85.99998], "uv_size": [3.99996, 4.00002]},
								"south": {"uv": [76.00002, 85.99998], "uv_size": [3.99996, 4.00002]},
								"west": {"uv": [72, 85.99998], "uv_size": [4.00002, 4.00002]},
								"up": {"uv": [67.99998, 82.00002], "uv_size": [4.00002, 3.99996]},
								"down": {"uv": [72, 85.99998], "uv_size": [4.00002, -3.99996]}
							}
						},
						{
							"origin": [-13.5, 9, -0.75],
							"size": [2, 2, 2],
							"uv": {
								"north": {"uv": [85.99998, 45], "uv_size": [2.00004, 1.99998]},
								"east": {"uv": [84, 45], "uv_size": [1.99998, 1.99998]},
								"south": {"uv": [90, 45], "uv_size": [1.99998, 1.99998]},
								"west": {"uv": [88.00002, 45], "uv_size": [1.99998, 1.99998]},
								"up": {"uv": [85.99998, 43.00002], "uv_size": [2.00004, 1.99998]},
								"down": {"uv": [88.00002, 45], "uv_size": [1.99998, -1.99998]}
							}
						}
					]
				},
				{
					"name": "top_side",
					"pivot": [-1, 10.2449, 0.39286],
					"cubes": [
						{
							"origin": [-14.501, 0, 3.75],
							"size": [2, 18, 2],
							"inflate": -0.001,
							"uv": {
								"north": {"uv": [1.99998, 58.00002], "uv_size": [2.00004, 18]},
								"east": {"uv": [0, 58.00002], "uv_size": [1.99998, 18]},
								"south": {"uv": [6, 58.00002], "uv_size": [1.99998, 18]},
								"west": {"uv": [4.00002, 58.00002], "uv_size": [1.99998, 18]},
								"up": {"uv": [1.99998, 55.99998], "uv_size": [2.00004, 2.00004]},
								"down": {"uv": [4.00002, 58.00002], "uv_size": [1.99998, -2.00004]}
							}
						},
						{
							"origin": [-15, 15, -5.75],
							"size": [30, 2, 12],
							"uv": {
								"north": {"uv": [12, 12], "uv_size": [30, 1.99998]},
								"east": {"uv": [0, 12], "uv_size": [12, 1.99998]},
								"south": {"uv": [54, 12], "uv_size": [30, 1.99998]},
								"west": {"uv": [42, 12], "uv_size": [12, 1.99998]},
								"up": {"uv": [12, 0], "uv_size": [30, 12]},
								"down": {"uv": [42, 12], "uv_size": [30, -12]}
							}
						},
						{
							"origin": [12.501, 0, 3.75],
							"size": [2, 18, 2],
							"inflate": -0.001,
							"uv": {
								"north": {"uv": [10.00002, 58.00002], "uv_size": [1.99998, 18]},
								"east": {"uv": [7.99998, 58.00002], "uv_size": [2.00004, 18]},
								"south": {"uv": [13.99998, 58.00002], "uv_size": [2.00004, 18]},
								"west": {"uv": [12, 58.00002], "uv_size": [1.99998, 18]},
								"up": {"uv": [10.00002, 55.99998], "uv_size": [1.99998, 2.00004]},
								"down": {"uv": [12, 58.00002], "uv_size": [1.99998, -2.00004]}
							}
						},
						{
							"origin": [-14.501, 0, -5.25],
							"size": [2, 18, 2],
							"inflate": -0.001,
							"uv": {
								"north": {"uv": [18, 58.00002], "uv_size": [1.99998, 18]},
								"east": {"uv": [16.00002, 58.00002], "uv_size": [1.99998, 18]},
								"south": {"uv": [22.00002, 58.00002], "uv_size": [1.99998, 18]},
								"west": {"uv": [19.99998, 58.00002], "uv_size": [2.00004, 18]},
								"up": {"uv": [18, 55.99998], "uv_size": [1.99998, 2.00004]},
								"down": {"uv": [19.99998, 58.00002], "uv_size": [2.00004, -2.00004]}
							}
						},
						{
							"origin": [-15, 5, -5.75],
							"size": [30, 2, 12],
							"uv": {
								"north": {"uv": [12, 25.99998], "uv_size": [30, 2.00004]},
								"east": {"uv": [0, 25.99998], "uv_size": [12, 2.00004]},
								"south": {"uv": [54, 25.99998], "uv_size": [30, 2.00004]},
								"west": {"uv": [42, 25.99998], "uv_size": [12, 2.00004]},
								"up": {"uv": [12, 13.99998], "uv_size": [30, 12]},
								"down": {"uv": [42, 25.99998], "uv_size": [30, -12]}
							}
						},
						{
							"origin": [12.501, 0, -5.25],
							"size": [2, 18, 2],
							"inflate": -0.001,
							"uv": {
								"north": {"uv": [25.99998, 58.00002], "uv_size": [2.00004, 18]},
								"east": {"uv": [24, 58.00002], "uv_size": [1.99998, 18]},
								"south": {"uv": [30, 58.00002], "uv_size": [1.99998, 18]},
								"west": {"uv": [28.00002, 58.00002], "uv_size": [1.99998, 18]},
								"up": {"uv": [25.99998, 55.99998], "uv_size": [2.00004, 2.00004]},
								"down": {"uv": [28.00002, 58.00002], "uv_size": [1.99998, -2.00004]}
							}
						},
						{
							"origin": [-12.5, 11, -0.75],
							"size": [2, 2, 2],
							"uv": {
								"north": {"uv": [85.99998, 28.99998], "uv_size": [2.00004, 2.00004]},
								"east": {"uv": [84, 28.99998], "uv_size": [1.99998, 2.00004]},
								"south": {"uv": [90, 28.99998], "uv_size": [1.99998, 2.00004]},
								"west": {"uv": [88.00002, 28.99998], "uv_size": [1.99998, 2.00004]},
								"up": {"uv": [85.99998, 27], "uv_size": [2.00004, 1.99998]},
								"down": {"uv": [88.00002, 28.99998], "uv_size": [1.99998, -1.99998]}
							}
						},
						{
							"origin": [-13.5, 7, -1.75],
							"size": [4, 4, 4],
							"uv": {
								"north": {"uv": [70.00002, 78], "uv_size": [3.99996, 4.00002]},
								"east": {"uv": [66, 78], "uv_size": [4.00002, 4.00002]},
								"south": {"uv": [78, 78], "uv_size": [4.00002, 4.00002]},
								"west": {"uv": [73.99998, 78], "uv_size": [4.00002, 4.00002]},
								"up": {"uv": [70.00002, 73.99998], "uv_size": [3.99996, 4.00002]},
								"down": {"uv": [73.99998, 78], "uv_size": [4.00002, -4.00002]}
							}
						},
						{
							"origin": [-8, 12, -0.75],
							"size": [2, 1, 2],
							"uv": {
								"north": {"uv": [85.99998, 49.00002], "uv_size": [2.00004, 0.99996]},
								"east": {"uv": [84, 49.00002], "uv_size": [1.99998, 0.99996]},
								"south": {"uv": [90, 49.00002], "uv_size": [1.99998, 0.99996]},
								"west": {"uv": [88.00002, 49.00002], "uv_size": [1.99998, 0.99996]},
								"up": {"uv": [85.99998, 46.99998], "uv_size": [2.00004, 2.00004]},
								"down": {"uv": [88.00002, 49.00002], "uv_size": [1.99998, -2.00004]}
							}
						},
						{
							"origin": [-8.5, 7, -1.25],
							"size": [3, 5, 3],
							"uv": {
								"north": {"uv": [85.00002, 67.00002], "uv_size": [3, 4.99998]},
								"east": {"uv": [82.00002, 67.00002], "uv_size": [3, 4.99998]},
								"south": {"uv": [91.00002, 67.00002], "uv_size": [3, 4.99998]},
								"west": {"uv": [88.00002, 67.00002], "uv_size": [3, 4.99998]},
								"up": {"uv": [85.00002, 64.00002], "uv_size": [3, 3]},
								"down": {"uv": [88.00002, 67.00002], "uv_size": [3, -3]}
							}
						},
						{
							"origin": [-3, 11, -0.75],
							"size": [2, 2, 2],
							"uv": {
								"north": {"uv": [85.99998, 33], "uv_size": [2.00004, 1.99998]},
								"east": {"uv": [84, 33], "uv_size": [1.99998, 1.99998]},
								"south": {"uv": [90, 33], "uv_size": [1.99998, 1.99998]},
								"west": {"uv": [88.00002, 33], "uv_size": [1.99998, 1.99998]},
								"up": {"uv": [85.99998, 31.00002], "uv_size": [2.00004, 1.99998]},
								"down": {"uv": [88.00002, 33], "uv_size": [1.99998, -1.99998]}
							}
						},
						{
							"origin": [-4, 7, -1.75],
							"size": [4, 4, 4],
							"uv": {
								"north": {"uv": [4.00002, 79.99998], "uv_size": [3.99996, 4.00002]},
								"east": {"uv": [0, 79.99998], "uv_size": [4.00002, 4.00002]},
								"south": {"uv": [12, 79.99998], "uv_size": [4.00002, 4.00002]},
								"west": {"uv": [7.99998, 79.99998], "uv_size": [4.00002, 4.00002]},
								"up": {"uv": [4.00002, 76.00002], "uv_size": [3.99996, 3.99996]},
								"down": {"uv": [7.99998, 79.99998], "uv_size": [4.00002, -3.99996]}
							}
						},
						{
							"origin": [1.5, 12, 0.25],
							"size": [2, 3, 1],
							"uv": {
								"north": {"uv": [85.00002, 54], "uv_size": [1.99998, 3]},
								"east": {"uv": [84, 54], "uv_size": [1.00002, 3]},
								"south": {"uv": [88.00002, 54], "uv_size": [1.99998, 3]},
								"west": {"uv": [87, 54], "uv_size": [1.00002, 3]},
								"up": {"uv": [85.00002, 52.99998], "uv_size": [1.99998, 1.00002]},
								"down": {"uv": [87, 54], "uv_size": [1.99998, -1.00002]}
							}
						},
						{
							"origin": [1, 7, -0.25],
							"size": [3, 5, 2],
							"uv": {
								"north": {"uv": [85.99998, 9], "uv_size": [3, 4.99998]},
								"east": {"uv": [84, 9], "uv_size": [1.99998, 4.99998]},
								"south": {"uv": [91.00002, 9], "uv_size": [3, 4.99998]},
								"west": {"uv": [88.99998, 9], "uv_size": [2.00004, 4.99998]},
								"up": {"uv": [85.99998, 7.00002], "uv_size": [3, 1.99998]},
								"down": {"uv": [88.99998, 9], "uv_size": [3, -1.99998]}
							}
						},
						{
							"origin": [8.5, 13, -0.75],
							"size": [3, 1, 3],
							"uv": {
								"north": {"uv": [87, 16.99998], "uv_size": [3, 1.00002]},
								"east": {"uv": [84, 16.99998], "uv_size": [3, 1.00002]},
								"south": {"uv": [93, 16.99998], "uv_size": [3, 1.00002]},
								"west": {"uv": [90, 16.99998], "uv_size": [3, 1.00002]},
								"up": {"uv": [87, 13.99998], "uv_size": [3, 3]},
								"down": {"uv": [90, 16.99998], "uv_size": [3, -3]}
							}
						},
						{
							"origin": [7.5, 7, -1.25],
							"size": [5, 6, 4],
							"uv": {
								"north": {"uv": [36, 60], "uv_size": [4.99998, 6]},
								"east": {"uv": [31.99998, 60], "uv_size": [4.00002, 6]},
								"south": {"uv": [45, 60], "uv_size": [4.99998, 6]},
								"west": {"uv": [40.99998, 60], "uv_size": [4.00002, 6]},
								"up": {"uv": [36, 55.99998], "uv_size": [4.99998, 4.00002]},
								"down": {"uv": [40.99998, 60], "uv_size": [5.00004, -4.00002]}
							}
						}
					]
				},
				{
					"name": "item_visual",
					"pivot": [0, 7.35483, 0],
					"cubes": [
						{
							"origin": [-6, 1, -3.5],
							"size": [12, 0.75, 7],
							"uv": {
								"north": {"uv": [12, 54], "uv_size": [30, 1.99998]},
								"east": {"uv": [0, 54], "uv_size": [12, 1.99998]},
								"south": {"uv": [54, 54], "uv_size": [30, 1.99998]},
								"west": {"uv": [42, 54], "uv_size": [12, 1.99998]},
								"up": {"uv": [12, 42], "uv_size": [30, 12]},
								"down": {"uv": [42, 54], "uv_size": [30, -12]}
							}
						},
						{
							"origin": [-5.751, 0.002, 2],
							"size": [1, 8, 1],
							"inflate": -0.001,
							"uv": {
								"north": {"uv": [52.00002, 58.00002], "uv_size": [1.99998, 18]},
								"east": {"uv": [49.99998, 58.00002], "uv_size": [2.00004, 18]},
								"south": {"uv": [55.99998, 58.00002], "uv_size": [2.00004, 18]},
								"west": {"uv": [54, 58.00002], "uv_size": [1.99998, 18]},
								"up": {"uv": [52.00002, 55.99998], "uv_size": [1.99998, 2.00004]},
								"down": {"uv": [54, 58.00002], "uv_size": [1.99998, -2.00004]}
							}
						},
						{
							"origin": [4.751, 0.002, 2],
							"size": [1, 8, 1],
							"inflate": -0.001,
							"uv": {
								"north": {"uv": [60, 58.00002], "uv_size": [1.99998, 18]},
								"east": {"uv": [58.00002, 58.00002], "uv_size": [1.99998, 18]},
								"south": {"uv": [64.00002, 58.00002], "uv_size": [1.99998, 18]},
								"west": {"uv": [61.99998, 58.00002], "uv_size": [2.00004, 18]},
								"up": {"uv": [60, 55.99998], "uv_size": [1.99998, 2.00004]},
								"down": {"uv": [61.99998, 58.00002], "uv_size": [2.00004, -2.00004]}
							}
						},
						{
							"origin": [-5.751, 0.002, -3],
							"size": [1, 8, 1],
							"inflate": -0.001,
							"uv": {
								"north": {"uv": [34.00002, 67.99998], "uv_size": [1.99998, 18]},
								"east": {"uv": [31.99998, 67.99998], "uv_size": [2.00004, 18]},
								"south": {"uv": [37.99998, 67.99998], "uv_size": [2.00004, 18]},
								"west": {"uv": [36, 67.99998], "uv_size": [1.99998, 18]},
								"up": {"uv": [34.00002, 66], "uv_size": [1.99998, 1.99998]},
								"down": {"uv": [36, 67.99998], "uv_size": [1.99998, -1.99998]}
							}
						},
						{
							"origin": [-6, 4.75, -3.5],
							"size": [12, 0.75, 7],
							"uv": {
								"north": {"uv": [12, 54], "uv_size": [30, 1.99998]},
								"east": {"uv": [0, 54], "uv_size": [12, 1.99998]},
								"south": {"uv": [54, 54], "uv_size": [30, 1.99998]},
								"west": {"uv": [42, 54], "uv_size": [12, 1.99998]},
								"up": {"uv": [12, 42], "uv_size": [30, 12]},
								"down": {"uv": [42, 54], "uv_size": [30, -12]}
							}
						},
						{
							"origin": [-6, 8.5, -3.5],
							"size": [12, 0.75, 7],
							"uv": {
								"north": {"uv": [12, 54], "uv_size": [30, 1.99998]},
								"east": {"uv": [0, 54], "uv_size": [12, 1.99998]},
								"south": {"uv": [54, 54], "uv_size": [30, 1.99998]},
								"west": {"uv": [42, 54], "uv_size": [12, 1.99998]},
								"up": {"uv": [12, 42], "uv_size": [30, 12]},
								"down": {"uv": [42, 54], "uv_size": [30, -12]}
							}
						},
						{
							"origin": [-6, 12.5, -3.5],
							"size": [12, 0.75, 7],
							"uv": {
								"north": {"uv": [12, 54], "uv_size": [30, 1.99998]},
								"east": {"uv": [0, 54], "uv_size": [12, 1.99998]},
								"south": {"uv": [54, 54], "uv_size": [30, 1.99998]},
								"west": {"uv": [42, 54], "uv_size": [12, 1.99998]},
								"up": {"uv": [12, 42], "uv_size": [30, 12]},
								"down": {"uv": [42, 54], "uv_size": [30, -12]}
							}
						},
						{
							"origin": [4.751, 0.002, -3],
							"size": [1, 8, 1],
							"inflate": -0.001,
							"uv": {
								"north": {"uv": [42, 67.99998], "uv_size": [1.99998, 18]},
								"east": {"uv": [40.00002, 67.99998], "uv_size": [1.99998, 18]},
								"south": {"uv": [46.00002, 67.99998], "uv_size": [1.99998, 18]},
								"west": {"uv": [43.99998, 67.99998], "uv_size": [2.00004, 18]},
								"up": {"uv": [42, 66], "uv_size": [1.99998, 1.99998]},
								"down": {"uv": [43.99998, 67.99998], "uv_size": [2.00004, -1.99998]}
							}
						},
						{
							"origin": [4.751, 8, -3],
							"size": [1, 6, 1],
							"inflate": -0.001,
							"uv": {
								"north": {"uv": [25.99998, 58.00002], "uv_size": [2.00004, 18]},
								"east": {"uv": [24, 58.00002], "uv_size": [1.99998, 18]},
								"south": {"uv": [30, 58.00002], "uv_size": [1.99998, 18]},
								"west": {"uv": [28.00002, 58.00002], "uv_size": [1.99998, 18]},
								"up": {"uv": [25.99998, 55.99998], "uv_size": [2.00004, 2.00004]},
								"down": {"uv": [28.00002, 58.00002], "uv_size": [1.99998, -2.00004]}
							}
						},
						{
							"origin": [-5.751, 8, -3],
							"size": [1, 6, 1],
							"inflate": -0.001,
							"uv": {
								"north": {"uv": [18, 58.00002], "uv_size": [1.99998, 18]},
								"east": {"uv": [16.00002, 58.00002], "uv_size": [1.99998, 18]},
								"south": {"uv": [22.00002, 58.00002], "uv_size": [1.99998, 18]},
								"west": {"uv": [19.99998, 58.00002], "uv_size": [2.00004, 18]},
								"up": {"uv": [18, 55.99998], "uv_size": [1.99998, 2.00004]},
								"down": {"uv": [19.99998, 58.00002], "uv_size": [2.00004, -2.00004]}
							}
						},
						{
							"origin": [-5.751, 8, 2],
							"size": [1, 6, 1],
							"inflate": -0.001,
							"uv": {
								"north": {"uv": [1.99998, 58.00002], "uv_size": [2.00004, 18]},
								"east": {"uv": [0, 58.00002], "uv_size": [1.99998, 18]},
								"south": {"uv": [6, 58.00002], "uv_size": [1.99998, 18]},
								"west": {"uv": [4.00002, 58.00002], "uv_size": [1.99998, 18]},
								"up": {"uv": [1.99998, 55.99998], "uv_size": [2.00004, 2.00004]},
								"down": {"uv": [4.00002, 58.00002], "uv_size": [1.99998, -2.00004]}
							}
						},
						{
							"origin": [4.751, 8, 2],
							"size": [1, 6, 1],
							"inflate": -0.001,
							"uv": {
								"north": {"uv": [10.00002, 58.00002], "uv_size": [1.99998, 18]},
								"east": {"uv": [7.99998, 58.00002], "uv_size": [2.00004, 18]},
								"south": {"uv": [13.99998, 58.00002], "uv_size": [2.00004, 18]},
								"west": {"uv": [12, 58.00002], "uv_size": [1.99998, 18]},
								"up": {"uv": [10.00002, 55.99998], "uv_size": [1.99998, 2.00004]},
								"down": {"uv": [12, 58.00002], "uv_size": [1.99998, -2.00004]}
							}
						},
						{
							"origin": [-0.975, 7.5, -0.4875],
							"size": [1, 1, 1],
							"uv": {
								"north": {"uv": [85.99998, 45], "uv_size": [2.00004, 1.99998]},
								"east": {"uv": [84, 45], "uv_size": [1.99998, 1.99998]},
								"south": {"uv": [90, 45], "uv_size": [1.99998, 1.99998]},
								"west": {"uv": [88.00002, 45], "uv_size": [1.99998, 1.99998]},
								"up": {"uv": [85.99998, 43.00002], "uv_size": [2.00004, 1.99998]},
								"down": {"uv": [88.00002, 45], "uv_size": [1.99998, -1.99998]}
							}
						},
						{
							"origin": [-1.5, 5.5, -0.9875],
							"size": [2, 2, 2],
							"uv": {
								"north": {"uv": [67.99998, 85.99998], "uv_size": [4.00002, 4.00002]},
								"east": {"uv": [64.00002, 85.99998], "uv_size": [3.99996, 4.00002]},
								"south": {"uv": [76.00002, 85.99998], "uv_size": [3.99996, 4.00002]},
								"west": {"uv": [72, 85.99998], "uv_size": [4.00002, 4.00002]},
								"up": {"uv": [67.99998, 82.00002], "uv_size": [4.00002, 3.99996]},
								"down": {"uv": [72, 85.99998], "uv_size": [4.00002, -3.99996]}
							}
						},
						{
							"origin": [-4.6875, 11.25, -0.4875],
							"size": [1, 1, 1],
							"uv": {
								"north": {"uv": [85.99998, 45], "uv_size": [2.00004, 1.99998]},
								"east": {"uv": [84, 45], "uv_size": [1.99998, 1.99998]},
								"south": {"uv": [90, 45], "uv_size": [1.99998, 1.99998]},
								"west": {"uv": [88.00002, 45], "uv_size": [1.99998, 1.99998]},
								"up": {"uv": [85.99998, 43.00002], "uv_size": [2.00004, 1.99998]},
								"down": {"uv": [88.00002, 45], "uv_size": [1.99998, -1.99998]}
							}
						},
						{
							"origin": [-5.1875, 9.25, -0.9875],
							"size": [2, 2, 2],
							"uv": {
								"north": {"uv": [67.99998, 85.99998], "uv_size": [4.00002, 4.00002]},
								"east": {"uv": [64.00002, 85.99998], "uv_size": [3.99996, 4.00002]},
								"south": {"uv": [76.00002, 85.99998], "uv_size": [3.99996, 4.00002]},
								"west": {"uv": [72, 85.99998], "uv_size": [4.00002, 4.00002]},
								"up": {"uv": [67.99998, 82.00002], "uv_size": [4.00002, 3.99996]},
								"down": {"uv": [72, 85.99998], "uv_size": [4.00002, -3.99996]}
							}
						},
						{
							"origin": [-0.975, 11.25, -0.4875],
							"size": [1, 1, 1],
							"uv": {
								"north": {"uv": [85.99998, 45], "uv_size": [2.00004, 1.99998]},
								"east": {"uv": [84, 45], "uv_size": [1.99998, 1.99998]},
								"south": {"uv": [90, 45], "uv_size": [1.99998, 1.99998]},
								"west": {"uv": [88.00002, 45], "uv_size": [1.99998, 1.99998]},
								"up": {"uv": [85.99998, 43.00002], "uv_size": [2.00004, 1.99998]},
								"down": {"uv": [88.00002, 45], "uv_size": [1.99998, -1.99998]}
							}
						},
						{
							"origin": [-1.5, 9.25, -0.9875],
							"size": [2, 2, 2],
							"uv": {
								"north": {"uv": [67.99998, 85.99998], "uv_size": [4.00002, 4.00002]},
								"east": {"uv": [64.00002, 85.99998], "uv_size": [3.99996, 4.00002]},
								"south": {"uv": [76.00002, 85.99998], "uv_size": [3.99996, 4.00002]},
								"west": {"uv": [72, 85.99998], "uv_size": [4.00002, 4.00002]},
								"up": {"uv": [67.99998, 82.00002], "uv_size": [4.00002, 3.99996]},
								"down": {"uv": [72, 85.99998], "uv_size": [4.00002, -3.99996]}
							}
						},
						{
							"origin": [3.525, 7.5, -0.4875],
							"size": [1, 1, 1],
							"uv": {
								"north": {"uv": [85.99998, 45], "uv_size": [2.00004, 1.99998]},
								"east": {"uv": [84, 45], "uv_size": [1.99998, 1.99998]},
								"south": {"uv": [90, 45], "uv_size": [1.99998, 1.99998]},
								"west": {"uv": [88.00002, 45], "uv_size": [1.99998, 1.99998]},
								"up": {"uv": [85.99998, 43.00002], "uv_size": [2.00004, 1.99998]},
								"down": {"uv": [88.00002, 45], "uv_size": [1.99998, -1.99998]}
							}
						},
						{
							"origin": [3, 5.5, -0.9875],
							"size": [2, 2, 2],
							"uv": {
								"north": {"uv": [67.99998, 85.99998], "uv_size": [4.00002, 4.00002]},
								"east": {"uv": [64.00002, 85.99998], "uv_size": [3.99996, 4.00002]},
								"south": {"uv": [76.00002, 85.99998], "uv_size": [3.99996, 4.00002]},
								"west": {"uv": [72, 85.99998], "uv_size": [4.00002, 4.00002]},
								"up": {"uv": [67.99998, 82.00002], "uv_size": [4.00002, 3.99996]},
								"down": {"uv": [72, 85.99998], "uv_size": [4.00002, -3.99996]}
							}
						},
						{
							"origin": [-4.6875, 3.75, -0.7875],
							"size": [1, 1, 1],
							"uv": {
								"north": {"uv": [85.99998, 45], "uv_size": [2.00004, 1.99998]},
								"east": {"uv": [84, 45], "uv_size": [1.99998, 1.99998]},
								"south": {"uv": [90, 45], "uv_size": [1.99998, 1.99998]},
								"west": {"uv": [88.00002, 45], "uv_size": [1.99998, 1.99998]},
								"up": {"uv": [85.99998, 43.00002], "uv_size": [2.00004, 1.99998]},
								"down": {"uv": [88.00002, 45], "uv_size": [1.99998, -1.99998]}
							}
						},
						{
							"origin": [-5.1875, 1.75, -1.2875],
							"size": [2, 2, 2],
							"uv": {
								"north": {"uv": [67.99998, 85.99998], "uv_size": [4.00002, 4.00002]},
								"east": {"uv": [64.00002, 85.99998], "uv_size": [3.99996, 4.00002]},
								"south": {"uv": [76.00002, 85.99998], "uv_size": [3.99996, 4.00002]},
								"west": {"uv": [72, 85.99998], "uv_size": [4.00002, 4.00002]},
								"up": {"uv": [67.99998, 82.00002], "uv_size": [4.00002, 3.99996]},
								"down": {"uv": [72, 85.99998], "uv_size": [4.00002, -3.99996]}
							}
						},
						{
							"origin": [2, 11.75, -0.25],
							"size": [0.5, 0.5, 0.5],
							"uv": {
								"north": {"uv": [82.99998, 81], "uv_size": [1.00002, 1.00002]},
								"east": {"uv": [82.00002, 81], "uv_size": [0.99996, 1.00002]},
								"south": {"uv": [85.00002, 81], "uv_size": [0.99996, 1.00002]},
								"west": {"uv": [84, 81], "uv_size": [1.00002, 1.00002]},
								"up": {"uv": [82.99998, 79.99998], "uv_size": [1.00002, 1.00002]},
								"down": {"uv": [84, 81], "uv_size": [1.00002, -1.00002]}
							}
						},
						{
							"origin": [1.6125, 9.25, -0.65],
							"size": [1.3, 2.5, 1.3],
							"uv": {
								"north": {"uv": [13.99998, 85.99998], "uv_size": [3, 5.00004]},
								"east": {"uv": [12, 85.99998], "uv_size": [1.99998, 5.00004]},
								"south": {"uv": [19.00002, 85.99998], "uv_size": [3, 5.00004]},
								"west": {"uv": [16.99998, 85.99998], "uv_size": [2.00004, 5.00004]},
								"up": {"uv": [13.99998, 84], "uv_size": [3, 1.99998]},
								"down": {"uv": [16.99998, 85.99998], "uv_size": [3, -1.99998]}
							}
						},
						{
							"origin": [3.625, 11.225, -0.6125],
							"size": [1, 0.75, 1.25],
							"uv": {
								"north": {"uv": [87, 25.00002], "uv_size": [1.99998, 1.99998]},
								"east": {"uv": [84, 25.00002], "uv_size": [3, 1.99998]},
								"south": {"uv": [91.99998, 25.00002], "uv_size": [2.00004, 1.99998]},
								"west": {"uv": [88.99998, 25.00002], "uv_size": [3, 1.99998]},
								"up": {"uv": [87, 22.00002], "uv_size": [1.99998, 3]},
								"down": {"uv": [88.99998, 25.00002], "uv_size": [2.00004, -3]}
							}
						},
						{
							"origin": [3.25, 9.25, -0.9875],
							"size": [1.75, 2, 2],
							"uv": {
								"north": {"uv": [70.00002, 67.99998], "uv_size": [3.99996, 6]},
								"east": {"uv": [66, 67.99998], "uv_size": [4.00002, 6]},
								"south": {"uv": [78, 67.99998], "uv_size": [4.00002, 6]},
								"west": {"uv": [73.99998, 67.99998], "uv_size": [4.00002, 6]},
								"up": {"uv": [70.00002, 64.00002], "uv_size": [3.99996, 3.99996]},
								"down": {"uv": [73.99998, 67.99998], "uv_size": [4.00002, -3.99996]}
							}
						},
						{
							"origin": [-4.6, 8, -0.2375],
							"size": [0.5, 0.5, 0.5],
							"uv": {
								"north": {"uv": [82.99998, 81], "uv_size": [1.00002, 1.00002]},
								"east": {"uv": [82.00002, 81], "uv_size": [0.99996, 1.00002]},
								"south": {"uv": [85.00002, 81], "uv_size": [0.99996, 1.00002]},
								"west": {"uv": [84, 81], "uv_size": [1.00002, 1.00002]},
								"up": {"uv": [82.99998, 79.99998], "uv_size": [1.00002, 1.00002]},
								"down": {"uv": [84, 81], "uv_size": [1.00002, -1.00002]}
							}
						},
						{
							"origin": [-4.9875, 5.5, -0.6375],
							"size": [1.3, 2.5, 1.3],
							"uv": {
								"north": {"uv": [13.99998, 85.99998], "uv_size": [3, 5.00004]},
								"east": {"uv": [12, 85.99998], "uv_size": [1.99998, 5.00004]},
								"south": {"uv": [19.00002, 85.99998], "uv_size": [3, 5.00004]},
								"west": {"uv": [16.99998, 85.99998], "uv_size": [2.00004, 5.00004]},
								"up": {"uv": [13.99998, 84], "uv_size": [3, 1.99998]},
								"down": {"uv": [16.99998, 85.99998], "uv_size": [3, -1.99998]}
							}
						},
						{
							"origin": [-2.65, 4.25, -0.2375],
							"size": [0.5, 0.5, 0.5],
							"uv": {
								"north": {"uv": [82.99998, 81], "uv_size": [1.00002, 1.00002]},
								"east": {"uv": [82.00002, 81], "uv_size": [0.99996, 1.00002]},
								"south": {"uv": [85.00002, 81], "uv_size": [0.99996, 1.00002]},
								"west": {"uv": [84, 81], "uv_size": [1.00002, 1.00002]},
								"up": {"uv": [82.99998, 79.99998], "uv_size": [1.00002, 1.00002]},
								"down": {"uv": [84, 81], "uv_size": [1.00002, -1.00002]}
							}
						},
						{
							"origin": [-3.05, 1.75, -0.6375],
							"size": [1.3, 2.5, 1.3],
							"uv": {
								"north": {"uv": [13.99998, 85.99998], "uv_size": [3, 5.00004]},
								"east": {"uv": [12, 85.99998], "uv_size": [1.99998, 5.00004]},
								"south": {"uv": [19.00002, 85.99998], "uv_size": [3, 5.00004]},
								"west": {"uv": [16.99998, 85.99998], "uv_size": [2.00004, 5.00004]},
								"up": {"uv": [13.99998, 84], "uv_size": [3, 1.99998]},
								"down": {"uv": [16.99998, 85.99998], "uv_size": [3, -1.99998]}
							}
						},
						{
							"origin": [1.75, 7.75, -0.2375],
							"size": [0.5, 0.5, 0.5],
							"uv": {
								"north": {"uv": [85.00002, 58.00002], "uv_size": [0.99996, 0.99996]},
								"east": {"uv": [84, 58.00002], "uv_size": [1.00002, 0.99996]},
								"south": {"uv": [87, 58.00002], "uv_size": [1.00002, 0.99996]},
								"west": {"uv": [85.99998, 58.00002], "uv_size": [1.00002, 0.99996]},
								"up": {"uv": [85.00002, 57], "uv_size": [0.99996, 1.00002]},
								"down": {"uv": [85.99998, 58.00002], "uv_size": [1.00002, -1.00002]}
							}
						},
						{
							"origin": [1.5, 5.5, -0.4875],
							"size": [1, 2.25, 1],
							"uv": {
								"north": {"uv": [24, 85.99998], "uv_size": [1.99998, 5.00004]},
								"east": {"uv": [22.00002, 85.99998], "uv_size": [1.99998, 5.00004]},
								"south": {"uv": [28.00002, 85.99998], "uv_size": [1.99998, 5.00004]},
								"west": {"uv": [25.99998, 85.99998], "uv_size": [2.00004, 5.00004]},
								"up": {"uv": [24, 84], "uv_size": [1.99998, 1.99998]},
								"down": {"uv": [25.99998, 85.99998], "uv_size": [2.00004, -1.99998]}
							}
						},
						{
							"origin": [-1.25, 4, -0.2375],
							"size": [0.5, 0.5, 0.5],
							"uv": {
								"north": {"uv": [85.00002, 58.00002], "uv_size": [0.99996, 0.99996]},
								"east": {"uv": [84, 58.00002], "uv_size": [1.00002, 0.99996]},
								"south": {"uv": [87, 58.00002], "uv_size": [1.00002, 0.99996]},
								"west": {"uv": [85.99998, 58.00002], "uv_size": [1.00002, 0.99996]},
								"up": {"uv": [85.00002, 57], "uv_size": [0.99996, 1.00002]},
								"down": {"uv": [85.99998, 58.00002], "uv_size": [1.00002, -1.00002]}
							}
						},
						{
							"origin": [-1.5, 1.75, -0.4875],
							"size": [1, 2.25, 1],
							"uv": {
								"north": {"uv": [24, 85.99998], "uv_size": [1.99998, 5.00004]},
								"east": {"uv": [22.00002, 85.99998], "uv_size": [1.99998, 5.00004]},
								"south": {"uv": [28.00002, 85.99998], "uv_size": [1.99998, 5.00004]},
								"west": {"uv": [25.99998, 85.99998], "uv_size": [2.00004, 5.00004]},
								"up": {"uv": [24, 84], "uv_size": [1.99998, 1.99998]},
								"down": {"uv": [25.99998, 85.99998], "uv_size": [2.00004, -1.99998]}
							}
						},
						{
							"origin": [0.5, 3.75, -0.2375],
							"size": [0.5, 0.5, 0.5],
							"uv": {
								"north": {"uv": [85.00002, 60], "uv_size": [0.99996, 1.00002]},
								"east": {"uv": [84, 60], "uv_size": [1.00002, 1.00002]},
								"south": {"uv": [87, 60], "uv_size": [1.00002, 1.00002]},
								"west": {"uv": [85.99998, 60], "uv_size": [1.00002, 1.00002]},
								"up": {"uv": [85.00002, 58.99998], "uv_size": [0.99996, 1.00002]},
								"down": {"uv": [85.99998, 60], "uv_size": [1.00002, -1.00002]}
							}
						},
						{
							"origin": [0.05, 1.75, -0.6875],
							"size": [1.4, 2, 1.4],
							"uv": {
								"north": {"uv": [87, 3], "uv_size": [3, 4.00002]},
								"east": {"uv": [84, 3], "uv_size": [3, 4.00002]},
								"south": {"uv": [93, 3], "uv_size": [3, 4.00002]},
								"west": {"uv": [90, 3], "uv_size": [3, 4.00002]},
								"up": {"uv": [87, 0], "uv_size": [3, 3]},
								"down": {"uv": [90, 3], "uv_size": [3, -3]}
							}
						},
						{
							"origin": [-3.05, 7.475, -0.6125],
							"size": [1, 0.75, 1.25],
							"uv": {
								"north": {"uv": [87, 25.00002], "uv_size": [1.99998, 1.99998]},
								"east": {"uv": [84, 25.00002], "uv_size": [3, 1.99998]},
								"south": {"uv": [91.99998, 25.00002], "uv_size": [2.00004, 1.99998]},
								"west": {"uv": [88.99998, 25.00002], "uv_size": [3, 1.99998]},
								"up": {"uv": [87, 22.00002], "uv_size": [1.99998, 3]},
								"down": {"uv": [88.99998, 25.00002], "uv_size": [2.00004, -3]}
							}
						},
						{
							"origin": [-3.5, 5.5, -0.9875],
							"size": [1.75, 2, 2],
							"uv": {
								"north": {"uv": [70.00002, 67.99998], "uv_size": [3.99996, 6]},
								"east": {"uv": [66, 67.99998], "uv_size": [4.00002, 6]},
								"south": {"uv": [78, 67.99998], "uv_size": [4.00002, 6]},
								"west": {"uv": [73.99998, 67.99998], "uv_size": [4.00002, 6]},
								"up": {"uv": [70.00002, 64.00002], "uv_size": [3.99996, 3.99996]},
								"down": {"uv": [73.99998, 67.99998], "uv_size": [4.00002, -3.99996]}
							}
						},
						{
							"origin": [1.65, 1.75, -0.9875],
							"size": [1.75, 2, 2],
							"uv": {
								"north": {"uv": [70.00002, 67.99998], "uv_size": [3.99996, 6]},
								"east": {"uv": [66, 67.99998], "uv_size": [4.00002, 6]},
								"south": {"uv": [78, 67.99998], "uv_size": [4.00002, 6]},
								"west": {"uv": [73.99998, 67.99998], "uv_size": [4.00002, 6]},
								"up": {"uv": [70.00002, 64.00002], "uv_size": [3.99996, 3.99996]},
								"down": {"uv": [73.99998, 67.99998], "uv_size": [4.00002, -3.99996]}
							}
						},
						{
							"origin": [2.025, 3.725, -0.6125],
							"size": [1, 0.75, 1.25],
							"uv": {
								"north": {"uv": [87, 25.00002], "uv_size": [1.99998, 1.99998]},
								"east": {"uv": [84, 25.00002], "uv_size": [3, 1.99998]},
								"south": {"uv": [91.99998, 25.00002], "uv_size": [2.00004, 1.99998]},
								"west": {"uv": [88.99998, 25.00002], "uv_size": [3, 1.99998]},
								"up": {"uv": [87, 22.00002], "uv_size": [1.99998, 3]},
								"down": {"uv": [88.99998, 25.00002], "uv_size": [2.00004, -3]}
							}
						},
						{
							"origin": [-2.75, 10.75, -0.3125],
							"size": [0.7, 0.75, 0.7],
							"uv": {
								"north": {"uv": [85.99998, 52.00002], "uv_size": [2.00004, 0.99996]},
								"east": {"uv": [84, 52.00002], "uv_size": [1.99998, 0.99996]},
								"south": {"uv": [90, 52.00002], "uv_size": [1.99998, 0.99996]},
								"west": {"uv": [88.00002, 52.00002], "uv_size": [1.99998, 0.99996]},
								"up": {"uv": [85.99998, 49.99998], "uv_size": [2.00004, 2.00004]},
								"down": {"uv": [88.00002, 52.00002], "uv_size": [1.99998, -2.00004]}
							}
						},
						{
							"origin": [-3.05, 9.25, -0.6375],
							"size": [1.3, 2, 1.3],
							"uv": {
								"north": {"uv": [82.99998, 85.00002], "uv_size": [3, 4.99998]},
								"east": {"uv": [79.99998, 85.00002], "uv_size": [3, 4.99998]},
								"south": {"uv": [88.99998, 85.00002], "uv_size": [3, 4.99998]},
								"west": {"uv": [85.99998, 85.00002], "uv_size": [3, 4.99998]},
								"up": {"uv": [82.99998, 82.00002], "uv_size": [3, 3]},
								"down": {"uv": [85.99998, 85.00002], "uv_size": [3, -3]}
							}
						},
						{
							"origin": [4, 3.25, -0.3125],
							"size": [0.7, 0.75, 0.7],
							"uv": {
								"north": {"uv": [85.99998, 52.00002], "uv_size": [2.00004, 0.99996]},
								"east": {"uv": [84, 52.00002], "uv_size": [1.99998, 0.99996]},
								"south": {"uv": [90, 52.00002], "uv_size": [1.99998, 0.99996]},
								"west": {"uv": [88.00002, 52.00002], "uv_size": [1.99998, 0.99996]},
								"up": {"uv": [85.99998, 49.99998], "uv_size": [2.00004, 2.00004]},
								"down": {"uv": [88.00002, 52.00002], "uv_size": [1.99998, -2.00004]}
							}
						},
						{
							"origin": [3.7, 1.75, -0.6375],
							"size": [1.3, 2, 1.3],
							"uv": {
								"north": {"uv": [82.99998, 85.00002], "uv_size": [3, 4.99998]},
								"east": {"uv": [79.99998, 85.00002], "uv_size": [3, 4.99998]},
								"south": {"uv": [88.99998, 85.00002], "uv_size": [3, 4.99998]},
								"west": {"uv": [85.99998, 85.00002], "uv_size": [3, 4.99998]},
								"up": {"uv": [82.99998, 82.00002], "uv_size": [3, 3]},
								"down": {"uv": [85.99998, 85.00002], "uv_size": [3, -3]}
							}
						}
					]
				}
			]
		}
	]
}