{
	"format_version": "1.21.20",
	"minecraft:geometry": [
		{
			"description": {
				"identifier": "geometry.sink",
				"texture_width": 80,
				"texture_height": 80,
				"visible_bounds_width": 2,
				"visible_bounds_height": 2.5,
				"visible_bounds_offset": [
					0,
					0.75,
					0
				]
			},
			"bones": [
				{
					"name": "sink",
					"pivot": [
						0,
						11.63125,
						1.28125
					],
					"cubes": [
						{
							"origin": [
								-7,
								13,
								-6
							],
							"size": [
								14,
								3,
								14
							],
							"uv": [
								0,
								0
							]
						},
						{
							"origin": [
								-5,
								13,
								-4
							],
							"size": [
								10,
								3,
								6
							],
							"uv": [
								34,
								33
							]
						},
						{
							"origin": [
								-7,
								11,
								3
							],
							"size": [
								14,
								2,
								5
							],
							"uv": [
								0,
								26
							]
						},
						{
							"origin": [
								-5,
								10,
								-4
							],
							"size": [
								10,
								3,
								7
							],
							"uv": [
								0,
								33
							]
						},
						{
							"origin": [
								-3,
								0,
								-2
							],
							"size": [
								6,
								10,
								5
							],
							"uv": [
								38,
								17
							]
						},
						{
							"origin": [
								-5,
								0.05,
								-4
							],
							"size": [
								10,
								0,
								8
							],
							"uv": [
								1,
								17
							]
						}
					]
				},
				{
					"name": "faucet",
					"parent": "sink",
					"pivot": [
						0,
						18.75,
						2.25
					],
					"cubes": [
						{
							"origin": [
								-1,
								19,
								-1
							],
							"size": [
								2,
								2,
								5
							],
							"uv": [
								34,
								42
							]
						},
						{
							"origin": [
								-1,
								16,
								2
							],
							"size": [
								2,
								3,
								2
							],
							"uv": [
								24,
								43
							]
						}
					]
				},
				{
					"name": "faucet_controls",
					"parent": "sink",
					"pivot": [
						0,
						16.75,
						3
					]
				},
				{
					"name": "control_R",
					"parent": "faucet_controls",
					"pivot": [
						-3.5,
						16.75,
						3
					],
					"cubes": [
						{
							"origin": [
								-5,
								17,
								1.5
							],
							"size": [
								3,
								0,
								3
							],
							"uv": [
								0,
								43
							]
						},
						{
							"origin": [
								-4,
								16,
								3
							],
							"size": [
								1,
								1,
								0
							],
							"uv": [
								38,
								32
							]
						}
					]
				},
				{
					"name": "control_L",
					"parent": "faucet_controls",
					"pivot": [
						3.5,
						16.75,
						3
					],
					"cubes": [
						{
							"origin": [
								2,
								17,
								1.5
							],
							"size": [
								3,
								0,
								3
							],
							"uv": [
								12,
								43
							]
						},
						{
							"origin": [
								3,
								16,
								3
							],
							"size": [
								1,
								1,
								0
							],
							"uv": [
								40,
								32
							]
						}
					]
				}
			]
		}
	]
}