{
	"format_version": "1.12.0",
	"minecraft:geometry": [
		{
			"description": {
				"identifier": "geometry.small_speaker",
				"texture_width": 32,
				"texture_height": 32,
				"visible_bounds_width": 3,
				"visible_bounds_height": 2.5,
				"visible_bounds_offset": [0, 0.75, 0]
			},
			"bones": [
				{
					"name": "freddy_plush",
					"pivot": [0, 0, 0]
				},
				{
					"name": "up_0",
					"parent": "freddy_plush",
					"pivot": [0, 0, 0],
					"cubes": [
						{
							"origin": [-4, 0, -3.5],
							"size": [8, 13, 7],
							"uv": {
								"north": {"uv": [0, 0], "uv_size": [8, 13]},
								"east": {"uv": [0, 13], "uv_size": [7, 13]},
								"south": {"uv": [8, 0], "uv_size": [8, 13]},
								"west": {"uv": [7, 13.375], "uv_size": [-7, 13]},
								"up": {"uv": [15, 20], "uv_size": [-8, -7]},
								"down": {"uv": [15, 20], "uv_size": [-8, -7]}
							}
						}
					]
				},
				{
					"name": "up_22_5",
					"parent": "freddy_plush",
					"pivot": [0, 0, 0],
					"rotation": [0, 22.5, 0],
					"cubes": [
						{
							"origin": [-4, 0, -3.5],
							"size": [8, 13, 7],
							"uv": {
								"north": {"uv": [0, 0], "uv_size": [8, 13]},
								"east": {"uv": [0, 13], "uv_size": [7, 13]},
								"south": {"uv": [8, 0], "uv_size": [8, 13]},
								"west": {"uv": [7, 13.375], "uv_size": [-7, 13]},
								"up": {"uv": [15, 20], "uv_size": [-8, -7]},
								"down": {"uv": [15, 20], "uv_size": [-8, -7]}
							}
						}
					]
				},
				{
					"name": "up_45",
					"parent": "freddy_plush",
					"pivot": [0, 0, 0],
					"rotation": [0, 45, 0],
					"cubes": [
						{
							"origin": [-4, 0, -3.5],
							"size": [8, 13, 7],
							"uv": {
								"north": {"uv": [0, 0], "uv_size": [8, 13]},
								"east": {"uv": [0, 13], "uv_size": [7, 13]},
								"south": {"uv": [8, 0], "uv_size": [8, 13]},
								"west": {"uv": [7, 13.375], "uv_size": [-7, 13]},
								"up": {"uv": [15, 20], "uv_size": [-8, -7]},
								"down": {"uv": [15, 20], "uv_size": [-8, -7]}
							}
						}
					]
				},
				{
					"name": "up_67_5",
					"parent": "freddy_plush",
					"pivot": [0, 0, 0],
					"rotation": [0, 67.5, 0],
					"cubes": [
						{
							"origin": [-4, 0, -3.5],
							"size": [8, 13, 7],
							"uv": {
								"north": {"uv": [0, 0], "uv_size": [8, 13]},
								"east": {"uv": [0, 13], "uv_size": [7, 13]},
								"south": {"uv": [8, 0], "uv_size": [8, 13]},
								"west": {"uv": [7, 13.375], "uv_size": [-7, 13]},
								"up": {"uv": [15, 20], "uv_size": [-8, -7]},
								"down": {"uv": [15, 20], "uv_size": [-8, -7]}
							}
						}
					]
				},
				{
					"name": "side",
					"parent": "freddy_plush",
					"pivot": [0, 5, 17],
					"rotation": [10, 0, 0],
					"cubes": [
						{
							"origin": [-4, 0, 0.5],
							"size": [8, 13, 7],
							"uv": {
								"north": {"uv": [0, 0], "uv_size": [8, 13]},
								"east": {"uv": [0, 13], "uv_size": [7, 13]},
								"south": {"uv": [8, 0], "uv_size": [8, 13]},
								"west": {"uv": [7, 13.375], "uv_size": [-7, 13]},
								"up": {"uv": [15, 20], "uv_size": [-8, -7]},
								"down": {"uv": [15, 20], "uv_size": [-8, -7]}
							}
						}
					]
				}
			]
		}
	]
}