{
	"format_version": "1.12.0",
	"minecraft:geometry": [
		{
			"description": {
				"identifier": "geometry.stage_clouds",
				"texture_width": 16,
				"texture_height": 16,
				"visible_bounds_width": 3,
				"visible_bounds_height": 3,
				"visible_bounds_offset": [0, 0.5, 0]
			},
			"bones": [
				{
					"name": "bone2",
					"pivot": [0, -10, 0]
				},
				{
					"name": "bone",
					"parent": "bone2",
					"pivot": [14, -5, 0.6],
					"cubes": [
						{
							"origin": [-10, -4, 1.1],
							"size": [8, 8, 0],
							"uv": {
								"north": {"uv": [0, 4.5], "uv_size": [4, 4]}
							}
						},
						{
							"origin": [-12, -9, -0.4],
							"size": [9, 9, 0],
							"uv": {
								"north": {"uv": [0, 0], "uv_size": [4.5, 4.5]}
							}
						},
						{
							"origin": [-7, -3, 0.1],
							"size": [9, 9, 0],
							"uv": {
								"north": {"uv": [0, 0], "uv_size": [4.5, 4.5]}
							}
						},
						{
							"origin": [0, -5, -0.4],
							"size": [9, 9, 0],
							"uv": {
								"north": {"uv": [0, 0], "uv_size": [4.5, 4.5]}
							}
						},
						{
							"origin": [7, -8, -0.9],
							"size": [9, 9, 0],
							"uv": {
								"north": {"uv": [0, 0], "uv_size": [4.5, 4.5]}
							}
						},
						{
							"origin": [-13, -7, 0.6],
							"size": [8, 8, 0],
							"uv": {
								"north": {"uv": [0, 4.5], "uv_size": [4, 4]}
							}
						},
						{
							"origin": [-14, -13, 1.1],
							"size": [8, 8, 0],
							"uv": {
								"north": {"uv": [0, 4.5], "uv_size": [4, 4]}
							}
						},
						{
							"origin": [-8, -14, 0.1],
							"size": [8, 8, 0],
							"uv": {
								"north": {"uv": [0, 4.5], "uv_size": [4, 4]}
							}
						},
						{
							"origin": [-2, -12, -0.4],
							"size": [8, 8, 0],
							"uv": {
								"north": {"uv": [0, 4.5], "uv_size": [4, 4]}
							}
						},
						{
							"origin": [3, -14, 0.1],
							"size": [8, 8, 0],
							"uv": {
								"north": {"uv": [0, 4.5], "uv_size": [4, 4]}
							}
						},
						{
							"origin": [4, -10, 0.6],
							"size": [9, 9, 0],
							"uv": {
								"north": {"uv": [0, 0], "uv_size": [4.5, 4.5]}
							}
						},
						{
							"origin": [8, -13, 1.1],
							"size": [8, 8, 0],
							"uv": {
								"north": {"uv": [0, 4.5], "uv_size": [4, 4]}
							}
						},
						{
							"origin": [-3, -8, -0.9],
							"size": [8, 8, 0],
							"uv": {
								"north": {"uv": [0, 4.5], "uv_size": [4, 4]}
							}
						},
						{
							"origin": [6, -5, 0.6],
							"size": [8, 8, 0],
							"uv": {
								"north": {"uv": [0, 4.5], "uv_size": [4, 4]}
							}
						}
					]
				},
				{
					"name": "bb_main",
					"parent": "bone2",
					"pivot": [0, -10, 0],
					"cubes": [
						{
							"origin": [9, -3, 1.5],
							"size": [1, 19, 0],
							"pivot": [9.5, 6.5, 1.5],
							"rotation": [0, 45, 0],
							"uv": {
								"north": {"uv": [15, 0], "uv_size": [0.5, 9.5]}
							}
						},
						{
							"origin": [9, -3, 1.5],
							"size": [1, 19, 0],
							"pivot": [9.5, 6.5, 1.5],
							"rotation": [0, -45, 0],
							"uv": {
								"north": {"uv": [15, 0], "uv_size": [0.5, 9.5]}
							}
						},
						{
							"origin": [-10, -3, 1.5],
							"size": [1, 19, 0],
							"pivot": [-9.5, 6.5, 1.5],
							"rotation": [0, 45, 0],
							"uv": {
								"north": {"uv": [15, 0], "uv_size": [0.5, 9.5]}
							}
						},
						{
							"origin": [-10, -3, 1.5],
							"size": [1, 19, 0],
							"pivot": [-9.5, 6.5, 1.5],
							"rotation": [0, -45, 0],
							"uv": {
								"north": {"uv": [15, 0], "uv_size": [0.5, 9.5]}
							}
						},
						{
							"origin": [-10, -6, 1],
							"size": [21, 3, 1],
							"uv": {
								"north": {"uv": [2, 13.5], "uv_size": [10.5, 1.5]},
								"east": {"uv": [2, 13.5], "uv_size": [0.5, 1.5]},
								"south": {"uv": [2, 13.5], "uv_size": [10.5, 1.5]},
								"west": {"uv": [2, 13.5], "uv_size": [0.5, 1.5]},
								"up": {"uv": [12.5, 14], "uv_size": [-10.5, -0.5]},
								"down": {"uv": [12.5, 14], "uv_size": [-10.5, -0.5]}
							}
						}
					]
				}
			]
		}
	]
}