{
	"format_version": "1.12.0",
	"minecraft:geometry": [
		{
			"description": {
				"identifier": "geometry.stage_spotlight",
				"texture_width": 64,
				"texture_height": 64,
				"visible_bounds_width": 3,
				"visible_bounds_height": 2.5,
				"visible_bounds_offset": [0, 0.75, 0]
			},
			"bones": [
				{
					"name": "freddy_plush",
					"pivot": [0, 0, 0]
				},
				{
					"name": "up_0",
					"parent": "freddy_plush",
					"pivot": [0, 0, 0],
					"cubes": [
						{
							"origin": [3.72487, -0.36499, -11.30107],
							"size": [0, 7, 5],
							"pivot": [0, 3.13501, -5.0762],
							"rotation": [0, -80, 90],
							"uv": {
								"north": {"uv": [0, 0], "uv_size": [0, 7]},
								"east": {"uv": [12, 24], "uv_size": [5, 7]},
								"south": {"uv": [0, 0], "uv_size": [0, 7]},
								"west": {"uv": [23, 9], "uv_size": [-5, 7]},
								"up": {"uv": [0, 0], "uv_size": [0, 5]},
								"down": {"uv": [0, 5], "uv_size": [0, -5]}
							}
						},
						{
							"origin": [-3.72487, -0.36499, -11.30107],
							"size": [0, 7, 5],
							"pivot": [0, 3.13501, -5.0762],
							"rotation": [0, 10, 90],
							"uv": {
								"north": {"uv": [0, 0], "uv_size": [0, 7]},
								"east": {"uv": [18, 9], "uv_size": [5, 7]},
								"south": {"uv": [0, 0], "uv_size": [0, 7]},
								"west": {"uv": [7, 24], "uv_size": [5, 7]},
								"up": {"uv": [0, 0], "uv_size": [0, 5]},
								"down": {"uv": [0, 5], "uv_size": [0, -5]}
							}
						},
						{
							"origin": [3.5, 0.64897, -8.62812],
							"size": [0, 7, 5],
							"pivot": [3.5, 4.14897, -3.62812],
							"rotation": [44.7191, -35.3963, -29.8376],
							"uv": {
								"north": {"uv": [0, 0], "uv_size": [0, 7]},
								"east": {"uv": [23, 0], "uv_size": [5, 7]},
								"south": {"uv": [0, 0], "uv_size": [0, 7]},
								"west": {"uv": [23, 9], "uv_size": [-5, 7]},
								"up": {"uv": [0, 0], "uv_size": [0, 5]},
								"down": {"uv": [0, 5], "uv_size": [0, -5]}
							}
						},
						{
							"origin": [-3.5, 0.64897, -8.62812],
							"size": [0, 7, 5],
							"pivot": [-3.5, 4.14897, -3.62812],
							"rotation": [44.7191, 35.3963, 29.8376],
							"uv": {
								"north": {"uv": [0, 0], "uv_size": [0, 7]},
								"east": {"uv": [18, 9], "uv_size": [5, 7]},
								"south": {"uv": [0, 0], "uv_size": [0, 7]},
								"west": {"uv": [21, 16], "uv_size": [5, 7]},
								"up": {"uv": [0, 0], "uv_size": [0, 5]},
								"down": {"uv": [0, 5], "uv_size": [0, -5]}
							}
						},
						{
							"origin": [-3.5, 4.87321, -0.23054],
							"size": [7, 0.87321, 9],
							"pivot": [0, 0.87321, 4.76946],
							"rotation": [35, 0, 0],
							"uv": {
								"north": {"uv": [7, 23.12679], "uv_size": [7, 0.87321]},
								"east": {"uv": [0, 16.12679], "uv_size": [9, 0.87321]},
								"south": {"uv": [23, 6.12679], "uv_size": [7, 0.87321]},
								"west": {"uv": [9, 16.12679], "uv_size": [9, 0.87321]},
								"up": {"uv": [16, 0], "uv_size": [7, 9]},
								"down": {"uv": [16, 9], "uv_size": [7, -9]}
							}
						},
						{
							"origin": [2.5, 5.74642, -0.23054],
							"size": [1, 5, 9],
							"pivot": [0, 0.87321, 4.76946],
							"rotation": [35, 0, 0],
							"uv": {
								"north": {"uv": [13, 18.12679], "uv_size": [1, 5]},
								"east": {"uv": [0, 11.12679], "uv_size": [9, 5]},
								"south": {"uv": [23, 1.12679], "uv_size": [1, 5]},
								"west": {"uv": [9, 11.12679], "uv_size": [9, 5]},
								"up": {"uv": [22, 0], "uv_size": [1, 9]},
								"down": {"uv": [22, 9], "uv_size": [1, -9]}
							}
						},
						{
							"origin": [-2.5, 5.74642, 5.76946],
							"size": [5, 5, 3],
							"pivot": [0, 0.87321, 4.76946],
							"rotation": [35, 0, 0],
							"uv": {
								"north": {"uv": [8, 18.12679], "uv_size": [5, 5]},
								"east": {"uv": [0, 11.12679], "uv_size": [9, 5]},
								"south": {"uv": [24, 1.12679], "uv_size": [5, 5]},
								"west": {"uv": [9, 11.12679], "uv_size": [9, 5]},
								"up": {"uv": [17, 0], "uv_size": [5, 9]},
								"down": {"uv": [17, 9], "uv_size": [5, -9]}
							}
						},
						{
							"origin": [-2.5, 5.74642, 3.76946],
							"size": [5, 5, 3],
							"pivot": [0, 0.87321, 4.76946],
							"rotation": [35, 0, 0],
							"uv": {
								"north": {"uv": [8, 18.12679], "uv_size": [5, 5]},
								"east": {"uv": [0, 11.12679], "uv_size": [9, 5]},
								"south": {"uv": [24, 1.12679], "uv_size": [5, 5]},
								"west": {"uv": [9, 11.12679], "uv_size": [9, 5]},
								"up": {"uv": [17, 0], "uv_size": [5, 9]},
								"down": {"uv": [17, 9], "uv_size": [5, -9]}
							}
						},
						{
							"origin": [-3.5, 5.74642, -0.23054],
							"size": [1, 5, 9],
							"pivot": [0, 0.87321, 4.76946],
							"rotation": [35, 0, 0],
							"uv": {
								"north": {"uv": [7, 18.12679], "uv_size": [1, 5]},
								"east": {"uv": [0, 11.12679], "uv_size": [9, 5]},
								"south": {"uv": [29, 1.12679], "uv_size": [1, 5]},
								"west": {"uv": [9, 11.12679], "uv_size": [9, 5]},
								"up": {"uv": [16, 0], "uv_size": [1, 9]},
								"down": {"uv": [16, 9], "uv_size": [1, -9]}
							}
						},
						{
							"origin": [-3.5, 10.74642, -0.23054],
							"size": [7, 1.12679, 4.76946],
							"pivot": [0, 0.87321, 4.76946],
							"rotation": [35, 0, 0],
							"uv": {
								"north": {"uv": [7, 17], "uv_size": [7, 1]},
								"east": {"uv": [4.23054, 10], "uv_size": [4.76946, 1.12679]},
								"south": {"uv": [23, 0], "uv_size": [7, 1.12679]},
								"west": {"uv": [9, 10], "uv_size": [4.76946, 1.12679]},
								"up": {"uv": [16, 4.23054], "uv_size": [7, 4.76946]},
								"down": {"uv": [16, 9], "uv_size": [7, -4.76946]}
							}
						},
						{
							"origin": [-3.5, 10.74642, 4.53892],
							"size": [7, 1.12679, 4.23054],
							"pivot": [0, 0.87321, 4.76946],
							"rotation": [35, 0, 0],
							"uv": {
								"north": {"uv": [7, 17], "uv_size": [7, 1.12679]},
								"east": {"uv": [0, 10], "uv_size": [4.23054, 1.12679]},
								"south": {"uv": [23, 0], "uv_size": [7, 1.12679]},
								"west": {"uv": [13.76946, 10], "uv_size": [4.23054, 1.12679]},
								"up": {"uv": [16, 0], "uv_size": [7, 4.23054]},
								"down": {"uv": [16, 4.23054], "uv_size": [7, -4.23054]}
							}
						},
						{
							"origin": [-4, 5.60727, -0.24558],
							"size": [8, 10, 2],
							"uv": {
								"north": {"uv": [0, 0], "uv_size": [8, 10]},
								"east": {"uv": [17, 24], "uv_size": [2, 10]},
								"south": {"uv": [8, 0], "uv_size": [8, 10]},
								"west": {"uv": [19, 24], "uv_size": [-2, 10]},
								"up": {"uv": [23, 14], "uv_size": [8, 2]}
							}
						}
					]
				},
				{
					"name": "up_22_5",
					"parent": "freddy_plush",
					"pivot": [0, 0, 0],
					"rotation": [0, 22.5, 0],
					"cubes": [
						{
							"origin": [3.72487, -0.36499, -11.30107],
							"size": [0, 7, 5],
							"pivot": [0, 3.13501, -5.0762],
							"rotation": [0, -80, 90],
							"uv": {
								"north": {"uv": [0, 0], "uv_size": [0, 7]},
								"east": {"uv": [12, 24], "uv_size": [5, 7]},
								"south": {"uv": [0, 0], "uv_size": [0, 7]},
								"west": {"uv": [23, 9], "uv_size": [-5, 7]},
								"up": {"uv": [0, 0], "uv_size": [0, 5]},
								"down": {"uv": [0, 5], "uv_size": [0, -5]}
							}
						},
						{
							"origin": [-3.72487, -0.36499, -11.30107],
							"size": [0, 7, 5],
							"pivot": [0, 3.13501, -5.0762],
							"rotation": [0, 10, 90],
							"uv": {
								"north": {"uv": [0, 0], "uv_size": [0, 7]},
								"east": {"uv": [18, 9], "uv_size": [5, 7]},
								"south": {"uv": [0, 0], "uv_size": [0, 7]},
								"west": {"uv": [7, 24], "uv_size": [5, 7]},
								"up": {"uv": [0, 0], "uv_size": [0, 5]},
								"down": {"uv": [0, 5], "uv_size": [0, -5]}
							}
						},
						{
							"origin": [3.5, 0.64897, -8.62812],
							"size": [0, 7, 5],
							"pivot": [3.5, 4.14897, -3.62812],
							"rotation": [44.7191, -35.3963, -29.8376],
							"uv": {
								"north": {"uv": [0, 0], "uv_size": [0, 7]},
								"east": {"uv": [23, 0], "uv_size": [5, 7]},
								"south": {"uv": [0, 0], "uv_size": [0, 7]},
								"west": {"uv": [23, 9], "uv_size": [-5, 7]},
								"up": {"uv": [0, 0], "uv_size": [0, 5]},
								"down": {"uv": [0, 5], "uv_size": [0, -5]}
							}
						},
						{
							"origin": [-3.5, 0.64897, -8.62812],
							"size": [0, 7, 5],
							"pivot": [-3.5, 4.14897, -3.62812],
							"rotation": [44.7191, 35.3963, 29.8376],
							"uv": {
								"north": {"uv": [0, 0], "uv_size": [0, 7]},
								"east": {"uv": [18, 9], "uv_size": [5, 7]},
								"south": {"uv": [0, 0], "uv_size": [0, 7]},
								"west": {"uv": [21, 16], "uv_size": [5, 7]},
								"up": {"uv": [0, 0], "uv_size": [0, 5]},
								"down": {"uv": [0, 5], "uv_size": [0, -5]}
							}
						},
						{
							"origin": [-3.5, 4.87321, -0.23054],
							"size": [7, 0.87321, 9],
							"pivot": [0, 0.87321, 4.76946],
							"rotation": [35, 0, 0],
							"uv": {
								"north": {"uv": [7, 23.12679], "uv_size": [7, 0.87321]},
								"east": {"uv": [0, 16.12679], "uv_size": [9, 0.87321]},
								"south": {"uv": [23, 6.12679], "uv_size": [7, 0.87321]},
								"west": {"uv": [9, 16.12679], "uv_size": [9, 0.87321]},
								"up": {"uv": [16, 0], "uv_size": [7, 9]},
								"down": {"uv": [16, 9], "uv_size": [7, -9]}
							}
						},
						{
							"origin": [-4, 5.60727, -0.24558],
							"size": [8, 10, 2],
							"uv": {
								"north": {"uv": [0, 0], "uv_size": [8, 10]},
								"east": {"uv": [17, 24], "uv_size": [2, 10]},
								"south": {"uv": [8, 0], "uv_size": [8, 10]},
								"west": {"uv": [19, 24], "uv_size": [-2, 10]},
								"up": {"uv": [23, 14], "uv_size": [8, 2]}
							}
						},
						{
							"origin": [-3.5, 10.74642, -0.23054],
							"size": [7, 1.12679, 4.76946],
							"pivot": [0, 0.87321, 4.76946],
							"rotation": [35, 0, 0],
							"uv": {
								"north": {"uv": [7, 17], "uv_size": [7, 1]},
								"east": {"uv": [4.23054, 10], "uv_size": [4.76946, 1.12679]},
								"south": {"uv": [23, 0], "uv_size": [7, 1.12679]},
								"west": {"uv": [9, 10], "uv_size": [4.76946, 1.12679]},
								"up": {"uv": [16, 4.23054], "uv_size": [7, 4.76946]},
								"down": {"uv": [16, 9], "uv_size": [7, -4.76946]}
							}
						},
						{
							"origin": [2.5, 5.74642, -0.23054],
							"size": [1, 5, 9],
							"pivot": [0, 0.87321, 4.76946],
							"rotation": [35, 0, 0],
							"uv": {
								"north": {"uv": [13, 18.12679], "uv_size": [1, 5]},
								"east": {"uv": [0, 11.12679], "uv_size": [9, 5]},
								"south": {"uv": [23, 1.12679], "uv_size": [1, 5]},
								"west": {"uv": [9, 11.12679], "uv_size": [9, 5]},
								"up": {"uv": [22, 0], "uv_size": [1, 9]},
								"down": {"uv": [22, 9], "uv_size": [1, -9]}
							}
						},
						{
							"origin": [-3.5, 5.74642, -0.23054],
							"size": [1, 5, 9],
							"pivot": [0, 0.87321, 4.76946],
							"rotation": [35, 0, 0],
							"uv": {
								"north": {"uv": [7, 18.12679], "uv_size": [1, 5]},
								"east": {"uv": [0, 11.12679], "uv_size": [9, 5]},
								"south": {"uv": [29, 1.12679], "uv_size": [1, 5]},
								"west": {"uv": [9, 11.12679], "uv_size": [9, 5]},
								"up": {"uv": [16, 0], "uv_size": [1, 9]},
								"down": {"uv": [16, 9], "uv_size": [1, -9]}
							}
						},
						{
							"origin": [-3.5, 10.74642, 4.53892],
							"size": [7, 1.12679, 4.23054],
							"pivot": [0, 0.87321, 4.76946],
							"rotation": [35, 0, 0],
							"uv": {
								"north": {"uv": [7, 17], "uv_size": [7, 1.12679]},
								"east": {"uv": [0, 10], "uv_size": [4.23054, 1.12679]},
								"south": {"uv": [23, 0], "uv_size": [7, 1.12679]},
								"west": {"uv": [13.76946, 10], "uv_size": [4.23054, 1.12679]},
								"up": {"uv": [16, 0], "uv_size": [7, 4.23054]},
								"down": {"uv": [16, 4.23054], "uv_size": [7, -4.23054]}
							}
						},
						{
							"origin": [-2.5, 5.74642, 5.76946],
							"size": [5, 5, 3],
							"pivot": [0, 0.87321, 4.76946],
							"rotation": [35, 0, 0],
							"uv": {
								"north": {"uv": [8, 18.12679], "uv_size": [5, 5]},
								"east": {"uv": [0, 11.12679], "uv_size": [9, 5]},
								"south": {"uv": [24, 1.12679], "uv_size": [5, 5]},
								"west": {"uv": [9, 11.12679], "uv_size": [9, 5]},
								"up": {"uv": [17, 0], "uv_size": [5, 9]},
								"down": {"uv": [17, 9], "uv_size": [5, -9]}
							}
						},
						{
							"origin": [-2.5, 5.74642, 3.76946],
							"size": [5, 5, 3],
							"pivot": [0, 0.87321, 4.76946],
							"rotation": [35, 0, 0],
							"uv": {
								"north": {"uv": [8, 18.12679], "uv_size": [5, 5]},
								"east": {"uv": [0, 11.12679], "uv_size": [9, 5]},
								"south": {"uv": [24, 1.12679], "uv_size": [5, 5]},
								"west": {"uv": [9, 11.12679], "uv_size": [9, 5]},
								"up": {"uv": [17, 0], "uv_size": [5, 9]},
								"down": {"uv": [17, 9], "uv_size": [5, -9]}
							}
						}
					]
				},
				{
					"name": "up_45",
					"parent": "freddy_plush",
					"pivot": [0, 0, 0],
					"rotation": [0, 45, 0],
					"cubes": [
						{
							"origin": [3.72487, -0.36499, -11.30107],
							"size": [0, 7, 5],
							"pivot": [0, 3.13501, -5.0762],
							"rotation": [0, -80, 90],
							"uv": {
								"north": {"uv": [0, 0], "uv_size": [0, 7]},
								"east": {"uv": [12, 24], "uv_size": [5, 7]},
								"south": {"uv": [0, 0], "uv_size": [0, 7]},
								"west": {"uv": [23, 9], "uv_size": [-5, 7]},
								"up": {"uv": [0, 0], "uv_size": [0, 5]},
								"down": {"uv": [0, 5], "uv_size": [0, -5]}
							}
						},
						{
							"origin": [-3.72487, -0.36499, -11.30107],
							"size": [0, 7, 5],
							"pivot": [0, 3.13501, -5.0762],
							"rotation": [0, 10, 90],
							"uv": {
								"north": {"uv": [0, 0], "uv_size": [0, 7]},
								"east": {"uv": [18, 9], "uv_size": [5, 7]},
								"south": {"uv": [0, 0], "uv_size": [0, 7]},
								"west": {"uv": [7, 24], "uv_size": [5, 7]},
								"up": {"uv": [0, 0], "uv_size": [0, 5]},
								"down": {"uv": [0, 5], "uv_size": [0, -5]}
							}
						},
						{
							"origin": [3.5, 0.64897, -8.62812],
							"size": [0, 7, 5],
							"pivot": [3.5, 4.14897, -3.62812],
							"rotation": [44.7191, -35.3963, -29.8376],
							"uv": {
								"north": {"uv": [0, 0], "uv_size": [0, 7]},
								"east": {"uv": [23, 0], "uv_size": [5, 7]},
								"south": {"uv": [0, 0], "uv_size": [0, 7]},
								"west": {"uv": [23, 9], "uv_size": [-5, 7]},
								"up": {"uv": [0, 0], "uv_size": [0, 5]},
								"down": {"uv": [0, 5], "uv_size": [0, -5]}
							}
						},
						{
							"origin": [-3.5, 0.64897, -8.62812],
							"size": [0, 7, 5],
							"pivot": [-3.5, 4.14897, -3.62812],
							"rotation": [44.7191, 35.3963, 29.8376],
							"uv": {
								"north": {"uv": [0, 0], "uv_size": [0, 7]},
								"east": {"uv": [18, 9], "uv_size": [5, 7]},
								"south": {"uv": [0, 0], "uv_size": [0, 7]},
								"west": {"uv": [21, 16], "uv_size": [5, 7]},
								"up": {"uv": [0, 0], "uv_size": [0, 5]},
								"down": {"uv": [0, 5], "uv_size": [0, -5]}
							}
						},
						{
							"origin": [-3.5, 4.87321, -0.23054],
							"size": [7, 0.87321, 9],
							"pivot": [0, 0.87321, 4.76946],
							"rotation": [35, 0, 0],
							"uv": {
								"north": {"uv": [7, 23.12679], "uv_size": [7, 0.87321]},
								"east": {"uv": [0, 16.12679], "uv_size": [9, 0.87321]},
								"south": {"uv": [23, 6.12679], "uv_size": [7, 0.87321]},
								"west": {"uv": [9, 16.12679], "uv_size": [9, 0.87321]},
								"up": {"uv": [16, 0], "uv_size": [7, 9]},
								"down": {"uv": [16, 9], "uv_size": [7, -9]}
							}
						},
						{
							"origin": [-4, 5.60727, -0.24558],
							"size": [8, 10, 2],
							"uv": {
								"north": {"uv": [0, 0], "uv_size": [8, 10]},
								"east": {"uv": [17, 24], "uv_size": [2, 10]},
								"south": {"uv": [8, 0], "uv_size": [8, 10]},
								"west": {"uv": [19, 24], "uv_size": [-2, 10]},
								"up": {"uv": [23, 14], "uv_size": [8, 2]}
							}
						},
						{
							"origin": [-3.5, 10.74642, -0.23054],
							"size": [7, 1.12679, 4.76946],
							"pivot": [0, 0.87321, 4.76946],
							"rotation": [35, 0, 0],
							"uv": {
								"north": {"uv": [7, 17], "uv_size": [7, 1]},
								"east": {"uv": [4.23054, 10], "uv_size": [4.76946, 1.12679]},
								"south": {"uv": [23, 0], "uv_size": [7, 1.12679]},
								"west": {"uv": [9, 10], "uv_size": [4.76946, 1.12679]},
								"up": {"uv": [16, 4.23054], "uv_size": [7, 4.76946]},
								"down": {"uv": [16, 9], "uv_size": [7, -4.76946]}
							}
						},
						{
							"origin": [2.5, 5.74642, -0.23054],
							"size": [1, 5, 9],
							"pivot": [0, 0.87321, 4.76946],
							"rotation": [35, 0, 0],
							"uv": {
								"north": {"uv": [13, 18.12679], "uv_size": [1, 5]},
								"east": {"uv": [0, 11.12679], "uv_size": [9, 5]},
								"south": {"uv": [23, 1.12679], "uv_size": [1, 5]},
								"west": {"uv": [9, 11.12679], "uv_size": [9, 5]},
								"up": {"uv": [22, 0], "uv_size": [1, 9]},
								"down": {"uv": [22, 9], "uv_size": [1, -9]}
							}
						},
						{
							"origin": [-3.5, 5.74642, -0.23054],
							"size": [1, 5, 9],
							"pivot": [0, 0.87321, 4.76946],
							"rotation": [35, 0, 0],
							"uv": {
								"north": {"uv": [7, 18.12679], "uv_size": [1, 5]},
								"east": {"uv": [0, 11.12679], "uv_size": [9, 5]},
								"south": {"uv": [29, 1.12679], "uv_size": [1, 5]},
								"west": {"uv": [9, 11.12679], "uv_size": [9, 5]},
								"up": {"uv": [16, 0], "uv_size": [1, 9]},
								"down": {"uv": [16, 9], "uv_size": [1, -9]}
							}
						},
						{
							"origin": [-3.5, 10.74642, 4.53892],
							"size": [7, 1.12679, 4.23054],
							"pivot": [0, 0.87321, 4.76946],
							"rotation": [35, 0, 0],
							"uv": {
								"north": {"uv": [7, 17], "uv_size": [7, 1.12679]},
								"east": {"uv": [0, 10], "uv_size": [4.23054, 1.12679]},
								"south": {"uv": [23, 0], "uv_size": [7, 1.12679]},
								"west": {"uv": [13.76946, 10], "uv_size": [4.23054, 1.12679]},
								"up": {"uv": [16, 0], "uv_size": [7, 4.23054]},
								"down": {"uv": [16, 4.23054], "uv_size": [7, -4.23054]}
							}
						},
						{
							"origin": [-2.5, 5.74642, 5.76946],
							"size": [5, 5, 3],
							"pivot": [0, 0.87321, 4.76946],
							"rotation": [35, 0, 0],
							"uv": {
								"north": {"uv": [8, 18.12679], "uv_size": [5, 5]},
								"east": {"uv": [0, 11.12679], "uv_size": [9, 5]},
								"south": {"uv": [24, 1.12679], "uv_size": [5, 5]},
								"west": {"uv": [9, 11.12679], "uv_size": [9, 5]},
								"up": {"uv": [17, 0], "uv_size": [5, 9]},
								"down": {"uv": [17, 9], "uv_size": [5, -9]}
							}
						},
						{
							"origin": [-2.5, 5.74642, 3.76946],
							"size": [5, 5, 3],
							"pivot": [0, 0.87321, 4.76946],
							"rotation": [35, 0, 0],
							"uv": {
								"north": {"uv": [8, 18.12679], "uv_size": [5, 5]},
								"east": {"uv": [0, 11.12679], "uv_size": [9, 5]},
								"south": {"uv": [24, 1.12679], "uv_size": [5, 5]},
								"west": {"uv": [9, 11.12679], "uv_size": [9, 5]},
								"up": {"uv": [17, 0], "uv_size": [5, 9]},
								"down": {"uv": [17, 9], "uv_size": [5, -9]}
							}
						}
					]
				},
				{
					"name": "up_67_5",
					"parent": "freddy_plush",
					"pivot": [0, 0, 0],
					"rotation": [0, 67.5, 0],
					"cubes": [
						{
							"origin": [3.72487, -0.36499, -11.30107],
							"size": [0, 7, 5],
							"pivot": [0, 3.13501, -5.0762],
							"rotation": [0, -80, 90],
							"uv": {
								"north": {"uv": [0, 0], "uv_size": [0, 7]},
								"east": {"uv": [12, 24], "uv_size": [5, 7]},
								"south": {"uv": [0, 0], "uv_size": [0, 7]},
								"west": {"uv": [23, 9], "uv_size": [-5, 7]},
								"up": {"uv": [0, 0], "uv_size": [0, 5]},
								"down": {"uv": [0, 5], "uv_size": [0, -5]}
							}
						},
						{
							"origin": [-3.72487, -0.36499, -11.30107],
							"size": [0, 7, 5],
							"pivot": [0, 3.13501, -5.0762],
							"rotation": [0, 10, 90],
							"uv": {
								"north": {"uv": [0, 0], "uv_size": [0, 7]},
								"east": {"uv": [18, 9], "uv_size": [5, 7]},
								"south": {"uv": [0, 0], "uv_size": [0, 7]},
								"west": {"uv": [7, 24], "uv_size": [5, 7]},
								"up": {"uv": [0, 0], "uv_size": [0, 5]},
								"down": {"uv": [0, 5], "uv_size": [0, -5]}
							}
						},
						{
							"origin": [3.5, 0.64897, -8.62812],
							"size": [0, 7, 5],
							"pivot": [3.5, 4.14897, -3.62812],
							"rotation": [44.7191, -35.3963, -29.8376],
							"uv": {
								"north": {"uv": [0, 0], "uv_size": [0, 7]},
								"east": {"uv": [23, 0], "uv_size": [5, 7]},
								"south": {"uv": [0, 0], "uv_size": [0, 7]},
								"west": {"uv": [23, 9], "uv_size": [-5, 7]},
								"up": {"uv": [0, 0], "uv_size": [0, 5]},
								"down": {"uv": [0, 5], "uv_size": [0, -5]}
							}
						},
						{
							"origin": [-3.5, 0.64897, -8.62812],
							"size": [0, 7, 5],
							"pivot": [-3.5, 4.14897, -3.62812],
							"rotation": [44.7191, 35.3963, 29.8376],
							"uv": {
								"north": {"uv": [0, 0], "uv_size": [0, 7]},
								"east": {"uv": [18, 9], "uv_size": [5, 7]},
								"south": {"uv": [0, 0], "uv_size": [0, 7]},
								"west": {"uv": [21, 16], "uv_size": [5, 7]},
								"up": {"uv": [0, 0], "uv_size": [0, 5]},
								"down": {"uv": [0, 5], "uv_size": [0, -5]}
							}
						},
						{
							"origin": [-3.5, 4.87321, -0.23054],
							"size": [7, 0.87321, 9],
							"pivot": [0, 0.87321, 4.76946],
							"rotation": [35, 0, 0],
							"uv": {
								"north": {"uv": [7, 23.12679], "uv_size": [7, 0.87321]},
								"east": {"uv": [0, 16.12679], "uv_size": [9, 0.87321]},
								"south": {"uv": [23, 6.12679], "uv_size": [7, 0.87321]},
								"west": {"uv": [9, 16.12679], "uv_size": [9, 0.87321]},
								"up": {"uv": [16, 0], "uv_size": [7, 9]},
								"down": {"uv": [16, 9], "uv_size": [7, -9]}
							}
						},
						{
							"origin": [-4, 5.60727, -0.24558],
							"size": [8, 10, 2],
							"uv": {
								"north": {"uv": [0, 0], "uv_size": [8, 10]},
								"east": {"uv": [17, 24], "uv_size": [2, 10]},
								"south": {"uv": [8, 0], "uv_size": [8, 10]},
								"west": {"uv": [19, 24], "uv_size": [-2, 10]},
								"up": {"uv": [23, 14], "uv_size": [8, 2]}
							}
						},
						{
							"origin": [-3.5, 10.74642, -0.23054],
							"size": [7, 1.12679, 4.76946],
							"pivot": [0, 0.87321, 4.76946],
							"rotation": [35, 0, 0],
							"uv": {
								"north": {"uv": [7, 17], "uv_size": [7, 1]},
								"east": {"uv": [4.23054, 10], "uv_size": [4.76946, 1.12679]},
								"south": {"uv": [23, 0], "uv_size": [7, 1.12679]},
								"west": {"uv": [9, 10], "uv_size": [4.76946, 1.12679]},
								"up": {"uv": [16, 4.23054], "uv_size": [7, 4.76946]},
								"down": {"uv": [16, 9], "uv_size": [7, -4.76946]}
							}
						},
						{
							"origin": [2.5, 5.74642, -0.23054],
							"size": [1, 5, 9],
							"pivot": [0, 0.87321, 4.76946],
							"rotation": [35, 0, 0],
							"uv": {
								"north": {"uv": [13, 18.12679], "uv_size": [1, 5]},
								"east": {"uv": [0, 11.12679], "uv_size": [9, 5]},
								"south": {"uv": [23, 1.12679], "uv_size": [1, 5]},
								"west": {"uv": [9, 11.12679], "uv_size": [9, 5]},
								"up": {"uv": [22, 0], "uv_size": [1, 9]},
								"down": {"uv": [22, 9], "uv_size": [1, -9]}
							}
						},
						{
							"origin": [-3.5, 5.74642, -0.23054],
							"size": [1, 5, 9],
							"pivot": [0, 0.87321, 4.76946],
							"rotation": [35, 0, 0],
							"uv": {
								"north": {"uv": [7, 18.12679], "uv_size": [1, 5]},
								"east": {"uv": [0, 11.12679], "uv_size": [9, 5]},
								"south": {"uv": [29, 1.12679], "uv_size": [1, 5]},
								"west": {"uv": [9, 11.12679], "uv_size": [9, 5]},
								"up": {"uv": [16, 0], "uv_size": [1, 9]},
								"down": {"uv": [16, 9], "uv_size": [1, -9]}
							}
						},
						{
							"origin": [-3.5, 10.74642, 4.53892],
							"size": [7, 1.12679, 4.23054],
							"pivot": [0, 0.87321, 4.76946],
							"rotation": [35, 0, 0],
							"uv": {
								"north": {"uv": [7, 17], "uv_size": [7, 1.12679]},
								"east": {"uv": [0, 10], "uv_size": [4.23054, 1.12679]},
								"south": {"uv": [23, 0], "uv_size": [7, 1.12679]},
								"west": {"uv": [13.76946, 10], "uv_size": [4.23054, 1.12679]},
								"up": {"uv": [16, 0], "uv_size": [7, 4.23054]},
								"down": {"uv": [16, 4.23054], "uv_size": [7, -4.23054]}
							}
						},
						{
							"origin": [-2.5, 5.74642, 5.76946],
							"size": [5, 5, 3],
							"pivot": [0, 0.87321, 4.76946],
							"rotation": [35, 0, 0],
							"uv": {
								"north": {"uv": [8, 18.12679], "uv_size": [5, 5]},
								"east": {"uv": [0, 11.12679], "uv_size": [9, 5]},
								"south": {"uv": [24, 1.12679], "uv_size": [5, 5]},
								"west": {"uv": [9, 11.12679], "uv_size": [9, 5]},
								"up": {"uv": [17, 0], "uv_size": [5, 9]},
								"down": {"uv": [17, 9], "uv_size": [5, -9]}
							}
						},
						{
							"origin": [-2.5, 5.74642, 3.76946],
							"size": [5, 5, 3],
							"pivot": [0, 0.87321, 4.76946],
							"rotation": [35, 0, 0],
							"uv": {
								"north": {"uv": [8, 18.12679], "uv_size": [5, 5]},
								"east": {"uv": [0, 11.12679], "uv_size": [9, 5]},
								"south": {"uv": [24, 1.12679], "uv_size": [5, 5]},
								"west": {"uv": [9, 11.12679], "uv_size": [9, 5]},
								"up": {"uv": [17, 0], "uv_size": [5, 9]},
								"down": {"uv": [17, 9], "uv_size": [5, -9]}
							}
						}
					]
				},
				{
					"name": "side",
					"parent": "freddy_plush",
					"pivot": [0, 5, 14],
					"cubes": [
						{
							"origin": [3.72487, -0.36499, -11.30107],
							"size": [0, 7, 5],
							"pivot": [0, 3.13501, -5.0762],
							"rotation": [0, -80, 90],
							"uv": {
								"north": {"uv": [0, 0], "uv_size": [0, 7]},
								"east": {"uv": [12, 24], "uv_size": [5, 7]},
								"south": {"uv": [0, 0], "uv_size": [0, 7]},
								"west": {"uv": [23, 9], "uv_size": [-5, 7]},
								"up": {"uv": [0, 0], "uv_size": [0, 5]},
								"down": {"uv": [0, 5], "uv_size": [0, -5]}
							}
						},
						{
							"origin": [-3.72487, -0.36499, -11.30107],
							"size": [0, 7, 5],
							"pivot": [0, 3.13501, -5.0762],
							"rotation": [0, 10, 90],
							"uv": {
								"north": {"uv": [0, 0], "uv_size": [0, 7]},
								"east": {"uv": [18, 9], "uv_size": [5, 7]},
								"south": {"uv": [0, 0], "uv_size": [0, 7]},
								"west": {"uv": [7, 24], "uv_size": [5, 7]},
								"up": {"uv": [0, 0], "uv_size": [0, 5]},
								"down": {"uv": [0, 5], "uv_size": [0, -5]}
							}
						},
						{
							"origin": [3.5, 0.64897, -8.62812],
							"size": [0, 7, 5],
							"pivot": [3.5, 4.14897, -3.62812],
							"rotation": [44.7191, -35.3963, -29.8376],
							"uv": {
								"north": {"uv": [0, 0], "uv_size": [0, 7]},
								"east": {"uv": [23, 0], "uv_size": [5, 7]},
								"south": {"uv": [0, 0], "uv_size": [0, 7]},
								"west": {"uv": [23, 9], "uv_size": [-5, 7]},
								"up": {"uv": [0, 0], "uv_size": [0, 5]},
								"down": {"uv": [0, 5], "uv_size": [0, -5]}
							}
						},
						{
							"origin": [-3.5, 0.64897, -8.62812],
							"size": [0, 7, 5],
							"pivot": [-3.5, 4.14897, -3.62812],
							"rotation": [44.7191, 35.3963, 29.8376],
							"uv": {
								"north": {"uv": [0, 0], "uv_size": [0, 7]},
								"east": {"uv": [18, 9], "uv_size": [5, 7]},
								"south": {"uv": [0, 0], "uv_size": [0, 7]},
								"west": {"uv": [21, 16], "uv_size": [5, 7]},
								"up": {"uv": [0, 0], "uv_size": [0, 5]},
								"down": {"uv": [0, 5], "uv_size": [0, -5]}
							}
						},
						{
							"origin": [-3.5, 4.87321, -0.23054],
							"size": [7, 0.87321, 9],
							"pivot": [0, 0.87321, 4.76946],
							"rotation": [35, 0, 0],
							"uv": {
								"north": {"uv": [7, 23.12679], "uv_size": [7, 0.87321]},
								"east": {"uv": [0, 16.12679], "uv_size": [9, 0.87321]},
								"south": {"uv": [23, 6.12679], "uv_size": [7, 0.87321]},
								"west": {"uv": [9, 16.12679], "uv_size": [9, 0.87321]},
								"up": {"uv": [16, 0], "uv_size": [7, 9]},
								"down": {"uv": [16, 9], "uv_size": [7, -9]}
							}
						},
						{
							"origin": [-4, 5.60727, -0.24558],
							"size": [8, 10, 2],
							"uv": {
								"north": {"uv": [0, 0], "uv_size": [8, 10]},
								"east": {"uv": [17, 24], "uv_size": [2, 10]},
								"south": {"uv": [8, 0], "uv_size": [8, 10]},
								"west": {"uv": [19, 24], "uv_size": [-2, 10]},
								"up": {"uv": [23, 14], "uv_size": [8, 2]}
							}
						},
						{
							"origin": [-3.5, 10.74642, -0.23054],
							"size": [7, 1.12679, 4.76946],
							"pivot": [0, 0.87321, 4.76946],
							"rotation": [35, 0, 0],
							"uv": {
								"north": {"uv": [7, 17], "uv_size": [7, 1]},
								"east": {"uv": [4.23054, 10], "uv_size": [4.76946, 1.12679]},
								"south": {"uv": [23, 0], "uv_size": [7, 1.12679]},
								"west": {"uv": [9, 10], "uv_size": [4.76946, 1.12679]},
								"up": {"uv": [16, 4.23054], "uv_size": [7, 4.76946]},
								"down": {"uv": [16, 9], "uv_size": [7, -4.76946]}
							}
						},
						{
							"origin": [2.5, 5.74642, -0.23054],
							"size": [1, 5, 9],
							"pivot": [0, 0.87321, 4.76946],
							"rotation": [35, 0, 0],
							"uv": {
								"north": {"uv": [13, 18.12679], "uv_size": [1, 5]},
								"east": {"uv": [0, 11.12679], "uv_size": [9, 5]},
								"south": {"uv": [23, 1.12679], "uv_size": [1, 5]},
								"west": {"uv": [9, 11.12679], "uv_size": [9, 5]},
								"up": {"uv": [22, 0], "uv_size": [1, 9]},
								"down": {"uv": [22, 9], "uv_size": [1, -9]}
							}
						},
						{
							"origin": [-3.5, 5.74642, -0.23054],
							"size": [1, 5, 9],
							"pivot": [0, 0.87321, 4.76946],
							"rotation": [35, 0, 0],
							"uv": {
								"north": {"uv": [7, 18.12679], "uv_size": [1, 5]},
								"east": {"uv": [0, 11.12679], "uv_size": [9, 5]},
								"south": {"uv": [29, 1.12679], "uv_size": [1, 5]},
								"west": {"uv": [9, 11.12679], "uv_size": [9, 5]},
								"up": {"uv": [16, 0], "uv_size": [1, 9]},
								"down": {"uv": [16, 9], "uv_size": [1, -9]}
							}
						},
						{
							"origin": [-3.5, 10.74642, 4.53892],
							"size": [7, 1.12679, 4.23054],
							"pivot": [0, 0.87321, 4.76946],
							"rotation": [35, 0, 0],
							"uv": {
								"north": {"uv": [7, 17], "uv_size": [7, 1.12679]},
								"east": {"uv": [0, 10], "uv_size": [4.23054, 1.12679]},
								"south": {"uv": [23, 0], "uv_size": [7, 1.12679]},
								"west": {"uv": [13.76946, 10], "uv_size": [4.23054, 1.12679]},
								"up": {"uv": [16, 0], "uv_size": [7, 4.23054]},
								"down": {"uv": [16, 4.23054], "uv_size": [7, -4.23054]}
							}
						},
						{
							"origin": [-2.5, 5.74642, 5.76946],
							"size": [5, 5, 3],
							"pivot": [0, 0.87321, 4.76946],
							"rotation": [35, 0, 0],
							"uv": {
								"north": {"uv": [8, 18.12679], "uv_size": [5, 5]},
								"east": {"uv": [0, 11.12679], "uv_size": [9, 5]},
								"south": {"uv": [24, 1.12679], "uv_size": [5, 5]},
								"west": {"uv": [9, 11.12679], "uv_size": [9, 5]},
								"up": {"uv": [17, 0], "uv_size": [5, 9]},
								"down": {"uv": [17, 9], "uv_size": [5, -9]}
							}
						},
						{
							"origin": [-2.5, 5.74642, 3.76946],
							"size": [5, 5, 3],
							"pivot": [0, 0.87321, 4.76946],
							"rotation": [35, 0, 0],
							"uv": {
								"north": {"uv": [8, 18.12679], "uv_size": [5, 5]},
								"east": {"uv": [0, 11.12679], "uv_size": [9, 5]},
								"south": {"uv": [24, 1.12679], "uv_size": [5, 5]},
								"west": {"uv": [9, 11.12679], "uv_size": [9, 5]},
								"up": {"uv": [17, 0], "uv_size": [5, 9]},
								"down": {"uv": [17, 9], "uv_size": [5, -9]}
							}
						}
					]
				}
			]
		}
	]
}