{
	"format_version": "1.12.0",
	"minecraft:geometry": [
		{
			"description": {
				"identifier": "geometry.fr_stanchion",
				"texture_width": 64,
				"texture_height": 64,
				"visible_bounds_width": 2,
				"visible_bounds_height": 2.5,
				"visible_bounds_offset": [0, 0.75, 0]
			},
			"bones": [
				{
					"name": "base",
					"pivot": [0, 2, 0],
					"cubes": [
						{"origin": [-1, 2, -1], "size": [2, 14, 2], "uv": [32, 38]},
						{"origin": [-4, 0, -4], "size": [8, 2, 8], "uv": [32, 0]},
						{"origin": [-2, 16, -2], "size": [4, 4, 4], "uv": [40, 38]}
					]
				},
				{
					"name": "south",
					"pivot": [-1, 2, 2],
					"cubes": [
						{
							"origin": [0, 2, 1],
							"size": [0, 14, 7],
							"uv": {
								"north": {"uv": [0, 0], "uv_size": [0, 14]},
								"south": {"uv": [0, 0], "uv_size": [0, 14]},
								"west": {"uv": [0, 44], "uv_size": [7, 14]},
								"up": {"uv": [0, 0], "uv_size": [0, 7]},
								"down": {"uv": [0, 7], "uv_size": [0, -7]}
							}
						}
					]
				},
				{
					"name": "north",
					"pivot": [-1, 2, -14],
					"cubes": [
						{
							"origin": [0, 2, -8],
							"size": [0, 14, 7],
							"uv": {
								"north": {"uv": [0, 0], "uv_size": [0, 14]},
								"east": {"uv": [0, 44], "uv_size": [7, 14]},
								"south": {"uv": [0, 0], "uv_size": [0, 14]},
								"west": {"uv": [7, 44], "uv_size": [7, 14]},
								"up": {"uv": [0, 0], "uv_size": [0, 7]},
								"down": {"uv": [0, 7], "uv_size": [0, -7]}
							}
						}
					]
				},
				{
					"name": "east-n-west",
					"pivot": [7, 2, 1],
					"cubes": [
						{"origin": [-8, 2, 0], "size": [16, 14, 0], "uv": [0, 30]}
					]
				},
				{
					"name": "east",
					"pivot": [-2, 2, 1],
					"cubes": [
						{"origin": [-8, 2, 0], "size": [7, 14, 0], "uv": [32, 10]}
					]
				},
				{
					"name": "west",
					"pivot": [7, 2, 1],
					"cubes": [
						{"origin": [1, 2, 0], "size": [7, 14, 0], "uv": [32, 24]}
					]
				},
				{
					"name": "north-n-south",
					"pivot": [0, 0, 0],
					"cubes": [
						{"origin": [0, 2, -8], "size": [0, 14, 16], "uv": [0, 0]}
					]
				}
			]
		}
	]
}