{
	"format_version": "1.21.20",
	"minecraft:geometry": [
		{
			"description": {
				"identifier": "geometry.switch_on",
				"texture_width": 32,
				"texture_height": 32,
				"visible_bounds_width": 3,
				"visible_bounds_height": 2.5,
				"visible_bounds_offset": [0, 0.75, 0]
			},
			"bones": [
				{
					"name": "bb_main",
					"pivot": [0, 0, 0],
					"cubes": [
						{
							"origin": [-3, 3, 6],
							"size": [6, 11, 2],
							"uv": {
								"north": {"uv": [0, 0], "uv_size": [6, 11]},
								"east": {"uv": [8, 11], "uv_size": [2, 11]},
								"south": {"uv": [6, 0], "uv_size": [6, 11]},
								"west": {"uv": [10, 11], "uv_size": [2, 11]},
								"up": {"uv": [14, 0], "uv_size": [6, 2]},
								"down": {"uv": [14, 4], "uv_size": [6, -2]}
							}
						},
						{
							"origin": [-2, 4.98717, 5.49579],
							"size": [4, 7, 2],
							"pivot": [0, 8.5, 6.3],
							"rotation": [7.5, 0, 0],
							"uv": {
								"north": {"uv": [0, 11], "uv_size": [4, 7]},
								"east": {"uv": [12, 0], "uv_size": [2, 7]},
								"south": {"uv": [4, 11], "uv_size": [4, 7]},
								"west": {"uv": [12, 7], "uv_size": [2, 7]},
								"up": {"uv": [14, 4], "uv_size": [4, 2]},
								"down": {"uv": [14, 8], "uv_size": [4, -2]}
							}
						}
					]
				}
			],
			"item_display_transforms": {
				"thirdperson_righthand": {
					"rotation": [75, 45, 0],
					"translation": [0, 2.5, 0],
					"scale": [0.375, 0.375, 0.375],
					"rotation_pivot": [0, 0, 0],
					"scale_pivot": [0, 0, 0]
				},
				"thirdperson_lefthand": {
					"rotation": [75, 45, 0],
					"translation": [0, 2.5, 0],
					"scale": [0.375, 0.375, 0.375],
					"rotation_pivot": [0, 0, 0],
					"scale_pivot": [0, 0, 0]
				},
				"firstperson_righthand": {
					"rotation": [0, 45, 0],
					"translation": [0, 0, 0],
					"scale": [0.4, 0.4, 0.4],
					"rotation_pivot": [0, 0, 0],
					"scale_pivot": [0, 0, 0]
				},
				"firstperson_lefthand": {
					"rotation": [0, 225, 0],
					"translation": [0, 0, 0],
					"scale": [0.4, 0.4, 0.4],
					"rotation_pivot": [0, 0, 0],
					"scale_pivot": [0, 0, 0]
				},
				"ground": {
					"rotation": [0, 0, 0],
					"translation": [0, 3, 0],
					"scale": [0.25, 0.25, 0.25],
					"rotation_pivot": [0, 0, 0],
					"scale_pivot": [0, 0, 0]
				},
				"gui": {
					"rotation": [30, -145, 0],
					"translation": [2.75, -2.25, 0],
					"scale": [0.625, 0.625, 0.625],
					"rotation_pivot": [0, 0, 0],
					"scale_pivot": [0, 0, 0],
					"fit_to_frame": false
				},
				"fixed": {
					"rotation": [0, 0, 0],
					"translation": [0, 0, 0],
					"scale": [0.5, 0.5, 0.5],
					"rotation_pivot": [0, 0, 0],
					"scale_pivot": [0, 0, 0]
				}
			}
		}
	]
}