{
	"format_version": "1.12.0",
	"minecraft:geometry": [
		{
			"description": {
				"identifier": "geometry.switch_off",
				"texture_width": 32,
				"texture_height": 32,
				"visible_bounds_width": 2,
				"visible_bounds_height": 2.5,
				"visible_bounds_offset": [0, 0.75, 0]
			},
			"bones": [
				{
					"name": "bb_main",
					"pivot": [0, 0, 0],
					"cubes": [
						{
							"origin": [-3, 3, 6],
							"size": [6, 11, 2],
							"uv": {
								"north": {"uv": [0, 0], "uv_size": [6, 11]},
								"east": {"uv": [8, 11], "uv_size": [2, 11]},
								"south": {"uv": [6, 0], "uv_size": [6, 11]},
								"west": {"uv": [10, 11], "uv_size": [2, 11]},
								"up": {"uv": [14, 0], "uv_size": [6, 2]},
								"down": {"uv": [14, 4], "uv_size": [6, -2]}
							}
						},
						{
							"origin": [-2, 4.98717, 5.49579],
							"size": [4, 7, 2],
							"pivot": [0, 8.5, 6.3],
							"rotation": [-7.5, 0, 0],
							"uv": {
								"north": {"uv": [0, 11], "uv_size": [4, 7]},
								"east": {"uv": [12, 0], "uv_size": [2, 7]},
								"south": {"uv": [4, 11], "uv_size": [4, 7]},
								"west": {"uv": [12, 7], "uv_size": [2, 7]},
								"up": {"uv": [14, 4], "uv_size": [4, 2]},
								"down": {"uv": [14, 8], "uv_size": [4, -2]}
							}
						}
					]
				}
			]
		}
	]
}