{
	"format_version": "1.12.0",
	"minecraft:geometry": [
		{
			"description": {
				"identifier": "geometry.toilet",
				"texture_width": 64,
				"texture_height": 64,
				"visible_bounds_width": 2,
				"visible_bounds_height": 2.5,
				"visible_bounds_offset": [
					0,
					0.75,
					0
				]
			},
			"bones": [
				{
					"name": "toilet",
					"pivot": [
						0,
						5.50056,
						-0.66667
					],
					"cubes": [
						{
							"origin": [
								-5.5,
								8,
								2
							],
							"size": [
								11,
								8,
								4
							],
							"uv": {
								"north": {
									"uv": [
										0,
										24
									],
									"uv_size": [
										11,
										8
									]
								},
								"east": {
									"uv": [
										14,
										32
									],
									"uv_size": [
										4,
										8
									]
								},
								"south": {
									"uv": [
										11,
										24
									],
									"uv_size": [
										11,
										8
									]
								},
								"west": {
									"uv": [
										18,
										32
									],
									"uv_size": [
										4,
										8
									]
								},
								"up": {
									"uv": [
										31,
										25
									],
									"uv_size": [
										11,
										4
									]
								},
								"down": {
									"uv": [
										31,
										33
									],
									"uv_size": [
										11,
										-4
									]
								}
							}
						},
						{
							"origin": [
								-5.5,
								8,
								-8
							],
							"size": [
								11,
								1,
								10
							],
							"pivot": [
								0,
								8.5,
								1.5
							],
							"rotation": [
								-90,
								0,
								0
							],
							"uv": {
								"north": {
									"uv": [
										42,
										25
									],
									"uv_size": [
										11,
										1
									]
								},
								"east": {
									"uv": [
										42,
										27
									],
									"uv_size": [
										10,
										1
									]
								},
								"south": {
									"uv": [
										42,
										26
									],
									"uv_size": [
										11,
										1
									]
								},
								"west": {
									"uv": [
										42,
										28
									],
									"uv_size": [
										10,
										1
									]
								},
								"up": {
									"uv": [
										0,
										14
									],
									"uv_size": [
										11,
										10
									]
								},
								"down": {
									"uv": [
										11,
										24
									],
									"uv_size": [
										11,
										-10
									]
								}
							}
						},
						{
							"origin": [
								-5.5,
								6,
								-8
							],
							"size": [
								11,
								2,
								14
							],
							"uv": {
								"north": {
									"uv": [
										38,
										17
									],
									"uv_size": [
										11,
										2
									]
								},
								"east": {
									"uv": [
										32,
										37
									],
									"uv_size": [
										14,
										2
									]
								},
								"south": {
									"uv": [
										38,
										19
									],
									"uv_size": [
										11,
										2
									]
								},
								"west": {
									"uv": [
										0,
										38
									],
									"uv_size": [
										14,
										2
									]
								},
								"up": {
									"uv": [
										0,
										0
									],
									"uv_size": [
										11,
										14
									]
								},
								"down": {
									"uv": [
										11,
										14
									],
									"uv_size": [
										11,
										-14
									]
								}
							}
						},
						{
							"origin": [
								-3.5,
								6,
								-6
							],
							"size": [
								7,
								2,
								6
							],
							"uv": {
								"north": {
									"uv": [
										40,
										7
									],
									"uv_size": [
										7,
										2
									]
								},
								"east": {
									"uv": [
										38,
										41
									],
									"uv_size": [
										6,
										2
									]
								},
								"south": {
									"uv": [
										14,
										40
									],
									"uv_size": [
										7,
										2
									]
								},
								"west": {
									"uv": [
										0,
										42
									],
									"uv_size": [
										6,
										2
									]
								},
								"up": {
									"uv": [
										0,
										32
									],
									"uv_size": [
										7,
										6
									]
								},
								"down": {
									"uv": [
										7,
										38
									],
									"uv_size": [
										7,
										-6
									]
								}
							}
						},
						{
							"origin": [
								-2.5,
								4,
								-4
							],
							"size": [
								5,
								2,
								4
							],
							"uv": {
								"north": {
									"uv": [
										14,
										42
									],
									"uv_size": [
										5,
										2
									]
								},
								"east": {
									"uv": [
										42,
										31
									],
									"uv_size": [
										4,
										2
									]
								},
								"south": {
									"uv": [
										42,
										29
									],
									"uv_size": [
										5,
										2
									]
								},
								"west": {
									"uv": [
										6,
										43
									],
									"uv_size": [
										4,
										2
									]
								},
								"up": {
									"uv": [
										38,
										21
									],
									"uv_size": [
										5,
										4
									]
								},
								"down": {
									"uv": [
										38,
										37
									],
									"uv_size": [
										5,
										-4
									]
								}
							}
						},
						{
							"origin": [
								-2.5,
								0,
								2
							],
							"size": [
								5,
								6,
								3
							],
							"uv": {
								"north": {
									"uv": [
										22,
										37
									],
									"uv_size": [
										5,
										6
									]
								},
								"east": {
									"uv": [
										32,
										39
									],
									"uv_size": [
										3,
										6
									]
								},
								"south": {
									"uv": [
										27,
										37
									],
									"uv_size": [
										5,
										6
									]
								},
								"west": {
									"uv": [
										35,
										39
									],
									"uv_size": [
										3,
										6
									]
								},
								"up": {
									"uv": [
										40,
										4
									],
									"uv_size": [
										5,
										3
									]
								},
								"down": {
									"uv": [
										9,
										43
									],
									"uv_size": [
										5,
										-3
									]
								}
							}
						},
						{
							"origin": [
								-4.5,
								4,
								-7
							],
							"size": [
								9,
								2,
								9
							],
							"uv": {
								"north": {
									"uv": [
										38,
										39
									],
									"uv_size": [
										9,
										2
									]
								},
								"east": {
									"uv": [
										0,
										40
									],
									"uv_size": [
										9,
										2
									]
								},
								"south": {
									"uv": [
										40,
										0
									],
									"uv_size": [
										9,
										2
									]
								},
								"west": {
									"uv": [
										40,
										2
									],
									"uv_size": [
										9,
										2
									]
								},
								"up": {
									"uv": [
										22,
										24
									],
									"uv_size": [
										9,
										9
									]
								},
								"down": {
									"uv": [
										31,
										9
									],
									"uv_size": [
										9,
										-9
									]
								}
							}
						},
						{
							"origin": [
								-3.5,
								0,
								-6
							],
							"size": [
								7,
								4,
								8
							],
							"uv": {
								"north": {
									"uv": [
										38,
										9
									],
									"uv_size": [
										7,
										4
									]
								},
								"east": {
									"uv": [
										22,
										33
									],
									"uv_size": [
										8,
										4
									]
								},
								"south": {
									"uv": [
										38,
										13
									],
									"uv_size": [
										7,
										4
									]
								},
								"west": {
									"uv": [
										30,
										33
									],
									"uv_size": [
										8,
										4
									]
								},
								"up": {
									"uv": [
										31,
										9
									],
									"uv_size": [
										7,
										8
									]
								},
								"down": {
									"uv": [
										31,
										25
									],
									"uv_size": [
										7,
										-8
									]
								}
							}
						},
						{
							"origin": [
								-4.5,
								0.05,
								-6
							],
							"size": [
								9,
								0,
								12
							],
							"uv": {
								"north": {
									"uv": [
										0,
										0
									],
									"uv_size": [
										9,
										0
									]
								},
								"east": {
									"uv": [
										0,
										0
									],
									"uv_size": [
										12,
										0
									]
								},
								"south": {
									"uv": [
										0,
										0
									],
									"uv_size": [
										9,
										0
									]
								},
								"west": {
									"uv": [
										0,
										0
									],
									"uv_size": [
										12,
										0
									]
								},
								"up": {
									"uv": [
										22,
										0
									],
									"uv_size": [
										9,
										12
									]
								},
								"down": {
									"uv": [
										22,
										24
									],
									"uv_size": [
										9,
										-12
									]
								}
							}
						}
					]
				}
			]
		}
	]
}