{
	"format_version": "1.12.0",
	"minecraft:geometry": [
		{
			"description": {
				"identifier": "geometry.trash",
				"texture_width": 64,
				"texture_height": 64,
				"visible_bounds_width": 3,
				"visible_bounds_height": 2.5,
				"visible_bounds_offset": [0, 0.75, 0]
			},
			"bones": [
				{
					"name": "trash_0",
					"pivot": [-0.14477, 4.33333, 1.22297],
					"cubes": [
						{
							"origin": [2, 0, -5],
							"size": [4, 5, 4],
							"pivot": [4.5, 5, -3],
							"rotation": [0, 42.5, 0],
							"uv": {
								"north": {"uv": [5, 16], "uv_size": [4, 5]},
								"east": {"uv": [5, 16], "uv_size": [4, 5]},
								"south": {"uv": [5, 16], "uv_size": [4, 5]},
								"west": {"uv": [5, 16], "uv_size": [4, 5]},
								"up": {"uv": [4, 30], "uv_size": [-4, -4]},
								"down": {"uv": [8, 30], "uv_size": [-4, -4]}
							}
						},
						{
							"origin": [2, 4, -5],
							"size": [4, 2, 4],
							"inflate": 0.1,
							"pivot": [4.5, 5, -3],
							"rotation": [0, 42.5, 0],
							"uv": {
								"north": {"uv": [17, 16], "uv_size": [4, 2]},
								"east": {"uv": [17, 16], "uv_size": [4, 2]},
								"south": {"uv": [17, 16], "uv_size": [4, 2]},
								"west": {"uv": [17, 16], "uv_size": [4, 2]},
								"up": {"uv": [12, 30], "uv_size": [-4, -4]},
								"down": {"uv": [16, 30], "uv_size": [-4, -4]}
							}
						},
						{
							"origin": [2.5, 5, -3],
							"size": [5, 5, 0],
							"pivot": [4.5, 5, -3],
							"rotation": [0, 42.5, 0],
							"uv": {
								"north": {"uv": [0, 16], "uv_size": [5, 5]},
								"east": {"uv": [0, 16], "uv_size": [0, 5]},
								"south": {"uv": [0, 21], "uv_size": [5, 5]},
								"west": {"uv": [0, 16], "uv_size": [0, 5]},
								"up": {"uv": [5, 16], "uv_size": [-5, 0]},
								"down": {"uv": [5, 16], "uv_size": [-5, 0]}
							}
						},
						{
							"origin": [-5, 0.4, 3],
							"size": [3, 3, 3],
							"pivot": [-3.5, 1.65, 4.5],
							"rotation": [0, -12.5, 0],
							"uv": {
								"north": {"uv": [0, 3], "uv_size": [3, 3]},
								"east": {"uv": [0, 3], "uv_size": [3, 3]},
								"south": {"uv": [0, 3], "uv_size": [3, 3]},
								"west": {"uv": [0, 3], "uv_size": [3, 3]},
								"up": {"uv": [3, 6], "uv_size": [-3, -3]},
								"down": {"uv": [3, 6], "uv_size": [-3, -3]}
							}
						},
						{
							"origin": [-5, 0.4, 3],
							"size": [3, 3, 3],
							"inflate": 0.2,
							"pivot": [-3.5, 1.9, 4.5],
							"rotation": [0, -12.5, 0],
							"uv": {
								"north": {"uv": [0, 0], "uv_size": [3, 3]},
								"east": {"uv": [0, 0], "uv_size": [3, 3]},
								"south": {"uv": [0, 0], "uv_size": [3, 3]},
								"west": {"uv": [0, 0], "uv_size": [3, 3]},
								"up": {"uv": [3, 3], "uv_size": [-3, -3]},
								"down": {"uv": [3, 3], "uv_size": [-3, -3]}
							}
						}
					]
				},
				{
					"name": "trash_1",
					"pivot": [0.907, 0, 4.83234],
					"cubes": [
						{
							"origin": [-7, -2.85, -1],
							"size": [4, 5, 4],
							"pivot": [-4.5, 2.15, 1],
							"rotation": [90, 42.5, 0],
							"uv": {
								"north": {"uv": [5, 16], "uv_size": [4, 5]},
								"east": {"uv": [5, 16], "uv_size": [4, 5]},
								"south": {"uv": [5, 16], "uv_size": [4, 5]},
								"west": {"uv": [5, 16], "uv_size": [4, 5]},
								"up": {"uv": [4, 30], "uv_size": [-4, -4]},
								"down": {"uv": [8, 30], "uv_size": [-4, -4]}
							}
						},
						{
							"origin": [-7, 1.15001, -1],
							"size": [4, 2, 4],
							"inflate": 0.1,
							"pivot": [-4.5, 2.15, 1],
							"rotation": [90, 42.5, 0],
							"uv": {
								"north": {"uv": [17, 16], "uv_size": [4, 2]},
								"east": {"uv": [17, 16], "uv_size": [4, 2]},
								"south": {"uv": [17, 16], "uv_size": [4, 2]},
								"west": {"uv": [17, 16], "uv_size": [4, 2]},
								"up": {"uv": [12, 30], "uv_size": [-4, -4]},
								"down": {"uv": [16, 30], "uv_size": [-4, -4]}
							}
						},
						{
							"origin": [-6.5, 2.15, 1],
							"size": [5, 5, 0],
							"pivot": [-4.5, 2.15, 1],
							"rotation": [90, 42.5, 0],
							"uv": {
								"north": {"uv": [0, 21], "uv_size": [5, 5]},
								"east": {"uv": [0, 16], "uv_size": [0, 5]},
								"south": {"uv": [5, 16], "uv_size": [-5, 5]},
								"west": {"uv": [0, 16], "uv_size": [0, 5]},
								"up": {"uv": [5, 16], "uv_size": [-5, 0]},
								"down": {"uv": [5, 16], "uv_size": [-5, 0]}
							}
						},
						{
							"origin": [4, 0.4, -2],
							"size": [3, 3, 3],
							"inflate": 0.2,
							"pivot": [5.5, 1.65, -0.5],
							"rotation": [0, -12.5, 0],
							"uv": {
								"north": {"uv": [0, 0], "uv_size": [3, 3]},
								"east": {"uv": [0, 0], "uv_size": [3, 3]},
								"south": {"uv": [0, 0], "uv_size": [3, 3]},
								"west": {"uv": [0, 0], "uv_size": [3, 3]},
								"up": {"uv": [3, 3], "uv_size": [-3, -3]},
								"down": {"uv": [3, 3], "uv_size": [-3, -3]}
							}
						},
						{
							"origin": [4, 0.4, -2],
							"size": [3, 3, 3],
							"pivot": [5.5, 1.65, -0.5],
							"rotation": [0, -12.5, 0],
							"uv": {
								"north": {"uv": [0, 3], "uv_size": [3, 3]},
								"east": {"uv": [0, 3], "uv_size": [3, 3]},
								"south": {"uv": [0, 3], "uv_size": [3, 3]},
								"west": {"uv": [0, 3], "uv_size": [3, 3]},
								"up": {"uv": [3, 6], "uv_size": [-3, -3]},
								"down": {"uv": [3, 6], "uv_size": [-3, -3]}
							}
						},
						{
							"origin": [-2, 0.4, -6],
							"size": [3, 3, 3],
							"inflate": 0.2,
							"pivot": [-0.5, 1.7, -4.5],
							"rotation": [0, 15, 0],
							"uv": {
								"north": {"uv": [0, 0], "uv_size": [3, 3]},
								"east": {"uv": [0, 0], "uv_size": [3, 3]},
								"south": {"uv": [0, 0], "uv_size": [3, 3]},
								"west": {"uv": [0, 0], "uv_size": [3, 3]},
								"up": {"uv": [3, 3], "uv_size": [-3, -3]},
								"down": {"uv": [3, 3], "uv_size": [-3, -3]}
							}
						},
						{
							"origin": [-2, 0.4, -6],
							"size": [3, 3, 3],
							"pivot": [-0.5, 1.7, -4.5],
							"rotation": [0, 15, 0],
							"uv": {
								"north": {"uv": [0, 3], "uv_size": [3, 3]},
								"east": {"uv": [0, 3], "uv_size": [3, 3]},
								"south": {"uv": [0, 3], "uv_size": [3, 3]},
								"west": {"uv": [0, 3], "uv_size": [3, 3]},
								"up": {"uv": [3, 6], "uv_size": [-3, -3]},
								"down": {"uv": [3, 6], "uv_size": [-3, -3]}
							}
						}
					]
				},
				{
					"name": "trash_2",
					"pivot": [0.907, 0, 4.83234],
					"cubes": [
						{
							"origin": [-3, 0, -7],
							"size": [4, 5, 4],
							"pivot": [-0.5, 5, -5],
							"rotation": [0, 25, 0],
							"uv": {
								"north": {"uv": [5, 16], "uv_size": [4, 5]},
								"east": {"uv": [5, 16], "uv_size": [4, 5]},
								"south": {"uv": [5, 16], "uv_size": [4, 5]},
								"west": {"uv": [5, 16], "uv_size": [4, 5]},
								"up": {"uv": [4, 30], "uv_size": [-4, -4]},
								"down": {"uv": [8, 30], "uv_size": [-4, -4]}
							}
						},
						{
							"origin": [-3, 4, -7],
							"size": [4, 2, 4],
							"inflate": 0.1,
							"pivot": [-0.5, 5, -5],
							"rotation": [0, 25, 0],
							"uv": {
								"north": {"uv": [17, 16], "uv_size": [4, 2]},
								"east": {"uv": [17, 16], "uv_size": [4, 2]},
								"south": {"uv": [17, 16], "uv_size": [4, 2]},
								"west": {"uv": [17, 16], "uv_size": [4, 2]},
								"up": {"uv": [12, 30], "uv_size": [-4, -4]},
								"down": {"uv": [16, 30], "uv_size": [-4, -4]}
							}
						},
						{
							"origin": [-2.5, 5, -5],
							"size": [5, 5, 0],
							"pivot": [-0.5, 5, -5],
							"rotation": [0, 25, 0],
							"uv": {
								"north": {"uv": [0, 16], "uv_size": [5, 5]},
								"east": {"uv": [0, 16], "uv_size": [0, 5]},
								"south": {"uv": [0, 21], "uv_size": [5, 5]},
								"west": {"uv": [0, 16], "uv_size": [0, 5]},
								"up": {"uv": [5, 16], "uv_size": [-5, 0]},
								"down": {"uv": [5, 16], "uv_size": [-5, 0]}
							}
						},
						{
							"origin": [-7, 0.4, -1],
							"size": [3, 3, 3],
							"pivot": [-5.5, 1.65, 0.5],
							"rotation": [0, 20, 0],
							"uv": {
								"north": {"uv": [0, 3], "uv_size": [3, 3]},
								"east": {"uv": [0, 3], "uv_size": [3, 3]},
								"south": {"uv": [0, 3], "uv_size": [3, 3]},
								"west": {"uv": [0, 3], "uv_size": [3, 3]},
								"up": {"uv": [3, 6], "uv_size": [-3, -3]},
								"down": {"uv": [3, 6], "uv_size": [-3, -3]}
							}
						},
						{
							"origin": [-7, 0.4, -1],
							"size": [3, 3, 3],
							"inflate": 0.2,
							"pivot": [-5.5, 1.65, 0.5],
							"rotation": [0, 20, 0],
							"uv": {
								"north": {"uv": [0, 0], "uv_size": [3, 3]},
								"east": {"uv": [0, 0], "uv_size": [3, 3]},
								"south": {"uv": [0, 0], "uv_size": [3, 3]},
								"west": {"uv": [0, 0], "uv_size": [3, 3]},
								"up": {"uv": [3, 3], "uv_size": [-3, -3]},
								"down": {"uv": [3, 3], "uv_size": [-3, -3]}
							}
						},
						{
							"origin": [3, 0.4, 1],
							"size": [3, 3, 3],
							"pivot": [4.5, 1.65, 2.5],
							"rotation": [0, 37.5, 0],
							"uv": {
								"north": {"uv": [0, 3], "uv_size": [3, 3]},
								"east": {"uv": [0, 3], "uv_size": [3, 3]},
								"south": {"uv": [0, 3], "uv_size": [3, 3]},
								"west": {"uv": [0, 3], "uv_size": [3, 3]},
								"up": {"uv": [3, 6], "uv_size": [-3, -3]},
								"down": {"uv": [3, 6], "uv_size": [-3, -3]}
							}
						},
						{
							"origin": [3, 0.4, 1],
							"size": [3, 3, 3],
							"inflate": 0.2,
							"pivot": [4.5, 1.65, 2.5],
							"rotation": [0, 37.5, 0],
							"uv": {
								"north": {"uv": [0, 0], "uv_size": [3, 3]},
								"east": {"uv": [0, 0], "uv_size": [3, 3]},
								"south": {"uv": [0, 0], "uv_size": [3, 3]},
								"west": {"uv": [0, 0], "uv_size": [3, 3]},
								"up": {"uv": [3, 3], "uv_size": [-3, -3]},
								"down": {"uv": [3, 3], "uv_size": [-3, -3]}
							}
						}
					]
				}
			]
		}
	]
}