{
	"format_version": "1.12.0",
	"minecraft:geometry": [
		{
			"description": {
				"identifier": "geometry.vending_machine",
				"texture_width": 128,
				"texture_height": 128,
				"visible_bounds_width": 3,
				"visible_bounds_height": 3.5,
				"visible_bounds_offset": [0, 1.25, 0]
			},
			"bones": [
				{
					"name": "bb_main",
					"pivot": [0, -1, 1],
					"cubes": [
						{
							"origin": [-10.5, 0, -5.5],
							"size": [21, 1, 13],
							"uv": {
								"north": {"uv": [13, 58], "uv_size": [21, 1]},
								"east": {"uv": [0, 58], "uv_size": [13, 1]},
								"south": {"uv": [47, 58], "uv_size": [21, 1]},
								"west": {"uv": [34, 58], "uv_size": [13, 1]},
								"up": {"uv": [13, 44], "uv_size": [21, 13]},
								"down": {"uv": [34, 57], "uv_size": [21, -13]}
							}
						},
						{
							"origin": [-11, 1, -6],
							"size": [22, 27, 14],
							"uv": {
								"north": {"uv": [14, 17], "uv_size": [22, 27]},
								"east": {"uv": [0, 17], "uv_size": [14, 27]},
								"south": {"uv": [50, 17], "uv_size": [22, 27]},
								"west": {"uv": [36, 17], "uv_size": [14, 27]},
								"up": {"uv": [14, 0], "uv_size": [22, 14]},
								"down": {"uv": [36, 14], "uv_size": [22, -14]}
							}
						},
						{
							"origin": [-11, 28, -6],
							"size": [22, 2, 14],
							"uv": {
								"north": {"uv": [14, 14], "uv_size": [22, 2]},
								"east": {"uv": [0, 14], "uv_size": [14, 2]},
								"south": {"uv": [50, 14], "uv_size": [22, 2]},
								"west": {"uv": [36, 14], "uv_size": [14, 2]},
								"up": {"uv": [14, 0], "uv_size": [22, 14]},
								"down": {"uv": [36, 14], "uv_size": [22, -14]}
							}
						},
						{
							"origin": [-10, 9, -5.9],
							"size": [13, 0, 6],
							"uv": {
								"north": {"uv": [6, 65], "uv_size": [13, 0]},
								"east": {"uv": [0, 65], "uv_size": [6, 0]},
								"south": {"uv": [25, 65], "uv_size": [13, 0]},
								"west": {"uv": [19, 65], "uv_size": [6, 0]},
								"up": {"uv": [6, 59], "uv_size": [13, 6]},
								"down": {"uv": [19, 65], "uv_size": [13, -6]}
							}
						},
						{
							"origin": [3, 9, -5.9],
							"size": [0, 18, 6],
							"uv": {
								"north": {"uv": [70, 71], "uv_size": [0, 18]},
								"east": {"uv": [64, 71], "uv_size": [6, 18]},
								"south": {"uv": [76, 71], "uv_size": [0, 18]},
								"west": {"uv": [70, 71], "uv_size": [6, 18]},
								"up": {"uv": [70, 65], "uv_size": [0, 6]},
								"down": {"uv": [70, 71], "uv_size": [0, -6]}
							}
						},
						{
							"origin": [-9.9, 9, -5.9],
							"size": [0, 18, 6],
							"uv": {
								"north": {"uv": [6, 77], "uv_size": [0, 18]},
								"east": {"uv": [0, 77], "uv_size": [6, 18]},
								"south": {"uv": [12, 77], "uv_size": [0, 18]},
								"west": {"uv": [6, 77], "uv_size": [6, 18]},
								"up": {"uv": [6, 71], "uv_size": [0, 6]},
								"down": {"uv": [6, 77], "uv_size": [0, -6]}
							}
						},
						{
							"origin": [-10, 27, -5.9],
							"size": [13, 0, 6],
							"uv": {
								"north": {"uv": [70, 65], "uv_size": [13, 0]},
								"east": {"uv": [64, 65], "uv_size": [6, 0]},
								"south": {"uv": [89, 65], "uv_size": [13, 0]},
								"west": {"uv": [83, 65], "uv_size": [6, 0]},
								"up": {"uv": [70, 59], "uv_size": [13, 6]},
								"down": {"uv": [83, 65], "uv_size": [13, -6]}
							}
						},
						{
							"origin": [-10, 9, 0.1],
							"size": [13, 18, 0],
							"uv": {
								"north": {"uv": [38, 59], "uv_size": [13, 18]},
								"east": {"uv": [38, 59], "uv_size": [0, 18]},
								"south": {"uv": [51, 59], "uv_size": [13, 18]},
								"west": {"uv": [51, 59], "uv_size": [0, 18]},
								"up": {"uv": [38, 59], "uv_size": [13, 0]},
								"down": {"uv": [51, 59], "uv_size": [13, 0]}
							}
						},
						{
							"origin": [-10, 11, -3],
							"size": [13, 2, 4],
							"pivot": [2, 11, -2],
							"rotation": [15, 0, 0],
							"uv": {
								"north": {"uv": [4, 69], "uv_size": [13, 2]},
								"east": {"uv": [0, 69], "uv_size": [4, 2]},
								"south": {"uv": [21, 69], "uv_size": [13, 2]},
								"west": {"uv": [17, 69], "uv_size": [4, 2]},
								"up": {"uv": [4, 65], "uv_size": [13, 4]},
								"down": {"uv": [17, 69], "uv_size": [13, -4]}
							}
						},
						{
							"origin": [-10, 19, -3.4],
							"size": [13, 2, 4],
							"pivot": [2, 19, -2.4],
							"rotation": [15, 0, 0],
							"uv": {
								"north": {"uv": [4, 69], "uv_size": [13, 2]},
								"east": {"uv": [0, 69], "uv_size": [4, 2]},
								"south": {"uv": [21, 69], "uv_size": [13, 2]},
								"west": {"uv": [17, 69], "uv_size": [4, 2]},
								"up": {"uv": [4, 65], "uv_size": [13, 4]},
								"down": {"uv": [17, 69], "uv_size": [13, -4]}
							}
						}
					]
				},
				{
					"name": "bone",
					"pivot": [1.64743, 16.3532, -1.94791],
					"rotation": [12.5, 0, 0],
					"cubes": [
						{
							"origin": [0, 12.5, -3.5],
							"size": [3, 6, 3],
							"uv": {
								"north": {"uv": [99, 108], "uv_size": [3, 6]},
								"east": {"uv": [96, 108], "uv_size": [3, 6]},
								"south": {"uv": [105, 108], "uv_size": [3, 6]},
								"west": {"uv": [102, 108], "uv_size": [3, 6]},
								"up": {"uv": [99, 105], "uv_size": [3, 3]},
								"down": {"uv": [102, 108], "uv_size": [3, -3]}
							}
						},
						{
							"origin": [1, 18.5607, -3.05488],
							"size": [1, 0, 2],
							"pivot": [-2, 27.2064, -0.79219],
							"rotation": [-2.5, 0, 0],
							"uv": {
								"north": {"uv": [117, 107], "uv_size": [1, 0]},
								"east": {"uv": [115, 107], "uv_size": [2, 0]},
								"south": {"uv": [120, 107], "uv_size": [1, 0]},
								"west": {"uv": [118, 107], "uv_size": [2, 0]},
								"up": {"uv": [117, 105], "uv_size": [1, 2]},
								"down": {"uv": [118, 107], "uv_size": [1, -2]}
							}
						}
					]
				},
				{
					"name": "bone2",
					"pivot": [-1.85257, 16.3532, -1.94791],
					"rotation": [12.5, 0, 0],
					"cubes": [
						{
							"origin": [-3.5, 12.5, -3.5],
							"size": [3, 6, 3],
							"uv": {
								"north": {"uv": [99, 99], "uv_size": [3, 6]},
								"east": {"uv": [96, 99], "uv_size": [3, 6]},
								"south": {"uv": [105, 99], "uv_size": [3, 6]},
								"west": {"uv": [102, 99], "uv_size": [3, 6]},
								"up": {"uv": [99, 96], "uv_size": [3, 3]},
								"down": {"uv": [102, 99], "uv_size": [3, -3]}
							}
						},
						{
							"origin": [-2.5, 18.5607, -3.05488],
							"size": [1, 0, 2],
							"pivot": [-2, 27.2064, -0.79219],
							"rotation": [-2.5, 0, 0],
							"uv": {
								"north": {"uv": [117, 107], "uv_size": [1, 0]},
								"east": {"uv": [115, 107], "uv_size": [2, 0]},
								"south": {"uv": [120, 107], "uv_size": [1, 0]},
								"west": {"uv": [118, 107], "uv_size": [2, 0]},
								"up": {"uv": [117, 105], "uv_size": [1, 2]},
								"down": {"uv": [118, 107], "uv_size": [1, -2]}
							}
						}
					]
				},
				{
					"name": "bone3",
					"pivot": [-5.05257, 16.3532, -1.94791],
					"rotation": [12.5, 0, 0],
					"cubes": [
						{
							"origin": [-6.7, 12.5, -3.5],
							"size": [3, 6, 3],
							"uv": {
								"north": {"uv": [111, 108], "uv_size": [3, 6]},
								"east": {"uv": [108, 108], "uv_size": [3, 6]},
								"south": {"uv": [117, 108], "uv_size": [3, 6]},
								"west": {"uv": [114, 108], "uv_size": [3, 6]},
								"up": {"uv": [111, 105], "uv_size": [3, 3]},
								"down": {"uv": [114, 108], "uv_size": [3, -3]}
							}
						},
						{
							"origin": [-5.7, 18.5607, -3.05488],
							"size": [1, 0, 2],
							"pivot": [-1.7, 27.2064, -0.79219],
							"rotation": [-2.5, 0, 0],
							"uv": {
								"north": {"uv": [117, 107], "uv_size": [1, 0]},
								"east": {"uv": [115, 107], "uv_size": [2, 0]},
								"south": {"uv": [120, 107], "uv_size": [1, 0]},
								"west": {"uv": [118, 107], "uv_size": [2, 0]},
								"up": {"uv": [117, 105], "uv_size": [1, 2]},
								"down": {"uv": [118, 107], "uv_size": [1, -2]}
							}
						}
					]
				},
				{
					"name": "bone4",
					"pivot": [1.64743, 24.2532, -1.94791],
					"rotation": [12.5, 0, 0],
					"cubes": [
						{
							"origin": [0, 20.4, -3.5],
							"size": [3, 6, 3],
							"uv": {
								"north": {"uv": [111, 99], "uv_size": [3, 6]},
								"east": {"uv": [108, 99], "uv_size": [3, 6]},
								"south": {"uv": [117, 99], "uv_size": [3, 6]},
								"west": {"uv": [114, 99], "uv_size": [3, 6]},
								"up": {"uv": [111, 96], "uv_size": [3, 3]},
								"down": {"uv": [114, 99], "uv_size": [3, -3]}
							}
						},
						{
							"origin": [1, 26.45476, -3.47307],
							"size": [1, 0, 2],
							"pivot": [-2, 27.1064, -0.79219],
							"rotation": [-2.5, 0, 0],
							"uv": {
								"north": {"uv": [117, 107], "uv_size": [1, 0]},
								"east": {"uv": [115, 107], "uv_size": [2, 0]},
								"south": {"uv": [120, 107], "uv_size": [1, 0]},
								"west": {"uv": [118, 107], "uv_size": [2, 0]},
								"up": {"uv": [117, 105], "uv_size": [1, 2]},
								"down": {"uv": [118, 107], "uv_size": [1, -2]}
							}
						}
					]
				},
				{
					"name": "bone5",
					"pivot": [-5.15257, 24.2532, -1.94791],
					"rotation": [12.5, 0, 0],
					"cubes": [
						{
							"origin": [-6.8, 20.4, -3.5],
							"size": [3, 6, 3],
							"uv": {
								"north": {"uv": [111, 117], "uv_size": [3, 6]},
								"east": {"uv": [108, 117], "uv_size": [3, 6]},
								"south": {"uv": [117, 117], "uv_size": [3, 6]},
								"west": {"uv": [114, 117], "uv_size": [3, 6]},
								"up": {"uv": [111, 114], "uv_size": [3, 3]},
								"down": {"uv": [114, 117], "uv_size": [3, -3]}
							}
						},
						{
							"origin": [-5.8, 26.45476, -3.47307],
							"size": [1, 0, 2],
							"pivot": [-1.8, 27.1064, -0.79219],
							"rotation": [-2.5, 0, 0],
							"uv": {
								"north": {"uv": [117, 107], "uv_size": [1, 0]},
								"east": {"uv": [115, 107], "uv_size": [2, 0]},
								"south": {"uv": [120, 107], "uv_size": [1, 0]},
								"west": {"uv": [118, 107], "uv_size": [2, 0]},
								"up": {"uv": [117, 105], "uv_size": [1, 2]},
								"down": {"uv": [118, 107], "uv_size": [1, -2]}
							}
						}
					]
				},
				{
					"name": "bone6",
					"pivot": [-1.85257, 24.2532, -1.94791],
					"rotation": [12.5, 0, 0],
					"cubes": [
						{
							"origin": [-2.5, 26.45476, -3.47307],
							"size": [1, 0, 2],
							"pivot": [-2, 27.1064, -0.79219],
							"rotation": [-2.5, 0, 0],
							"uv": {
								"north": {"uv": [117, 107], "uv_size": [1, 0]},
								"east": {"uv": [115, 107], "uv_size": [2, 0]},
								"south": {"uv": [120, 107], "uv_size": [1, 0]},
								"west": {"uv": [118, 107], "uv_size": [2, 0]},
								"up": {"uv": [117, 105], "uv_size": [1, 2]},
								"down": {"uv": [118, 107], "uv_size": [1, -2]}
							}
						},
						{
							"origin": [-3.5, 20.4, -3.5],
							"size": [3, 6, 3],
							"uv": {
								"north": {"uv": [111, 108], "uv_size": [3, 6]},
								"east": {"uv": [108, 108], "uv_size": [3, 6]},
								"south": {"uv": [117, 108], "uv_size": [3, 6]},
								"west": {"uv": [114, 108], "uv_size": [3, 6]},
								"up": {"uv": [111, 105], "uv_size": [3, 3]},
								"down": {"uv": [114, 108], "uv_size": [3, -3]}
							}
						}
					]
				},
				{
					"name": "bone7",
					"pivot": [-8.45257, 24.2532, -1.94791],
					"rotation": [12.5, 0, 0],
					"cubes": [
						{
							"origin": [-9.1, 26.45476, -3.47307],
							"size": [1, 0, 2],
							"pivot": [-8.6, 27.1064, -0.79219],
							"rotation": [-2.5, 0, 0],
							"uv": {
								"north": {"uv": [117, 107], "uv_size": [1, 0]},
								"east": {"uv": [115, 107], "uv_size": [2, 0]},
								"south": {"uv": [120, 107], "uv_size": [1, 0]},
								"west": {"uv": [118, 107], "uv_size": [2, 0]},
								"up": {"uv": [117, 105], "uv_size": [1, 2]},
								"down": {"uv": [118, 107], "uv_size": [1, -2]}
							}
						},
						{
							"origin": [-10.1, 20.4, -3.5],
							"size": [3, 6, 3],
							"uv": {
								"north": {"uv": [99, 108], "uv_size": [3, 6]},
								"east": {"uv": [96, 108], "uv_size": [3, 6]},
								"south": {"uv": [105, 108], "uv_size": [3, 6]},
								"west": {"uv": [102, 108], "uv_size": [3, 6]},
								"up": {"uv": [99, 105], "uv_size": [3, 3]},
								"down": {"uv": [102, 108], "uv_size": [3, -3]}
							}
						}
					]
				},
				{
					"name": "bone8",
					"pivot": [-8.35257, 16.3532, -1.94791],
					"rotation": [12.5, 0, 0],
					"cubes": [
						{
							"origin": [-10, 12.5, -3.5],
							"size": [3, 6, 3],
							"uv": {
								"north": {"uv": [111, 99], "uv_size": [3, 6]},
								"east": {"uv": [108, 99], "uv_size": [3, 6]},
								"south": {"uv": [117, 99], "uv_size": [3, 6]},
								"west": {"uv": [114, 99], "uv_size": [3, 6]},
								"up": {"uv": [111, 96], "uv_size": [3, 3]},
								"down": {"uv": [114, 99], "uv_size": [3, -3]}
							}
						},
						{
							"origin": [-9, 18.5607, -3.05488],
							"size": [1, 0, 2],
							"pivot": [-5, 27.2064, -0.79219],
							"rotation": [-2.5, 0, 0],
							"uv": {
								"north": {"uv": [117, 98], "uv_size": [1, 0]},
								"east": {"uv": [115, 98], "uv_size": [2, 0]},
								"south": {"uv": [120, 98], "uv_size": [1, 0]},
								"west": {"uv": [118, 98], "uv_size": [2, 0]},
								"up": {"uv": [117, 96], "uv_size": [1, 2]},
								"down": {"uv": [118, 98], "uv_size": [1, -2]}
							}
						}
					]
				}
			]
		}
	]
}