{
	"format_version": "1.12.0",
	"minecraft:geometry": [
		{
			"description": {
				"identifier": "geometry.walls_pizza_wooden_2",
				"texture_width": 32,
				"texture_height": 32,
				"visible_bounds_width": 2,
				"visible_bounds_height": 2.5,
				"visible_bounds_offset": [0, 0.75, 0]
			},
			"bones": [
				{
					"name": "pizza_walls",
					"pivot": [0, 8, 7.5],
					"rotation": [0, 0, -10],
					"cubes": [
						{
							"origin": [2, 0, 7],
							"size": [6, 6, 1],
							"uv": {
								"north": {"uv": [6, 6], "uv_size": [6, 6]},
								"east": {"uv": [12, 6], "uv_size": [1, 6]},
								"south": {"uv": [0, 18], "uv_size": [6, 6]},
								"west": {"uv": [12, 18], "uv_size": [1, 6]},
								"up": {"uv": [19, 0], "uv_size": [6, 1]},
								"down": {"uv": [19, 2], "uv_size": [6, -1]}
							}
						},
						{
							"origin": [-6, 2, 7],
							"size": [6, 6, 1],
							"uv": {
								"north": {"uv": [0, 6], "uv_size": [6, 6]},
								"east": {"uv": [12, 6], "uv_size": [1, 6]},
								"south": {"uv": [6, 18], "uv_size": [6, 6]},
								"west": {"uv": [12, 18], "uv_size": [1, 6]},
								"up": {"uv": [13, 0], "uv_size": [6, 1]},
								"down": {"uv": [13, 2], "uv_size": [6, -1]}
							}
						},
						{
							"origin": [-6, 8, 7],
							"size": [12, 6, 1],
							"uv": {
								"north": {"uv": [0, 0], "uv_size": [12, 6]},
								"east": {"uv": [12, 0], "uv_size": [1, 6]},
								"south": {"uv": [0, 12], "uv_size": [12, 6]},
								"west": {"uv": [12, 12], "uv_size": [1, 6]},
								"up": {"uv": [13, 0], "uv_size": [12, 1]},
								"down": {"uv": [13, 2], "uv_size": [12, -1]}
							}
						}
					]
				}
			]
		}
	]
}