{
	"format_version": "1.21.0",
	"minecraft:geometry": [
		{
			"description": {
				"identifier": "geometry.wide_party_table",
				"texture_width": 64,
				"texture_height": 64,
				"visible_bounds_width": 5,
				"visible_bounds_height": 3.5,
				"visible_bounds_offset": [0, 1.25, 0]
			},
			"bones": [
				{
					"name": "right",
					"pivot": [-16, 9.66667, -4],
					"cubes": [
						{
							"origin": [-7, 0, -14],
							"size": [2, 9, 2],
							"uv": {
								"north": {"uv": [37, 5], "uv_size": [-2, 9]},
								"east": {"uv": [37, 5], "uv_size": [-2, 9]},
								"south": {"uv": [37, 5], "uv_size": [-2, 9]},
								"west": {"uv": [37, 5], "uv_size": [-2, 9]},
								"up": {"uv": [35, 8], "uv_size": [2, -2], "uv_rotation": 90},
								"down": {"uv": [35, 8], "uv_size": [2, -2], "uv_rotation": 270}
							}
						},
						{
							"origin": [-7, 0, 12],
							"size": [2, 9, 2],
							"uv": {
								"north": {"uv": [35, 5], "uv_size": [2, 9]},
								"east": {"uv": [35, 5], "uv_size": [2, 9]},
								"south": {"uv": [35, 5], "uv_size": [2, 9]},
								"west": {"uv": [35, 5], "uv_size": [2, 9]},
								"up": {"uv": [37, 8], "uv_size": [-2, -2], "uv_rotation": 90},
								"down": {"uv": [37, 8], "uv_size": [-2, -2], "uv_rotation": 270}
							}
						},
						{
							"origin": [-8, 7, -15],
							"size": [16, 9, 30],
							"uv": {
								"north": {"uv": [31, 15], "uv_size": [16, 9]},
								"east": {"uv": [31, 15], "uv_size": [30, 9]},
								"south": {"uv": [31, 15], "uv_size": [16, 9]},
								"west": {"uv": [31, 15], "uv_size": [30, 9]},
								"up": {"uv": [0, 0], "uv_size": [30, 16], "uv_rotation": 90},
								"down": {"uv": [0, 47], "uv_size": [16, -30]}
							}
						},
						{
							"origin": [-8, 9, -15],
							"size": [16, 0, 30],
							"uv": {
								"down": {"uv": [30, 0], "uv_size": [-30, 16], "uv_rotation": 90}
							}
						}
					]
				},
				{
					"name": "left",
					"pivot": [-16, 9.66667, -4],
					"cubes": [
						{
							"origin": [5, 0, -14],
							"size": [2, 9, 2],
							"uv": {
								"north": {"uv": [37, 5], "uv_size": [-2, 9]},
								"east": {"uv": [37, 5], "uv_size": [-2, 9]},
								"south": {"uv": [37, 5], "uv_size": [-2, 9]},
								"west": {"uv": [37, 5], "uv_size": [-2, 9]},
								"up": {"uv": [35, 8], "uv_size": [2, -2], "uv_rotation": 90},
								"down": {"uv": [35, 8], "uv_size": [2, -2], "uv_rotation": 270}
							}
						},
						{
							"origin": [5, 0, 12],
							"size": [2, 9, 2],
							"uv": {
								"north": {"uv": [35, 5], "uv_size": [2, 9]},
								"east": {"uv": [35, 5], "uv_size": [2, 9]},
								"south": {"uv": [35, 5], "uv_size": [2, 9]},
								"west": {"uv": [35, 5], "uv_size": [2, 9]},
								"up": {"uv": [37, 8], "uv_size": [-2, -2], "uv_rotation": 90},
								"down": {"uv": [37, 8], "uv_size": [-2, -2], "uv_rotation": 270}
							}
						},
						{
							"origin": [-8, 7, -15],
							"size": [16, 9, 30],
							"uv": {
								"north": {"uv": [31, 15], "uv_size": [16, 9]},
								"east": {"uv": [31, 15], "uv_size": [30, 9]},
								"south": {"uv": [31, 15], "uv_size": [16, 9]},
								"west": {"uv": [31, 15], "uv_size": [30, 9]},
								"up": {"uv": [0, 0], "uv_size": [30, 16], "uv_rotation": 90},
								"down": {"uv": [0, 47], "uv_size": [16, -30]}
							}
						},
						{
							"origin": [-8, 9, -15],
							"size": [16, 0, 30],
							"uv": {
								"down": {"uv": [30, 0], "uv_size": [-30, 16], "uv_rotation": 90}
							}
						}
					]
				},
				{
					"name": "center",
					"pivot": [-16, 9.66667, -4],
					"cubes": [
						{
							"origin": [-8, 7, -15],
							"size": [16, 9, 30],
							"uv": {
								"north": {"uv": [31, 15], "uv_size": [16, 9]},
								"east": {"uv": [31, 15], "uv_size": [30, 9]},
								"south": {"uv": [31, 15], "uv_size": [16, 9]},
								"west": {"uv": [31, 15], "uv_size": [30, 9]},
								"up": {"uv": [0, 0], "uv_size": [30, 16], "uv_rotation": 90},
								"down": {"uv": [0, 47], "uv_size": [16, -30]}
							}
						},
						{
							"origin": [-8, 9, -15],
							"size": [16, 0, 30],
							"uv": {
								"down": {"uv": [30, 0], "uv_size": [-30, 16], "uv_rotation": 90}
							}
						}
					]
				},
				{
					"name": "center2",
					"pivot": [-16, 9.66667, -4],
					"cubes": [
						{
							"origin": [-7, 0, 12],
							"size": [2, 9, 2],
							"uv": {
								"north": {"uv": [35, 5], "uv_size": [2, 9]},
								"east": {"uv": [35, 5], "uv_size": [2, 9]},
								"south": {"uv": [35, 5], "uv_size": [2, 9]},
								"west": {"uv": [35, 5], "uv_size": [2, 9]},
								"up": {"uv": [37, 8], "uv_size": [-2, -2], "uv_rotation": 90},
								"down": {"uv": [37, 8], "uv_size": [-2, -2], "uv_rotation": 270}
							}
						},
						{
							"origin": [-7, 0, -14],
							"size": [2, 9, 2],
							"uv": {
								"north": {"uv": [37, 5], "uv_size": [-2, 9]},
								"east": {"uv": [37, 5], "uv_size": [-2, 9]},
								"south": {"uv": [37, 5], "uv_size": [-2, 9]},
								"west": {"uv": [37, 5], "uv_size": [-2, 9]},
								"up": {"uv": [35, 8], "uv_size": [2, -2], "uv_rotation": 90},
								"down": {"uv": [35, 8], "uv_size": [2, -2], "uv_rotation": 270}
							}
						},
						{
							"origin": [5, 0, -14],
							"size": [2, 9, 2],
							"uv": {
								"north": {"uv": [37, 5], "uv_size": [-2, 9]},
								"east": {"uv": [37, 5], "uv_size": [-2, 9]},
								"south": {"uv": [37, 5], "uv_size": [-2, 9]},
								"west": {"uv": [37, 5], "uv_size": [-2, 9]},
								"up": {"uv": [35, 8], "uv_size": [2, -2], "uv_rotation": 90},
								"down": {"uv": [35, 8], "uv_size": [2, -2], "uv_rotation": 270}
							}
						},
						{
							"origin": [5, 0, 12],
							"size": [2, 9, 2],
							"uv": {
								"north": {"uv": [35, 5], "uv_size": [2, 9]},
								"east": {"uv": [35, 5], "uv_size": [2, 9]},
								"south": {"uv": [35, 5], "uv_size": [2, 9]},
								"west": {"uv": [35, 5], "uv_size": [2, 9]},
								"up": {"uv": [37, 8], "uv_size": [-2, -2], "uv_rotation": 90},
								"down": {"uv": [37, 8], "uv_size": [-2, -2], "uv_rotation": 270}
							}
						},
						{
							"origin": [-8, 7, -15],
							"size": [16, 9, 30],
							"uv": {
								"north": {"uv": [31, 15], "uv_size": [16, 9]},
								"east": {"uv": [31, 15], "uv_size": [30, 9]},
								"south": {"uv": [31, 15], "uv_size": [16, 9]},
								"west": {"uv": [31, 15], "uv_size": [30, 9]},
								"up": {"uv": [0, 0], "uv_size": [30, 16], "uv_rotation": 90},
								"down": {"uv": [0, 47], "uv_size": [16, -30]}
							}
						},
						{
							"origin": [-8, 9, -15],
							"size": [16, 0, 30],
							"uv": {
								"down": {"uv": [30, 0], "uv_size": [-30, 16], "uv_rotation": 90}
							}
						}
					]
				}
			]
		}
	]
}