{
	"format_version": "1.21.20",
	"minecraft:geometry": [
		{
			"description": {
				"identifier": "geometry.wide_backstage_table",
				"texture_width": 32,
				"texture_height": 32,
				"visible_bounds_width": 5,
				"visible_bounds_height": 3.5,
				"visible_bounds_offset": [0, 1.25, 0]
			},
			"bones": [
				{
					"name": "right",
					"pivot": [-16, 9.66667, -4],
					"cubes": [
						{
							"origin": [-8, 14, -15],
							"size": [16, 2, 30],
							"uv": {
								"north": {"uv": [0, 24], "uv_size": [8, 1]},
								"east": {"uv": [0, 24], "uv_size": [16, 1]},
								"south": {"uv": [0, 24], "uv_size": [8, 1]},
								"west": {"uv": [0, 24], "uv_size": [16, 1]},
								"up": {"uv": [0, 0], "uv_size": [16, 8], "uv_rotation": 270},
								"down": {"uv": [0, 8], "uv_size": [16, -8], "uv_rotation": 90}
							}
						},
						{
							"origin": [-7, 0, -14],
							"size": [2, 14, 2],
							"uv": {
								"north": {"uv": [24, 0], "uv_size": [-1, 7]},
								"east": {"uv": [24, 0], "uv_size": [-1, 7]},
								"south": {"uv": [24, 0], "uv_size": [-1, 7]},
								"west": {"uv": [24, 0], "uv_size": [-1, 7]},
								"up": {"uv": [23, 7], "uv_size": [1, -1], "uv_rotation": 90},
								"down": {"uv": [23, 7], "uv_size": [1, -1], "uv_rotation": 270}
							}
						},
						{
							"origin": [-7, 0, 12],
							"size": [2, 14, 2],
							"uv": {
								"north": {"uv": [23, 0], "uv_size": [1, 7]},
								"east": {"uv": [23, 0], "uv_size": [1, 7]},
								"south": {"uv": [23, 0], "uv_size": [1, 7]},
								"west": {"uv": [23, 0], "uv_size": [1, 7]},
								"up": {"uv": [24, 7], "uv_size": [-1, -1], "uv_rotation": 90},
								"down": {"uv": [24, 7], "uv_size": [-1, -1], "uv_rotation": 270}
							}
						}
					]
				},
				{
					"name": "center",
					"pivot": [0, 15, 0],
					"cubes": [
						{
							"origin": [-8, 14, -15],
							"size": [16, 2, 30],
							"uv": {
								"north": {"uv": [0, 24], "uv_size": [8, 1]},
								"east": {"uv": [0, 24], "uv_size": [16, 1]},
								"south": {"uv": [0, 24], "uv_size": [8, 1]},
								"west": {"uv": [0, 24], "uv_size": [16, 1]},
								"up": {"uv": [0, 8], "uv_size": [16, 8], "uv_rotation": 270},
								"down": {"uv": [0, 16], "uv_size": [16, -8], "uv_rotation": 90}
							}
						}
					]
				},
				{
					"name": "center2",
					"pivot": [-16, 9.66667, -4],
					"cubes": [
						{
							"origin": [-8, 0, 12],
							"size": [2, 14, 2],
							"uv": {
								"north": {"uv": [23, 0], "uv_size": [1, 7]},
								"east": {"uv": [23, 0], "uv_size": [1, 7]},
								"south": {"uv": [23, 0], "uv_size": [1, 7]},
								"west": {"uv": [23, 0], "uv_size": [1, 7]},
								"up": {"uv": [24, 7], "uv_size": [-1, -1], "uv_rotation": 90},
								"down": {"uv": [24, 7], "uv_size": [-1, -1], "uv_rotation": 270}
							}
						},
						{
							"origin": [-8, 0, -14],
							"size": [2, 14, 2],
							"uv": {
								"north": {"uv": [24, 0], "uv_size": [-1, 7]},
								"east": {"uv": [24, 0], "uv_size": [-1, 7]},
								"south": {"uv": [24, 0], "uv_size": [-1, 7]},
								"west": {"uv": [24, 0], "uv_size": [-1, 7]},
								"up": {"uv": [23, 7], "uv_size": [1, -1], "uv_rotation": 90},
								"down": {"uv": [23, 7], "uv_size": [1, -1], "uv_rotation": 270}
							}
						},
						{
							"origin": [6, 0, -14],
							"size": [2, 14, 2],
							"uv": {
								"north": {"uv": [24, 0], "uv_size": [-1, 7]},
								"east": {"uv": [24, 0], "uv_size": [-1, 7]},
								"south": {"uv": [24, 0], "uv_size": [-1, 7]},
								"west": {"uv": [24, 0], "uv_size": [-1, 7]},
								"up": {"uv": [23, 7], "uv_size": [1, -1], "uv_rotation": 90},
								"down": {"uv": [23, 7], "uv_size": [1, -1], "uv_rotation": 270}
							}
						},
						{
							"origin": [6, 0, 12],
							"size": [2, 14, 2],
							"uv": {
								"north": {"uv": [23, 0], "uv_size": [1, 7]},
								"east": {"uv": [23, 0], "uv_size": [1, 7]},
								"south": {"uv": [23, 0], "uv_size": [1, 7]},
								"west": {"uv": [23, 0], "uv_size": [1, 7]},
								"up": {"uv": [24, 7], "uv_size": [-1, -1], "uv_rotation": 90},
								"down": {"uv": [24, 7], "uv_size": [-1, -1], "uv_rotation": 270}
							}
						},
						{
							"origin": [-8, 14, -15],
							"size": [16, 2, 30],
							"uv": {
								"north": {"uv": [4, 24], "uv_size": [4, 1]},
								"east": {"uv": [0, 24], "uv_size": [16, 1]},
								"south": {"uv": [4, 24], "uv_size": [4, 1]},
								"west": {"uv": [0, 24], "uv_size": [16, 1]},
								"up": {"uv": [0, 8], "uv_size": [16, 8], "uv_rotation": 270},
								"down": {"uv": [16, 16], "uv_size": [-16, -8], "uv_rotation": 90}
							}
						}
					]
				},
				{
					"name": "left",
					"pivot": [0, 0, 0],
					"cubes": [
						{
							"origin": [-8, 14, -15],
							"size": [16, 2, 30],
							"uv": {
								"north": {"uv": [0, 24], "uv_size": [8, 1]},
								"east": {"uv": [0, 24], "uv_size": [16, 1]},
								"south": {"uv": [0, 24], "uv_size": [8, 1]},
								"west": {"uv": [0, 24], "uv_size": [16, 1]},
								"up": {"uv": [0, 16], "uv_size": [16, 8], "uv_rotation": 270},
								"down": {"uv": [0, 24], "uv_size": [16, -8], "uv_rotation": 90}
							}
						},
						{
							"origin": [6, 0, -14],
							"size": [2, 14, 2],
							"uv": {
								"north": {"uv": [24, 0], "uv_size": [-1, 7]},
								"east": {"uv": [24, 0], "uv_size": [-1, 7]},
								"south": {"uv": [24, 0], "uv_size": [-1, 7]},
								"west": {"uv": [24, 0], "uv_size": [-1, 7]},
								"up": {"uv": [23, 7], "uv_size": [1, -1], "uv_rotation": 90},
								"down": {"uv": [23, 7], "uv_size": [1, -1], "uv_rotation": 270}
							}
						},
						{
							"origin": [6, 0, 12],
							"size": [2, 14, 2],
							"uv": {
								"north": {"uv": [23, 0], "uv_size": [1, 7]},
								"east": {"uv": [23, 0], "uv_size": [1, 7]},
								"south": {"uv": [23, 0], "uv_size": [1, 7]},
								"west": {"uv": [23, 0], "uv_size": [1, 7]},
								"up": {"uv": [24, 7], "uv_size": [-1, -1], "uv_rotation": 90},
								"down": {"uv": [24, 7], "uv_size": [-1, -1], "uv_rotation": 270}
							}
						}
					]
				}
			]
		}
	]
}