{
	"format_version": "1.21.0",
	"minecraft:geometry": [
		{
			"description": {
				"identifier": "geometry.bear_five_mygod",
				"texture_width": 128,
				"texture_height": 128,
				"visible_bounds_width": 5,
				"visible_bounds_height": 5,
				"visible_bounds_offset": [0, 1.5, 0]
			},
			"bones": [
				{
					"name": "bb_main",
					"pivot": [0, 0, 0],
					"cubes": [
						{
							"origin": [-1, 0, -1],
							"size": [2, 2, 2],
							"uv": {
								"north": {"uv": [0, 0], "uv_size": [2, 2]},
								"east": {"uv": [0, 0], "uv_size": [2, 2]},
								"south": {"uv": [0, 0], "uv_size": [2, 2]},
								"west": {"uv": [0, 0], "uv_size": [2, 2]},
								"up": {"uv": [2, 2], "uv_size": [-2, -2]},
								"down": {"uv": [2, 2], "uv_size": [-2, -2]}
							}
						}
					]
				},
				{
					"name": "feddy",
					"pivot": [0, 0, 0]
				},
				{
					"name": "upperpart",
					"parent": "feddy",
					"pivot": [0, 17, 2]
				},
				{
					"name": "feddyHed",
					"parent": "upperpart",
					"pivot": [0, 26, 2]
				},
				{
					"name": "head",
					"parent": "feddyHed",
					"pivot": [0, 31, 2]
				},
				{
					"name": "headsuit",
					"parent": "head",
					"pivot": [0, 31, 3]
				},
				{
					"name": "masktop",
					"parent": "headsuit",
					"pivot": [0, 25, 4.4],
					"cubes": [
						{
							"origin": [-4, 31, -2],
							"size": [8, 7, 8],
							"uv": {
								"north": {"uv": [54.032, 26.032], "uv_size": [7.936, 7.936]},
								"east": {"uv": [46.032, 26.032], "uv_size": [7.936, 7.936]},
								"south": {"uv": [54.032, 34.032], "uv_size": [7.936, 7.936]},
								"west": {"uv": [62.032, 26.032], "uv_size": [7.936, 7.936]},
								"up": {"uv": [69.968, 41.968], "uv_size": [-7.936, -7.936]},
								"down": {"uv": [53.968, 41.968], "uv_size": [-7.936, -7.936]}
							}
						},
						{
							"origin": [-5, 30, -2],
							"size": [10, 5, 7],
							"uv": {
								"north": {"uv": [13.032, 14.032], "uv_size": [10, 5]},
								"east": {"uv": [3.032, 14.032], "uv_size": [7, 5]},
								"south": {"uv": [1.032, 24.032], "uv_size": [10, 5]},
								"west": {"uv": [26.032, 14.032], "uv_size": [7, 5]},
								"up": {"uv": [35.032, 26.032], "uv_size": [9.936, 7.936]},
								"down": {"uv": [35.032, 42.968], "uv_size": [9.936, -6.936]}
							}
						}
					]
				},
				{
					"name": "eyebrows",
					"parent": "masktop",
					"pivot": [-3, 29.9, -1]
				},
				{
					"name": "eyebrowL",
					"parent": "eyebrows",
					"pivot": [-2, 37, -1.5],
					"cubes": [
						{
							"origin": [-3, 36.5, -2],
							"size": [2, 1, 1],
							"inflate": 0.1,
							"uv": {
								"north": {"uv": [15.032, 0.032], "uv_size": [1.936, 0.936]},
								"east": {"uv": [93.032, 67.032], "uv_size": [0.936, 0.936]},
								"south": {"uv": [97.032, 67.032], "uv_size": [1.936, 0.936]},
								"west": {"uv": [96.032, 67.032], "uv_size": [0.936, 0.936]},
								"up": {"uv": [94.032, 66.032], "uv_size": [1.936, 0.936]},
								"down": {"uv": [96.032, 66.968], "uv_size": [1.936, -0.936]}
							}
						}
					]
				},
				{
					"name": "eyebrowR",
					"parent": "eyebrows",
					"pivot": [2, 37, -1.5],
					"cubes": [
						{
							"origin": [1, 36.5, -2],
							"size": [2, 1, 1],
							"inflate": 0.1,
							"uv": {
								"north": {"uv": [19.032, 0.032], "uv_size": [1.936, 0.936]},
								"east": {"uv": [117.032, 67.032], "uv_size": [0.936, 0.936]},
								"south": {"uv": [121.032, 67.032], "uv_size": [1.936, 0.936]},
								"west": {"uv": [120.032, 67.032], "uv_size": [0.936, 0.936]},
								"up": {"uv": [118.032, 66.032], "uv_size": [1.936, 0.936]},
								"down": {"uv": [120.032, 66.968], "uv_size": [1.936, -0.936]}
							}
						}
					]
				},
				{
					"name": "muzzle",
					"parent": "masktop",
					"pivot": [0, 25, 0],
					"cubes": [
						{
							"origin": [-3.5, 30, -4],
							"size": [7, 4, 2],
							"uv": {
								"north": {"uv": [15.032, 22.032], "uv_size": [7, 4]},
								"east": {"uv": [10.032, 16.032], "uv_size": [2, 4]},
								"south": {"uv": [110.032, 88.032], "uv_size": [7, 4]},
								"west": {"uv": [26.032, 19.032], "uv_size": [-2, -4]},
								"up": {"uv": [15.032, 20.032], "uv_size": [6.936, 1.936]},
								"down": {"uv": [15.032, 25.032], "uv_size": [6.936, 1.936]}
							}
						},
						{
							"origin": [-1.5, 33, -4],
							"size": [3, 1, 2],
							"inflate": 0.15,
							"uv": {
								"north": {"uv": [54.032, 7.032], "uv_size": [2.936, 0.936]},
								"south": {"uv": [110.032, 88.032], "uv_size": [2.936, 0.936]},
								"up": {"uv": [55.032, 5.032], "uv_size": [2.936, 1.936]}
							}
						}
					]
				},
				{
					"name": "bone4",
					"parent": "muzzle",
					"pivot": [0, 32.5, -3],
					"cubes": [
						{"origin": [-3.5, 30, -4], "size": [7, 3, 2], "inflate": 0.02, "uv": [66, 123]}
					]
				},
				{
					"name": "bone6",
					"parent": "muzzle",
					"pivot": [6, 32, -3],
					"cubes": [
						{"origin": [4, 28, -3], "size": [6, 8, 0], "uv": [0, 0]}
					]
				},
				{
					"name": "bone7",
					"parent": "muzzle",
					"pivot": [-6, 32, -3],
					"cubes": [
						{"origin": [-9, 28, -3], "size": [6, 8, 0], "uv": [0, 0], "mirror": true}
					]
				},
				{
					"name": "hat",
					"parent": "masktop",
					"pivot": [0, 39.5, 2],
					"cubes": [
						{
							"origin": [-2, 39, 0],
							"size": [4, 3, 4],
							"uv": {
								"north": {"uv": [28.032, 5.032], "uv_size": [3.936, 2.936]},
								"east": {"uv": [31.968, 5.032], "uv_size": [-3.936, 2.936]},
								"south": {"uv": [28.032, 5.032], "uv_size": [3.936, 2.936]},
								"west": {"uv": [31.968, 5.032], "uv_size": [-3.936, 2.936]},
								"up": {"uv": [28.032, 0.032], "uv_size": [3.936, 3.936]}
							}
						},
						{
							"origin": [-2.5, 38, -0.5],
							"size": [5, 1, 5],
							"uv": {
								"north": {"uv": [27.032, 9.032], "uv_size": [4.936, 0.936]},
								"east": {"uv": [31.968, 9.032], "uv_size": [-4.936, 0.936]},
								"south": {"uv": [27.032, 9.032], "uv_size": [4.936, 0.936]},
								"west": {"uv": [31.968, 9.032], "uv_size": [-4.936, 0.936]},
								"up": {"uv": [33.032, 3.032], "uv_size": [4.936, 4.936]}
							}
						}
					]
				},
				{
					"name": "jaw",
					"parent": "headsuit",
					"pivot": [0, 30, 2],
					"cubes": [
						{
							"origin": [-4, 27.7, -4.5],
							"size": [8, 1, 4],
							"inflate": 0.01,
							"uv": {
								"north": {"uv": [36.032, 21.032], "uv_size": [8, 1]},
								"east": {"uv": [32.032, 21.032], "uv_size": [4, 1]},
								"south": {"uv": [112.032, 104.032], "uv_size": [8, 1]},
								"west": {"uv": [43.032, 21.032], "uv_size": [4, 1]},
								"up": {"uv": [36.032, 17.032], "uv_size": [7.936, 3.936]},
								"down": {"uv": [2.032, 40.968], "uv_size": [7.936, -3.936]}
							}
						},
						{
							"origin": [-1.5, 29.5, -1],
							"size": [3, 1, 2],
							"inflate": 0.1,
							"uv": {
								"north": {"uv": [42.032, 89.032], "uv_size": [2.936, 0.936]},
								"east": {"uv": [41.032, 88.032], "uv_size": [1.936, 0.936]},
								"south": {"uv": [47.032, 88.032], "uv_size": [2.936, 0.936]},
								"west": {"uv": [45.032, 88.032], "uv_size": [1.936, 0.936]},
								"up": {"uv": [36.032, 86.032], "uv_size": [2.936, 1.936]},
								"down": {"uv": [36.032, 89.968], "uv_size": [2.936, -1.936]}
							}
						},
						{
							"origin": [-1.5, 30, -1],
							"size": [3, 1, 2],
							"uv": {
								"north": {"uv": [66.032, 93.032], "uv_size": [2.936, 0.936]},
								"east": {"uv": [67.032, 87.032], "uv_size": [1.936, 0.936]},
								"south": {"uv": [73.032, 87.032], "uv_size": [2.936, 0.936]},
								"west": {"uv": [71.032, 87.032], "uv_size": [1.936, 0.936]},
								"up": {"uv": [69.032, 85.032], "uv_size": [2.936, 1.936]},
								"down": {"uv": [71.032, 86.968], "uv_size": [2.936, -1.936]}
							}
						},
						{
							"origin": [-0.5, 27.7, -4],
							"size": [1, 1, 1],
							"inflate": 0.1,
							"uv": {
								"north": {"uv": [23.032, 20.032], "uv_size": [1, 1]},
								"east": {"uv": [94.032, 76.032], "uv_size": [0.936, 1.936]},
								"south": {"uv": [97.032, 76.032], "uv_size": [0.936, 1.936]},
								"west": {"uv": [96.032, 76.032], "uv_size": [0.936, 1.936]},
								"up": {"uv": [95.032, 75.032], "uv_size": [0.936, 0.936]},
								"down": {"uv": [96.032, 75.968], "uv_size": [0.936, -0.936]}
							}
						},
						{
							"origin": [-4, 28, 0],
							"size": [8, 1, 6],
							"inflate": 0.02,
							"pivot": [0, 27, 0],
							"rotation": [45, 0, 0],
							"uv": {
								"north": {"uv": [100.032, 98.032], "uv_size": [8, 1]},
								"east": {"uv": [50.032, 21.032], "uv_size": [6, 1]},
								"south": {"uv": [114.032, 98.032], "uv_size": [8, 1]},
								"west": {"uv": [64.032, 21.032], "uv_size": [6, 1]},
								"up": {"uv": [36.032, 11.032], "uv_size": [7.936, 5.936]},
								"down": {"uv": [2.032, 35.968], "uv_size": [7.936, -5.936]}
							}
						},
						{
							"origin": [-3, 28.2, -3],
							"size": [6, 1, 3],
							"inflate": 0.2,
							"uv": {
								"north": {"uv": [48.032, 16.032], "uv_size": [5.936, 1.936]},
								"east": {"uv": [47.032, 15.032], "uv_size": [2.936, 1.936]},
								"west": {"uv": [55.032, 15.032], "uv_size": [2.936, 1.936]}
							}
						},
						{
							"origin": [-3, 28.5, -3],
							"size": [6, 2, 3],
							"inflate": 0.1,
							"uv": {
								"north": {"uv": [67.032, 118.032], "uv_size": [5.936, 1.936]},
								"east": {"uv": [66.032, 117.032], "uv_size": [2.936, 1.936]},
								"west": {"uv": [74.032, 117.032], "uv_size": [2.936, 1.936]}
							}
						},
						{
							"origin": [-3, 27.6, -3],
							"size": [6, 2, 3],
							"uv": {
								"north": {"uv": [48.032, 19.032], "uv_size": [5.936, 1.936]},
								"east": {"uv": [47.032, 18.032], "uv_size": [2.936, 1.936]},
								"west": {"uv": [55.032, 18.032], "uv_size": [2.936, 1.936]}
							}
						}
					]
				},
				{
					"name": "bone3",
					"parent": "jaw",
					"pivot": [0, 28, -2],
					"cubes": [
						{"origin": [-4, 27.7, -4.6], "size": [8, 1, 4], "inflate": 0.03, "uv": [65, 106]}
					]
				},
				{
					"name": "bone5",
					"parent": "jaw",
					"pivot": [0, 28.7, -1.5],
					"cubes": [
						{"origin": [-3, 27.2, -3], "size": [6, 2, 3], "inflate": 0.22, "uv": [67, 112]}
					]
				},
				{
					"name": "headendo",
					"parent": "head",
					"pivot": [0, 31, 3],
					"cubes": [
						{
							"origin": [-3, 33, 0.9],
							"size": [6, 5, 2],
							"uv": {
								"north": {"uv": [118.032, 10.032], "uv_size": [5.936, 4.936]},
								"east": {"uv": [106.968, 16.032], "uv_size": [-1.936, 4.936]},
								"south": {"uv": [99.032, 16.032], "uv_size": [5.936, 4.936]},
								"west": {"uv": [98.968, 16.032], "uv_size": [-1.936, 4.936]},
								"up": {"uv": [99.032, 15.032], "uv_size": [5.936, 1.936]},
								"down": {"uv": [99.032, 22.968], "uv_size": [5.936, -1.936]}
							}
						},
						{
							"origin": [-2, 30, 0.9],
							"size": [4, 4, 2],
							"uv": {
								"north": {"uv": [109.032, 21.032], "uv_size": [3.936, 3.936]},
								"east": {"uv": [123.032, 21.032], "uv_size": [1.936, 3.936]},
								"south": {"uv": [119.032, 21.032], "uv_size": [3.936, 3.936]},
								"west": {"uv": [117.032, 21.032], "uv_size": [1.936, 3.936]},
								"up": {"uv": [119.032, 19.032], "uv_size": [3.936, 1.936]},
								"down": {"uv": [119.032, 25.968], "uv_size": [3.936, -1.936]}
							}
						},
						{"origin": [-1.5, 29.5, 1.5], "size": [3, 3, 2], "uv": [89, 26], "mirror": true},
						{
							"origin": [-4, 30, 2],
							"size": [8, 5, 0],
							"uv": {
								"north": {"uv": [107.032, 20.032], "uv_size": [7.936, 4.936]}
							}
						},
						{
							"origin": [-1.5, 32.5, -1],
							"size": [3, 1, 2],
							"inflate": 0.1,
							"uv": {
								"north": {"uv": [42.032, 89.032], "uv_size": [2.936, 0.936]},
								"east": {"uv": [41.032, 88.032], "uv_size": [1.936, 0.936]},
								"south": {"uv": [47.032, 88.032], "uv_size": [2.936, 0.936]},
								"west": {"uv": [45.032, 88.032], "uv_size": [1.936, 0.936]},
								"up": {"uv": [36.032, 86.032], "uv_size": [2.936, 1.936]},
								"down": {"uv": [36.032, 89.968], "uv_size": [2.936, -1.936]}
							}
						},
						{
							"origin": [-1.5, 32, -1],
							"size": [3, 1, 2],
							"uv": {
								"north": {"uv": [56.032, 91.032], "uv_size": [2.936, 0.936]},
								"east": {"uv": [54.032, 91.032], "uv_size": [1.936, 0.936]},
								"south": {"uv": [60.032, 91.032], "uv_size": [2.936, 0.936]},
								"west": {"uv": [58.032, 91.032], "uv_size": [1.936, 0.936]},
								"up": {"uv": [56.032, 89.032], "uv_size": [2.936, 1.936]},
								"down": {"uv": [58.032, 90.968], "uv_size": [2.936, -1.936]}
							}
						}
					]
				},
				{
					"name": "earR2",
					"parent": "headendo",
					"pivot": [2.55, 37.5, 1.5],
					"rotation": [0, 0, 75],
					"cubes": [
						{
							"origin": [0.9787, 38.62632, 1],
							"size": [3, 3, 1],
							"inflate": 0.1,
							"uv": {
								"north": {"uv": [44.032, 7.032], "uv_size": [2.936, 2.936]},
								"east": {"uv": [43.032, 7.032], "uv_size": [0.936, 2.936]},
								"south": {"uv": [48.032, 7.032], "uv_size": [2.936, 2.936]},
								"west": {"uv": [47.032, 7.032], "uv_size": [0.936, 2.936]},
								"up": {"uv": [44.032, 6.032], "uv_size": [2.936, 0.936]},
								"down": {"uv": [44.032, 1.968], "uv_size": [2.936, -0.936]}
							}
						},
						{
							"origin": [2.08242, 37.54261, 1],
							"size": [1, 1, 1],
							"uv": {
								"north": {"uv": [35.032, 7.032], "uv_size": [0.936, 0.936]},
								"east": {"uv": [34.032, 7.032], "uv_size": [0.936, 0.936]},
								"south": {"uv": [37.032, 7.032], "uv_size": [0.936, 0.936]},
								"west": {"uv": [36.032, 7.032], "uv_size": [0.936, 0.936]},
								"up": {"uv": [35.032, 6.032], "uv_size": [0.936, 0.936]},
								"down": {"uv": [36.032, 6.968], "uv_size": [0.936, -0.936]}
							}
						}
					]
				},
				{
					"name": "earL",
					"parent": "headendo",
					"pivot": [-2.55, 37.5, 1.5],
					"rotation": [0, 0, -75],
					"cubes": [
						{
							"origin": [-3.9787, 38.62632, 1],
							"size": [3, 3, 1],
							"inflate": 0.1,
							"uv": {
								"north": {"uv": [44.032, 2.032], "uv_size": [2.936, 2.936]},
								"east": {"uv": [43.032, 2.032], "uv_size": [0.936, 2.936]},
								"south": {"uv": [48.032, 2.032], "uv_size": [2.936, 2.936]},
								"west": {"uv": [47.032, 2.032], "uv_size": [0.936, 2.936]},
								"up": {"uv": [44.032, 1.032], "uv_size": [2.936, 0.936]},
								"down": {"uv": [46.968, 1.968], "uv_size": [-2.936, -0.936]}
							}
						},
						{
							"origin": [-3.08242, 37.54261, 1],
							"size": [1, 1, 1],
							"uv": {
								"north": {"uv": [33.032, 6.032], "uv_size": [0.936, 0.936]},
								"east": {"uv": [32.032, 6.032], "uv_size": [0.936, 0.936]},
								"south": {"uv": [35.032, 6.032], "uv_size": [0.936, 0.936]},
								"west": {"uv": [34.032, 6.032], "uv_size": [0.936, 0.936]},
								"up": {"uv": [33.032, 5.032], "uv_size": [0.936, 0.936]},
								"down": {"uv": [34.032, 5.968], "uv_size": [0.936, -0.936]}
							}
						}
					]
				},
				{
					"name": "eyes",
					"parent": "headendo",
					"pivot": [-2, 28, 1]
				},
				{
					"name": "eyeL",
					"parent": "eyes",
					"pivot": [-2, 28, 1],
					"cubes": [
						{
							"origin": [-3, 34, -1],
							"size": [2, 2, 2],
							"uv": {
								"north": {"uv": [108.032, 10.032], "uv_size": [1.936, 1.936]},
								"east": {"uv": [106.032, 10.032], "uv_size": [1.936, 1.936]},
								"south": {"uv": [47.032, 77.032], "uv_size": [1.936, 1.936]},
								"west": {"uv": [107.968, 10.032], "uv_size": [-1.936, 1.936]},
								"up": {"uv": [43.032, 75.032], "uv_size": [1.936, 1.936]},
								"down": {"uv": [108.032, 10.968], "uv_size": [1.936, -1.936]}
							}
						}
					]
				},
				{
					"name": "pupil",
					"parent": "eyeL",
					"pivot": [-2, 35, -0.65],
					"cubes": [
						{
							"origin": [-2.5, 34.5, -1.15],
							"size": [1, 1, 1],
							"uv": {
								"north": {"uv": [108.032, 15.032], "uv_size": [0.936, 0.936]}
							}
						},
						{
							"origin": [-2.25, 34.75, -1.3],
							"size": [0.5, 0.5, 1],
							"uv": {
								"north": {"uv": [113.032, 16.032], "uv_size": [0.936, 0.936]}
							}
						},
						{
							"origin": [-2.5, 34.5, -1.3],
							"size": [1, 1, 1],
							"inflate": -0.2,
							"uv": {
								"north": {"uv": [108.032, 16.032], "uv_size": [0.936, 0.936]}
							}
						}
					]
				},
				{
					"name": "eyelid",
					"parent": "eyeL",
					"pivot": [-2, 35.55, 1]
				},
				{
					"name": "eyeR",
					"parent": "eyes",
					"pivot": [2, 28, 1],
					"cubes": [
						{
							"origin": [1, 34, -1],
							"size": [2, 2, 2],
							"uv": {
								"north": {"uv": [112.032, 10.032], "uv_size": [1.936, 1.936]},
								"east": {"uv": [115.968, 10.032], "uv_size": [-1.936, 1.936]},
								"south": {"uv": [62.032, 64.032], "uv_size": [1.936, 1.936]},
								"west": {"uv": [114.032, 10.032], "uv_size": [1.936, 1.936]},
								"up": {"uv": [58.032, 62.032], "uv_size": [1.936, 1.936]},
								"down": {"uv": [112.032, 10.968], "uv_size": [1.936, -1.936]}
							}
						}
					]
				},
				{
					"name": "pupil2",
					"parent": "eyeR",
					"pivot": [2, 35, -0.65],
					"cubes": [
						{
							"origin": [1.5, 34.5, -1.15],
							"size": [1, 1, 1],
							"uv": {
								"north": {"uv": [113.032, 15.032], "uv_size": [0.936, 0.936]}
							}
						},
						{
							"origin": [1.75, 34.75, -1.3],
							"size": [0.5, 0.5, 1],
							"uv": {
								"north": {"uv": [113.032, 16.032], "uv_size": [0.936, 0.936]}
							}
						}
					]
				},
				{
					"name": "eyelid2",
					"parent": "eyeR",
					"pivot": [2, 35.5, 1]
				},
				{
					"name": "bone14",
					"parent": "head",
					"pivot": [0, 35, 1],
					"cubes": [
						{
							"origin": [-8, 27, -7],
							"size": [16, 16, 16],
							"uv": {
								"north": {"uv": [102.032, 69.032], "uv_size": [15.936, 15.936]},
								"east": {"uv": [85.032, 82.032], "uv_size": [15.936, 15.936]},
								"south": {"uv": [85.032, 82.032], "uv_size": [15.936, 15.936]},
								"west": {"uv": [85.032, 82.032], "uv_size": [15.936, 15.936]},
								"up": {"uv": [85.032, 82.032], "uv_size": [15.936, 15.936]},
								"down": {"uv": [85.032, 82.032], "uv_size": [15.936, 15.936]}
							}
						}
					]
				},
				{
					"name": "neck",
					"parent": "feddyHed",
					"pivot": [0, 20, 2]
				},
				{
					"name": "feddybod",
					"parent": "upperpart",
					"pivot": [0, 15, 2]
				},
				{
					"name": "bodysuit",
					"parent": "feddybod",
					"pivot": [0, 15, 2],
					"cubes": [
						{
							"origin": [-4, 24, -2],
							"size": [8, 4, 7],
							"uv": {
								"north": {"uv": [14.032, 44.032], "uv_size": [7.936, 3.936]},
								"east": {"uv": [7.032, 44.032], "uv_size": [6.936, 3.936]},
								"south": {"uv": [29.032, 44.032], "uv_size": [7.936, 3.936]},
								"west": {"uv": [22.032, 44.032], "uv_size": [6.936, 3.936]},
								"up": {"uv": [14.032, 37.032], "uv_size": [7.936, 6.936]},
								"down": {"uv": [22.032, 43.968], "uv_size": [7.936, -6.936]}
							}
						},
						{"origin": [-5, 17, 4], "size": [10, 10, 0], "pivot": [0, 27, 4], "rotation": [-7.5, 0, 0], "uv": [19, 118]},
						{
							"origin": [-5, 17, -3],
							"size": [10, 7, 9],
							"inflate": 0.01,
							"uv": {
								"north": {"uv": [13.032, 58.032], "uv_size": [9.936, 6.936]},
								"east": {"uv": [4.032, 58.032], "uv_size": [8.936, 6.936]},
								"south": {"uv": [32.032, 58.032], "uv_size": [10, 7]},
								"west": {"uv": [23.032, 58.032], "uv_size": [9, 7]},
								"up": {"uv": [13.032, 49.032], "uv_size": [9.936, 8.936]},
								"down": {"uv": [23.032, 57.968], "uv_size": [9.936, -8.936]}
							}
						},
						{
							"origin": [3.5, 26.5, 0],
							"size": [3, 2, 4],
							"inflate": 0.01,
							"pivot": [5, 27, 2],
							"rotation": [0, 0, -10],
							"uv": {
								"north": {"uv": [72.968, 75.032], "uv_size": [-2.936, 1.936]},
								"east": {"uv": [72.968, 75.032], "uv_size": [-2.936, 1.936]},
								"south": {"uv": [68.968, 75.032], "uv_size": [-2.936, 1.936]},
								"west": {"uv": [69.968, 75.032], "uv_size": [-3.936, 1.936]},
								"up": {"uv": [72.968, 71.032], "uv_size": [-2.936, 3.936]},
								"down": {"uv": [70.032, 74.968], "uv_size": [2.936, -3.936]}
							}
						},
						{
							"origin": [-6.5, 26.5, 0],
							"size": [3, 2, 4],
							"inflate": 0.01,
							"pivot": [-5, 27, 2],
							"rotation": [0, 0, 10],
							"uv": {
								"north": {"uv": [70.032, 75.032], "uv_size": [2.936, 1.936]},
								"east": {"uv": [66.032, 75.032], "uv_size": [3.936, 1.936]},
								"south": {"uv": [66.032, 75.032], "uv_size": [2.936, 1.936]},
								"west": {"uv": [70.032, 75.032], "uv_size": [2.936, 1.936]},
								"up": {"uv": [70.032, 71.032], "uv_size": [2.936, 3.936]},
								"down": {"uv": [72.968, 74.968], "uv_size": [-2.936, -3.936]}
							}
						}
					]
				},
				{
					"name": "Hatch",
					"parent": "bodysuit",
					"pivot": [-4, 20.75, -3],
					"cubes": [
						{"origin": [-4, 17, -3], "size": [8, 7, 1], "uv": [0, 120]},
						{"origin": [-3, 24, -2], "size": [6, 2, 0], "uv": [2, 118]}
					]
				},
				{
					"name": "belly2",
					"parent": "bodysuit",
					"pivot": [-3.9, 22, -3]
				},
				{
					"name": "Bowtie",
					"parent": "belly2",
					"pivot": [0, 26.25533, -2.53824],
					"rotation": [-7.5, 0, 0],
					"cubes": [
						{
							"origin": [1, 26.05533, -2.32233],
							"size": [2, 2, 0],
							"pivot": [1, 26.05533, -2.33233],
							"rotation": [0, 22.5, 0],
							"uv": {
								"north": {"uv": [19, 30], "uv_size": [2, 2]},
								"east": {"uv": [9, 42], "uv_size": [0, 4]},
								"west": {"uv": [3, 42], "uv_size": [0, 4]},
								"up": {"uv": [9, 42], "uv_size": [-6, 0]},
								"down": {"uv": [9, 41], "uv_size": [-6, 0]}
							}
						},
						{
							"origin": [0.5, 24.55533, -2.33233],
							"size": [2, 2, 0],
							"pivot": [1, 24.05533, -2.33233],
							"rotation": [0, 22.5, 0],
							"uv": {
								"north": {"uv": [19, 32], "uv_size": [2, 2]},
								"east": {"uv": [9, 42], "uv_size": [0, 4]},
								"west": {"uv": [3, 42], "uv_size": [0, 4]},
								"up": {"uv": [9, 42], "uv_size": [-6, 0]},
								"down": {"uv": [9, 41], "uv_size": [-6, 0]}
							}
						},
						{
							"origin": [-2.5, 24.55533, -2.33233],
							"size": [2, 2, 0],
							"pivot": [-1, 23.05533, -2.33233],
							"rotation": [0, -22.5, 0],
							"uv": {
								"north": {"uv": [15, 32], "uv_size": [2, 2]},
								"east": {"uv": [3, 42], "uv_size": [0, 4]},
								"west": {"uv": [9, 42], "uv_size": [0, 4]},
								"up": {"uv": [3, 42], "uv_size": [6, 0]},
								"down": {"uv": [3, 41], "uv_size": [6, 0]}
							}
						},
						{
							"origin": [-3, 26.05533, -2.32233],
							"size": [2, 2, 0],
							"pivot": [-1, 26.05533, -2.33233],
							"rotation": [0, -22.5, 0],
							"uv": {
								"north": {"uv": [15, 30], "uv_size": [2, 2]},
								"east": {"uv": [3, 42], "uv_size": [0, 4]},
								"west": {"uv": [9, 42], "uv_size": [0, 4]},
								"up": {"uv": [3, 42], "uv_size": [6, 0]},
								"down": {"uv": [3, 41], "uv_size": [6, 0]}
							}
						},
						{
							"origin": [-1, 25.05533, -2.73233],
							"size": [2, 2, 1],
							"uv": {
								"north": {"uv": [17, 31], "uv_size": [2, 2]},
								"east": {"uv": [17, 31], "uv_size": [1, 2]},
								"south": {"uv": [17, 31], "uv_size": [2, 2]},
								"west": {"uv": [19, 31], "uv_size": [-1, 2]},
								"up": {"uv": [17, 31], "uv_size": [2, 1]},
								"down": {"uv": [17, 33], "uv_size": [2, -1]}
							}
						}
					]
				},
				{
					"name": "endobody",
					"parent": "feddybod",
					"pivot": [-0.28571, 22.53571, 1.31429],
					"cubes": [
						{
							"origin": [5, 25, 1],
							"size": [2, 2, 2],
							"uv": {
								"north": {"uv": [116.032, 28.032], "uv_size": [1.936, 1.936]},
								"east": {"uv": [116.032, 28.032], "uv_size": [1.936, 1.936]},
								"south": {"uv": [116.032, 28.032], "uv_size": [1.936, 1.936]},
								"west": {"uv": [116.032, 28.032], "uv_size": [1.936, 1.936]},
								"up": {"uv": [117.968, 29.968], "uv_size": [-1.936, -1.936]},
								"down": {"uv": [117.968, 29.968], "uv_size": [-1.936, -1.936]}
							}
						},
						{
							"origin": [-7, 25, 1],
							"size": [2, 2, 2],
							"uv": {
								"north": {"uv": [104.032, 28.032], "uv_size": [1.936, 1.936]},
								"east": {"uv": [104.032, 28.032], "uv_size": [1.936, 1.936]},
								"south": {"uv": [104.032, 28.032], "uv_size": [1.936, 1.936]},
								"west": {"uv": [104.032, 28.032], "uv_size": [1.936, 1.936]},
								"up": {"uv": [105.968, 29.968], "uv_size": [-1.936, -1.936]},
								"down": {"uv": [105.968, 29.968], "uv_size": [-1.936, -1.936]}
							}
						},
						{"origin": [-0.5, 23, -1], "size": [1, 1, 2], "uv": [90, 32], "mirror": true},
						{
							"origin": [-1, 16, 1],
							"size": [2, 9, 2],
							"uv": {
								"north": {"uv": [110.032, 30.032], "uv_size": [1.936, 8.936]},
								"east": {"uv": [111.968, 30.032], "uv_size": [-1.936, 8.936]},
								"south": {"uv": [110.032, 30.032], "uv_size": [1.936, 8.936]},
								"west": {"uv": [111.968, 30.032], "uv_size": [-1.936, 8.936]},
								"up": {"uv": [110.032, 37.032], "uv_size": [1.936, 1.936]},
								"down": {"uv": [110.032, 38.968], "uv_size": [1.936, -1.936]}
							}
						},
						{"origin": [-3, 18, 0], "size": [2, 3, 2], "inflate": -0.1, "uv": [77, 43], "mirror": true},
						{"origin": [-5, 18, 0], "size": [2, 3, 2], "inflate": -0.1, "uv": [77, 43], "mirror": true},
						{"origin": [-5, 18, 0], "size": [4, 2, 2], "uv": [75, 48], "mirror": true},
						{"origin": [-0.5, 21, 0.9], "size": [1, 1, 0], "uv": [98, 35], "mirror": true},
						{
							"origin": [-5, 16, 2],
							"size": [10, 9, 0],
							"uv": {
								"north": {"uv": [106.032, 30.032], "uv_size": [9.936, 8.936]}
							}
						},
						{"origin": [1.5, 18, 0], "size": [3, 3, 3], "inflate": -0.2, "uv": [85, 42]},
						{"origin": [1, 19, 1], "size": [2, 1, 1], "uv": [79, 39], "mirror": true},
						{
							"origin": [-3.5, 27, 2],
							"size": [7, 3, 0],
							"uv": {
								"north": {"uv": [107.032, 25.032], "uv_size": [6.936, 2.936]}
							}
						},
						{
							"origin": [-5, 25, 1],
							"size": [10, 2, 2],
							"uv": {
								"north": {"uv": [106.032, 28.032], "uv_size": [9.936, 1.936]},
								"east": {"uv": [104.032, 30.032], "uv_size": [1.936, 1.936]},
								"south": {"uv": [106.032, 28.032], "uv_size": [9.936, 1.936]},
								"west": {"uv": [116.032, 30.032], "uv_size": [1.936, 1.936]},
								"up": {"uv": [106.032, 29.968], "uv_size": [9.936, -1.936]},
								"down": {"uv": [106.032, 29.968], "uv_size": [9.936, -1.936]}
							}
						},
						{"origin": [-0.5, 26, -2], "size": [1, 0, 3], "uv": [91, 36]}
					]
				},
				{
					"name": "bone",
					"parent": "endobody",
					"pivot": [0, 23.5, -0.7],
					"cubes": [
						{"origin": [-0.5, 17.5, -0.7], "size": [1, 3, 0], "uv": [92, 36], "mirror": true},
						{"origin": [-1, 20.5, -0.7], "size": [2, 3, 0], "uv": [92, 39], "mirror": true}
					]
				},
				{
					"name": "armL",
					"parent": "feddybod",
					"pivot": [-6, 26, 2],
					"rotation": [0, 0, 90]
				},
				{
					"name": "upper",
					"parent": "armL",
					"pivot": [-6, 25, 2],
					"cubes": [
						{
							"origin": [-7, 20, 1],
							"size": [2, 5, 2],
							"uv": {
								"north": {"uv": [104.032, 30.032], "uv_size": [1.936, 4.936]},
								"east": {"uv": [105.968, 30.032], "uv_size": [-1.936, 4.936]},
								"south": {"uv": [105.968, 30.032], "uv_size": [-1.936, 4.936]},
								"west": {"uv": [104.032, 30.032], "uv_size": [1.936, 4.936]},
								"up": {"uv": [105.968, 31.968], "uv_size": [-1.936, -1.936]},
								"down": {"uv": [105.968, 35.968], "uv_size": [-1.936, -1.936]}
							}
						},
						{
							"origin": [-7, 20, 1],
							"size": [2, 5, 2],
							"inflate": 0.15,
							"uv": {
								"north": {"uv": [102.032, 30.032], "uv_size": [1.936, 4.936]},
								"east": {"uv": [102.032, 30.032], "uv_size": [1.936, 4.936]},
								"south": {"uv": [102.032, 30.032], "uv_size": [1.936, 4.936]},
								"west": {"uv": [102.032, 30.032], "uv_size": [1.936, 4.936]}
							}
						},
						{
							"origin": [-8, 21, 0],
							"size": [4, 5, 4],
							"uv": {
								"north": {"uv": [48.032, 58.032], "uv_size": [3.936, 4.936]},
								"east": {"uv": [48.032, 58.032], "uv_size": [3.936, 4.936]},
								"south": {"uv": [48.032, 58.032], "uv_size": [3.936, 4.936]},
								"west": {"uv": [48.032, 58.032], "uv_size": [3.936, 4.936]},
								"up": {"uv": [44.032, 58.032], "uv_size": [3.936, 3.936]},
								"down": {"uv": [44.032, 61.968], "uv_size": [3.936, -3.936]}
							}
						}
					]
				},
				{
					"name": "lower",
					"parent": "armL",
					"pivot": [-6, 20.5, 2],
					"cubes": [
						{
							"origin": [-7, 15, 1],
							"size": [2, 5, 2],
							"uv": {
								"north": {"uv": [104.032, 35.032], "uv_size": [1.936, 4.936]},
								"east": {"uv": [105.968, 35.032], "uv_size": [-1.936, 4.936]},
								"south": {"uv": [105.968, 35.032], "uv_size": [-1.936, 4.936]},
								"west": {"uv": [104.032, 35.032], "uv_size": [1.936, 4.936]},
								"up": {"uv": [105.968, 35.968], "uv_size": [-1.936, -1.936]},
								"down": {"uv": [105.968, 39.968], "uv_size": [-1.936, -1.936]}
							}
						},
						{
							"origin": [-7, 15, 1],
							"size": [2, 5, 2],
							"inflate": 0.15,
							"uv": {
								"north": {"uv": [102.032, 35.032], "uv_size": [1.936, 4.936]},
								"east": {"uv": [103.968, 35.032], "uv_size": [-1.936, 4.936]},
								"south": {"uv": [102.032, 35.032], "uv_size": [1.936, 4.936]},
								"west": {"uv": [103.968, 35.032], "uv_size": [-1.936, 4.936]}
							}
						},
						{
							"origin": [-8, 16, 0],
							"size": [4, 4, 4],
							"uv": {
								"north": {"uv": [51.968, 63.032], "uv_size": [-3.936, 3.936]},
								"east": {"uv": [48.032, 63.032], "uv_size": [3.936, 3.936]},
								"south": {"uv": [51.968, 63.032], "uv_size": [-3.936, 3.936]},
								"west": {"uv": [48.032, 63.032], "uv_size": [3.936, 3.936]},
								"up": {"uv": [44.032, 58.032], "uv_size": [3.936, 3.936]},
								"down": {"uv": [44.032, 61.968], "uv_size": [3.936, -3.936]}
							}
						}
					]
				},
				{
					"name": "hand",
					"parent": "lower",
					"pivot": [-6, 14, 2],
					"cubes": [
						{
							"origin": [-7, 12, 0],
							"size": [2, 3, 4],
							"uv": {
								"north": {"uv": [48.032, 53.032], "uv_size": [1.936, 2.936]},
								"east": {"uv": [44.032, 53.032], "uv_size": [3.936, 2.936]},
								"south": {"uv": [54.032, 53.032], "uv_size": [1.936, 2.936]},
								"west": {"uv": [50.032, 53.032], "uv_size": [3.936, 2.936]},
								"up": {"uv": [48.032, 49.032], "uv_size": [1.936, 3.936]},
								"down": {"uv": [50.032, 52.968], "uv_size": [1.936, -3.936]}
							}
						}
					]
				},
				{
					"name": "Gift",
					"parent": "hand",
					"pivot": [-5, 13, 2],
					"cubes": [
						{
							"origin": [-5, 10, -1],
							"size": [4, 6, 6],
							"uv": {
								"north": {"uv": [42.032, 121.032], "uv_size": [3.936, 5.936]},
								"east": {"uv": [47.032, 115.032], "uv_size": [5.936, 5.936]},
								"south": {"uv": [42.032, 121.032], "uv_size": [3.936, 5.936]},
								"west": {"uv": [46.032, 121.032], "uv_size": [5.936, 5.936]},
								"up": {"uv": [42.032, 121.032], "uv_size": [3.936, 5.936]},
								"down": {"uv": [42.032, 126.968], "uv_size": [3.936, -5.936]}
							}
						},
						{
							"origin": [-1, 12, -1.5],
							"size": [2, 2, 7],
							"inflate": 0.01,
							"uv": {
								"north": {"uv": [54.032, 126.032], "uv_size": [1.936, 1.936]},
								"east": {"uv": [52.032, 121.032], "uv_size": [1.936, 6.936], "uv_rotation": 90},
								"south": {"uv": [55.968, 126.032], "uv_size": [-1.936, 1.936]},
								"west": {"uv": [52.032, 121.032], "uv_size": [1.936, 6.936], "uv_rotation": 90},
								"up": {"uv": [52.032, 121.032], "uv_size": [1.936, 6.936]},
								"down": {"uv": [52.032, 127.968], "uv_size": [1.936, -6.936]}
							}
						},
						{
							"origin": [-1, 12, -1.5],
							"size": [2, 2, 7],
							"inflate": 0.01,
							"pivot": [0, 13, 2],
							"rotation": [-90, 0, 0],
							"uv": {
								"north": {"uv": [54.032, 126.032], "uv_size": [1.936, 1.936]},
								"east": {"uv": [52.032, 121.032], "uv_size": [1.936, 6.936], "uv_rotation": 90},
								"south": {"uv": [55.968, 126.032], "uv_size": [-1.936, 1.936]},
								"west": {"uv": [52.032, 121.032], "uv_size": [1.936, 6.936], "uv_rotation": 90},
								"up": {"uv": [52.032, 121.032], "uv_size": [1.936, 6.936]},
								"down": {"uv": [52.032, 127.968], "uv_size": [1.936, -6.936]}
							}
						},
						{
							"origin": [1, 12, 1],
							"size": [1, 2, 2],
							"uv": {
								"north": {"uv": [39.032, 124.968], "uv_size": [0.936, -1.936]},
								"east": {"uv": [53.032, 117.032], "uv_size": [1.936, 1.936]},
								"south": {"uv": [39.032, 123.032], "uv_size": [0.936, 1.936]},
								"west": {"uv": [53.032, 119.032], "uv_size": [1.936, 1.936]},
								"up": {"uv": [39.032, 123.032], "uv_size": [0.936, 1.936]},
								"down": {"uv": [39.968, 123.032], "uv_size": [-0.936, 1.936]}
							}
						},
						{
							"origin": [0, 12.5, 1],
							"size": [2, 3, 2],
							"pivot": [2, 12.5, 2],
							"rotation": [0, 0, 27.5],
							"uv": {
								"north": {"uv": [46.032, 127.032], "uv_size": [1.936, 0.936]},
								"east": {"uv": [54.032, 125.968], "uv_size": [1.936, -2.936]},
								"south": {"uv": [48.032, 127.032], "uv_size": [1.936, 0.936]},
								"west": {"uv": [54.032, 125.968], "uv_size": [1.936, -2.936]},
								"up": {"uv": [54.032, 121.032], "uv_size": [1.936, 1.936]},
								"down": {"uv": [54.032, 122.968], "uv_size": [1.936, -1.936]}
							}
						},
						{
							"origin": [0, 10.5, 1],
							"size": [2, 3, 2],
							"pivot": [2, 13.5, 2],
							"rotation": [0, 0, -27.5],
							"uv": {
								"north": {"uv": [46.032, 127.032], "uv_size": [1.936, 0.936]},
								"east": {"uv": [54.032, 123.032], "uv_size": [1.936, 2.936]},
								"south": {"uv": [48.032, 127.032], "uv_size": [1.936, 0.936]},
								"west": {"uv": [54.032, 123.032], "uv_size": [1.936, 2.936]},
								"up": {"uv": [54.032, 121.032], "uv_size": [1.936, 1.936]},
								"down": {"uv": [54.032, 122.968], "uv_size": [1.936, -1.936]}
							}
						},
						{
							"origin": [-1, 9.5, -1.5],
							"size": [2, 7, 7],
							"uv": {
								"north": {"uv": [40.032, 121.032], "uv_size": [1.936, 6.936]},
								"east": {"uv": [40.032, 114.032], "uv_size": [6.936, 6.936]},
								"south": {"uv": [40.032, 121.032], "uv_size": [1.936, 6.936]},
								"west": {"uv": [40.032, 114.032], "uv_size": [6.936, 6.936]},
								"up": {"uv": [40.032, 121.032], "uv_size": [1.936, 6.936]},
								"down": {"uv": [40.032, 127.968], "uv_size": [1.936, -6.936]}
							}
						}
					]
				},
				{
					"name": "fingers",
					"parent": "hand",
					"pivot": [-7, 12, 2],
					"cubes": [
						{
							"origin": [-7, 10, 0],
							"size": [2, 2, 4],
							"uv": {
								"north": {"uv": [82.032, 72.032], "uv_size": [1.936, 1.936]},
								"east": {"uv": [78.032, 72.032], "uv_size": [3.936, 1.936]},
								"south": {"uv": [88.032, 72.032], "uv_size": [1.936, 1.936]},
								"west": {"uv": [84.032, 72.032], "uv_size": [3.936, 1.936]},
								"up": {"uv": [82.032, 68.032], "uv_size": [1.936, 3.936]},
								"down": {"uv": [84.032, 71.968], "uv_size": [1.936, -3.936]}
							}
						}
					]
				},
				{
					"name": "bone2",
					"parent": "hand",
					"pivot": [-7, 15, 0]
				},
				{
					"name": "thumb",
					"parent": "bone2",
					"pivot": [-7, 14, 0],
					"cubes": [
						{
							"origin": [-7, 13, -2],
							"size": [2, 2, 2],
							"inflate": 0.1,
							"uv": {
								"north": {"uv": [59.032, 60.032], "uv_size": [1.936, 1.936]},
								"east": {"uv": [56.032, 60.032], "uv_size": [1.936, 1.936]},
								"south": {"uv": [64.032, 60.032], "uv_size": [1.936, 1.936]},
								"west": {"uv": [61.032, 60.032], "uv_size": [1.936, 1.936]},
								"up": {"uv": [59.032, 57.032], "uv_size": [1.936, 1.936]},
								"down": {"uv": [61.032, 58.968], "uv_size": [1.936, -1.936]}
							}
						}
					]
				},
				{
					"name": "item",
					"parent": "hand",
					"pivot": [-5, 13, -0.5],
					"cubes": [
						{
							"origin": [-6, 12, -1],
							"size": [2, 2, 5],
							"uv": {
								"north": {"uv": [77.032, 28.032], "uv_size": [1.936, 1.936]},
								"east": {"uv": [72.032, 28.032], "uv_size": [4.936, 1.936]},
								"south": {"uv": [84.032, 28.032], "uv_size": [1.936, 1.936]},
								"west": {"uv": [79.032, 28.032], "uv_size": [4.936, 1.936]},
								"up": {"uv": [77.032, 23.032], "uv_size": [1.936, 4.936]},
								"down": {"uv": [79.032, 27.968], "uv_size": [1.936, -4.936]}
							}
						},
						{
							"origin": [-5.5, 11.5, -11.2],
							"size": [0, 3, 10],
							"uv": {
								"north": {"uv": [86.032, 3.032], "uv_size": [3, 0], "uv_rotation": 90},
								"east": {"uv": [83.032, 3.032], "uv_size": [3, 10], "uv_rotation": 90},
								"south": {"uv": [89.032, 3.032], "uv_size": [0, 3]},
								"west": {"uv": [99.032, 3.032], "uv_size": [3, 10], "uv_rotation": 270},
								"up": {"uv": [92.032, 13.032], "uv_size": [0, -10]},
								"down": {"uv": [92.032, 13.032], "uv_size": [0, -10], "uv_rotation": 180}
							}
						},
						{"origin": [-4, 13, 3], "size": [0, 16, 4], "pivot": [-5, 13, 4], "rotation": [90, 0, 180], "uv": [108, 101]},
						{
							"origin": [-6, 12, -1],
							"size": [1, 2, 5],
							"inflate": 0.2,
							"uv": {
								"north": {"uv": [92.032, 12.032], "uv_size": [2, 1], "uv_rotation": 90},
								"east": {"uv": [92.032, 6.032], "uv_size": [1.936, 4.936], "uv_rotation": 90},
								"south": {"uv": [92.032, 12.032], "uv_size": [2, 1], "uv_rotation": 90},
								"west": {"uv": [93.968, 6.032], "uv_size": [-1.936, 4.936], "uv_rotation": 270},
								"up": {"uv": [93.032, 11.032], "uv_size": [-1, -5]},
								"down": {"uv": [93.032, 11.032], "uv_size": [-1, -5], "uv_rotation": 180}
							}
						}
					]
				},
				{
					"name": "armR",
					"parent": "feddybod",
					"pivot": [6, 26, 2],
					"rotation": [0, 0, -90]
				},
				{
					"name": "upper2",
					"parent": "armR",
					"pivot": [6, 26, 2],
					"cubes": [
						{
							"origin": [5, 20, 1],
							"size": [2, 5, 2],
							"uv": {
								"north": {"uv": [117.968, 30.032], "uv_size": [-1.936, 4.936]},
								"east": {"uv": [117.968, 30.032], "uv_size": [-1.936, 4.936]},
								"south": {"uv": [117.968, 30.032], "uv_size": [-1.936, 4.936]},
								"west": {"uv": [117.968, 30.032], "uv_size": [-1.936, 4.936]},
								"up": {"uv": [117.968, 30.032], "uv_size": [-1.936, 1.936]},
								"down": {"uv": [117.968, 29.968], "uv_size": [-1.936, -1.936]}
							}
						},
						{
							"origin": [5, 20, 1],
							"size": [2, 5, 2],
							"inflate": 0.15,
							"uv": {
								"north": {"uv": [118.032, 30.032], "uv_size": [1.936, 4.936]},
								"east": {"uv": [118.032, 30.032], "uv_size": [1.936, 4.936]},
								"south": {"uv": [118.032, 30.032], "uv_size": [1.936, 4.936]},
								"west": {"uv": [118.032, 30.032], "uv_size": [1.936, 4.936]}
							}
						},
						{
							"origin": [4, 21, 0],
							"size": [4, 5, 4],
							"uv": {
								"north": {"uv": [48.032, 69.032], "uv_size": [3.936, 4.936]},
								"east": {"uv": [48.032, 69.032], "uv_size": [3.936, 4.936]},
								"south": {"uv": [48.032, 69.032], "uv_size": [3.936, 4.936]},
								"west": {"uv": [48.032, 69.032], "uv_size": [3.936, 4.936]},
								"up": {"uv": [44.032, 69.032], "uv_size": [3.936, 3.936]},
								"down": {"uv": [52.032, 72.968], "uv_size": [3.936, -3.936]}
							}
						}
					]
				},
				{
					"name": "lower2",
					"parent": "armR",
					"pivot": [6, 20.5, 2],
					"cubes": [
						{
							"origin": [5, 15, 1],
							"size": [2, 5, 2],
							"uv": {
								"north": {"uv": [116.032, 35.032], "uv_size": [1.936, 4.936]},
								"east": {"uv": [117.968, 35.032], "uv_size": [-1.936, 4.936]},
								"south": {"uv": [116.032, 35.032], "uv_size": [1.936, 4.936]},
								"west": {"uv": [117.968, 35.032], "uv_size": [-1.936, 4.936]},
								"up": {"uv": [117.968, 35.968], "uv_size": [-1.936, -1.936]},
								"down": {"uv": [117.968, 38.968], "uv_size": [-1.936, -1.936]}
							}
						},
						{
							"origin": [5, 15, 1],
							"size": [2, 5, 2],
							"inflate": 0.15,
							"uv": {
								"north": {"uv": [118.032, 35.032], "uv_size": [1.936, 4.936]},
								"east": {"uv": [119.968, 35.032], "uv_size": [-1.936, 4.936]},
								"south": {"uv": [118.032, 35.032], "uv_size": [1.936, 4.936]},
								"west": {"uv": [119.968, 35.032], "uv_size": [-1.936, 4.936]}
							}
						},
						{
							"origin": [4, 16, 0],
							"size": [4, 4, 4],
							"uv": {
								"north": {"uv": [51.968, 74.032], "uv_size": [-3.936, 3.936]},
								"east": {"uv": [48.032, 74.032], "uv_size": [3.936, 3.936]},
								"south": {"uv": [48.032, 74.032], "uv_size": [3.936, 3.936]},
								"west": {"uv": [48.032, 74.032], "uv_size": [3.936, 3.936]},
								"up": {"uv": [52.032, 69.032], "uv_size": [3.936, 3.936]},
								"down": {"uv": [52.032, 72.968], "uv_size": [3.936, -3.936]}
							}
						}
					]
				},
				{
					"name": "hand2",
					"parent": "lower2",
					"pivot": [6, 15, 2],
					"cubes": [
						{
							"origin": [5, 12, 0],
							"size": [2, 3, 4],
							"uv": {
								"north": {"uv": [49.968, 53.032], "uv_size": [-1.936, 2.936]},
								"east": {"uv": [50.032, 53.032], "uv_size": [3.936, 2.936]},
								"south": {"uv": [55.968, 53.032], "uv_size": [-1.936, 2.936]},
								"west": {"uv": [44.032, 53.032], "uv_size": [3.936, 2.936]},
								"up": {"uv": [48.032, 49.032], "uv_size": [1.936, 3.936]},
								"down": {"uv": [82.032, 33.968], "uv_size": [1.936, -3.936]}
							}
						}
					]
				},
				{
					"name": "masktop2",
					"parent": "hand2",
					"pivot": [1, 15, 0.4],
					"rotation": [90, 0, 0],
					"cubes": [
						{
							"origin": [-3, 11, -4],
							"size": [8, 8, 8],
							"uv": {
								"north": {"uv": [54.032, 26.032], "uv_size": [7.936, 7.936]},
								"east": {"uv": [46.032, 26.032], "uv_size": [7.936, 7.936]},
								"south": {"uv": [54.032, 34.032], "uv_size": [7.936, 7.936]},
								"west": {"uv": [62.032, 26.032], "uv_size": [7.936, 7.936]},
								"up": {"uv": [69.968, 41.968], "uv_size": [-7.936, -7.936]},
								"down": {"uv": [53.968, 41.968], "uv_size": [-7.936, -7.936]}
							}
						},
						{"origin": [-3, 11, -4], "size": [8, 8, 8], "inflate": 0.01, "uv": [61, 90]},
						{"origin": [-3, 14, -1], "size": [8, 1, 0], "uv": [112, 127]},
						{"origin": [-3, 12, -1], "size": [8, 1, 0], "uv": [112, 127]},
						{"origin": [-3, 11, -2], "size": [8, 8, 0], "uv": [92, 120]},
						{"origin": [-3, 11, 1], "size": [8, 8, 0], "uv": [92, 120], "mirror": true},
						{
							"origin": [-4, 11, -4],
							"size": [10, 4, 7],
							"uv": {
								"north": {"uv": [13.032, 15.032], "uv_size": [9.936, 3.936]},
								"east": {"uv": [3.032, 15.032], "uv_size": [6.936, 3.936]},
								"south": {"uv": [1.032, 25.032], "uv_size": [9.936, 3.936]},
								"west": {"uv": [26.032, 15.032], "uv_size": [6.936, 3.936]},
								"up": {"uv": [35.032, 26.032], "uv_size": [9.936, 7.936]},
								"down": {"uv": [35.032, 42.968], "uv_size": [9.936, -6.936]}
							}
						}
					]
				},
				{
					"name": "bone12",
					"parent": "masktop2",
					"pivot": [4, 10, -2],
					"cubes": [
						{"origin": [4, 6, -2], "size": [8, 8, 0], "uv": [92, 112]}
					]
				},
				{
					"name": "bone13",
					"parent": "masktop2",
					"pivot": [-2, 10, -2],
					"cubes": [
						{"origin": [-10, 6, -2], "size": [8, 8, 0], "uv": [92, 112], "mirror": true}
					]
				},
				{
					"name": "eyebrows2",
					"parent": "masktop2",
					"pivot": [-2, 9.9, -3]
				},
				{
					"name": "eyebrowL2",
					"parent": "eyebrows2",
					"pivot": [-1, 17.4, -3.5],
					"cubes": [
						{
							"origin": [-2, 16.5, -4],
							"size": [2, 1, 1],
							"inflate": 0.1,
							"uv": {
								"north": {"uv": [15.032, 0.032], "uv_size": [1.936, 0.936]},
								"east": {"uv": [93.032, 67.032], "uv_size": [0.936, 0.936]},
								"south": {"uv": [97.032, 67.032], "uv_size": [1.936, 0.936]},
								"west": {"uv": [96.032, 67.032], "uv_size": [0.936, 0.936]},
								"up": {"uv": [94.032, 66.032], "uv_size": [1.936, 0.936]},
								"down": {"uv": [96.032, 66.968], "uv_size": [1.936, -0.936]}
							}
						}
					]
				},
				{
					"name": "eyebrowR2",
					"parent": "eyebrows2",
					"pivot": [3, 17.4, -3.5],
					"cubes": [
						{
							"origin": [2, 16.5, -4],
							"size": [2, 1, 1],
							"inflate": 0.1,
							"uv": {
								"north": {"uv": [19.032, 0.032], "uv_size": [1.936, 0.936]},
								"east": {"uv": [117.032, 67.032], "uv_size": [0.936, 0.936]},
								"south": {"uv": [121.032, 67.032], "uv_size": [1.936, 0.936]},
								"west": {"uv": [120.032, 67.032], "uv_size": [0.936, 0.936]},
								"up": {"uv": [118.032, 66.032], "uv_size": [1.936, 0.936]},
								"down": {"uv": [120.032, 66.968], "uv_size": [1.936, -0.936]}
							}
						}
					]
				},
				{
					"name": "muzzle2",
					"parent": "masktop2",
					"pivot": [1, 5, -2],
					"cubes": [
						{
							"origin": [-2.5, 11, -6],
							"size": [7, 3, 2],
							"uv": {
								"north": {"uv": [15.032, 22.032], "uv_size": [6.936, 2.936]},
								"east": {"uv": [10.032, 16.032], "uv_size": [1.936, 2.936]},
								"south": {"uv": [110.032, 88.032], "uv_size": [6.936, 2.936]},
								"west": {"uv": [25.968, 18.968], "uv_size": [-1.936, -2.936]},
								"up": {"uv": [15.032, 20.032], "uv_size": [6.936, 1.936]},
								"down": {"uv": [15.032, 25.032], "uv_size": [6.936, 1.936]}
							}
						},
						{
							"origin": [-0.5, 13, -6],
							"size": [3, 1, 2],
							"inflate": 0.15,
							"uv": {
								"north": {"uv": [54.032, 7.032], "uv_size": [2.936, 0.936]},
								"south": {"uv": [110.032, 88.032], "uv_size": [2.936, 0.936]},
								"up": {"uv": [55.032, 5.032], "uv_size": [2.936, 1.936]}
							}
						}
					]
				},
				{
					"name": "bone8",
					"parent": "muzzle2",
					"pivot": [-1, 15.5, 0],
					"rotation": [0, 5, 0],
					"cubes": [
						{"origin": [-2, 16.5, -5], "size": [2, 0, 5], "pivot": [-0.5, 16, -4.5], "rotation": [0, 0, -90], "uv": [80, 120]}
					]
				},
				{
					"name": "bone9",
					"parent": "bone8",
					"pivot": [-1, 15, -4.2],
					"rotation": [10.34527, 14.76689, 2.66399],
					"cubes": [
						{"origin": [-1.5, 14.5, -5.81], "size": [1, 1, 0], "uv": [86, 125]},
						{
							"origin": [-2, 14, -6],
							"size": [2, 2, 2],
							"inflate": -0.2,
							"uv": {
								"north": {"uv": [86.032, 126.032], "uv_size": [1.936, 1.936]},
								"east": {"uv": [86.032, 127.968], "uv_size": [1.936, -1.936]},
								"south": {"uv": [86.032, 126.032], "uv_size": [1.936, 1.936]},
								"west": {"uv": [86.032, 127.968], "uv_size": [1.936, -1.936]},
								"up": {"uv": [86.032, 127.968], "uv_size": [1.936, -1.936]},
								"down": {"uv": [86.032, 127.968], "uv_size": [1.936, -1.936]}
							}
						}
					]
				},
				{
					"name": "bone10",
					"parent": "muzzle2",
					"pivot": [3, 15.5, 0],
					"rotation": [0, -5, 0],
					"cubes": [
						{"origin": [2, 16.5, -5], "size": [2, 0, 5], "pivot": [3.5, 16, -4.5], "rotation": [0, 0, -90], "uv": [80, 120]}
					]
				},
				{
					"name": "bone11",
					"parent": "bone10",
					"pivot": [3, 15, -4.2],
					"rotation": [10.34527, -14.76689, -2.66399],
					"cubes": [
						{"origin": [2.5, 14.5, -5.81], "size": [1, 1, 0], "uv": [86, 125]},
						{
							"origin": [2, 14, -6],
							"size": [2, 2, 2],
							"inflate": -0.2,
							"uv": {
								"north": {"uv": [86.032, 126.032], "uv_size": [1.936, 1.936]},
								"east": {"uv": [86.032, 127.968], "uv_size": [1.936, -1.936]},
								"south": {"uv": [86.032, 126.032], "uv_size": [1.936, 1.936]},
								"west": {"uv": [86.032, 127.968], "uv_size": [1.936, -1.936]},
								"up": {"uv": [86.032, 127.968], "uv_size": [1.936, -1.936]},
								"down": {"uv": [86.032, 127.968], "uv_size": [1.936, -1.936]}
							}
						}
					]
				},
				{
					"name": "hat2",
					"parent": "masktop2",
					"pivot": [1, 19.5, 0],
					"cubes": [
						{
							"origin": [-1, 20, -2],
							"size": [4, 3, 4],
							"uv": {
								"north": {"uv": [28.032, 5.032], "uv_size": [3.936, 2.936]},
								"east": {"uv": [31.968, 5.032], "uv_size": [-3.936, 2.936]},
								"south": {"uv": [28.032, 5.032], "uv_size": [3.936, 2.936]},
								"west": {"uv": [31.968, 5.032], "uv_size": [-3.936, 2.936]},
								"up": {"uv": [28.032, 0.032], "uv_size": [3.936, 3.936]}
							}
						},
						{
							"origin": [-1.5, 19, -2.5],
							"size": [5, 1, 5],
							"uv": {
								"north": {"uv": [27.032, 9.032], "uv_size": [4.936, 0.936]},
								"east": {"uv": [31.968, 9.032], "uv_size": [-4.936, 0.936]},
								"south": {"uv": [27.032, 9.032], "uv_size": [4.936, 0.936]},
								"west": {"uv": [31.968, 9.032], "uv_size": [-4.936, 0.936]},
								"up": {"uv": [33.032, 3.032], "uv_size": [4.936, 4.936]}
							}
						}
					]
				},
				{
					"name": "earR",
					"parent": "masktop2",
					"pivot": [3.55, 17.5, -0.5],
					"rotation": [0, 0, 75],
					"cubes": [
						{
							"origin": [1.9787, 18.62632, -1],
							"size": [3, 3, 1],
							"inflate": 0.1,
							"uv": {
								"north": {"uv": [44.032, 7.032], "uv_size": [2.936, 2.936]},
								"east": {"uv": [43.032, 7.032], "uv_size": [0.936, 2.936]},
								"south": {"uv": [48.032, 7.032], "uv_size": [2.936, 2.936]},
								"west": {"uv": [47.032, 7.032], "uv_size": [0.936, 2.936]},
								"up": {"uv": [44.032, 6.032], "uv_size": [2.936, 0.936]},
								"down": {"uv": [44.032, 1.968], "uv_size": [2.936, -0.936]}
							}
						}
					]
				},
				{
					"name": "earR3",
					"parent": "masktop2",
					"pivot": [-1.55, 17.5, -0.5],
					"rotation": [0, 0, -75],
					"cubes": [
						{
							"origin": [-2.9787, 18.62632, -1],
							"size": [3, 3, 1],
							"inflate": 0.1,
							"uv": {
								"north": {"uv": [46.968, 7.032], "uv_size": [-2.936, 2.936]},
								"east": {"uv": [47.968, 7.032], "uv_size": [-0.936, 2.936]},
								"south": {"uv": [50.968, 7.032], "uv_size": [-2.936, 2.936]},
								"west": {"uv": [43.968, 7.032], "uv_size": [-0.936, 2.936]},
								"up": {"uv": [46.968, 6.032], "uv_size": [-2.936, 0.936]},
								"down": {"uv": [46.968, 1.968], "uv_size": [-2.936, -0.936]}
							}
						}
					]
				},
				{
					"name": "jaw2",
					"parent": "masktop2",
					"pivot": [1, 11, 0],
					"cubes": [
						{
							"origin": [-3, 8, -6],
							"size": [8, 2, 4],
							"uv": {
								"north": {"uv": [36.032, 21.032], "uv_size": [7.936, 1.936]},
								"east": {"uv": [32.032, 21.032], "uv_size": [3.936, 1.936]},
								"south": {"uv": [112.032, 104.032], "uv_size": [7.936, 1.936]},
								"west": {"uv": [43.032, 21.032], "uv_size": [3.936, 1.936]},
								"up": {"uv": [36.032, 17.032], "uv_size": [7.936, 3.936]},
								"down": {"uv": [2.032, 40.968], "uv_size": [7.936, -3.936]}
							}
						},
						{"origin": [-3, 8, -6], "size": [8, 2, 4], "inflate": 0.01, "uv": [65, 106]},
						{
							"origin": [0.5, 8, -6],
							"size": [1, 2, 1],
							"inflate": 0.1,
							"uv": {
								"north": {"uv": [23.032, 20.032], "uv_size": [0.936, 1.936]},
								"east": {"uv": [94.032, 76.032], "uv_size": [0.936, 1.936]},
								"south": {"uv": [97.032, 76.032], "uv_size": [0.936, 1.936]},
								"west": {"uv": [96.032, 76.032], "uv_size": [0.936, 1.936]},
								"up": {"uv": [95.032, 75.032], "uv_size": [0.936, 0.936]},
								"down": {"uv": [96.032, 75.968], "uv_size": [0.936, -0.936]}
							}
						},
						{
							"origin": [-3, 8, -2],
							"size": [8, 2, 6],
							"inflate": 0.01,
							"pivot": [1, 8, -2],
							"rotation": [45, 0, 0],
							"uv": {
								"north": {"uv": [100.032, 98.032], "uv_size": [7.936, 1.936]},
								"east": {"uv": [50.032, 21.032], "uv_size": [5.936, 1.936]},
								"south": {"uv": [114.032, 98.032], "uv_size": [7.936, 1.936]},
								"west": {"uv": [64.032, 21.032], "uv_size": [5.936, 1.936]},
								"up": {"uv": [36.032, 11.032], "uv_size": [7.936, 5.936]},
								"down": {"uv": [2.032, 35.968], "uv_size": [7.936, -5.936]}
							}
						},
						{
							"origin": [-2, 8.7, -5],
							"size": [6, 2, 3],
							"inflate": 0.2,
							"uv": {
								"north": {"uv": [48.032, 16.032], "uv_size": [5.936, 1.936]},
								"east": {"uv": [47.032, 15.032], "uv_size": [2.936, 1.936]},
								"west": {"uv": [55.032, 15.032], "uv_size": [2.936, 1.936]}
							}
						}
					]
				},
				{
					"name": "fingers3",
					"parent": "hand2",
					"pivot": [7, 12, 2],
					"cubes": [
						{
							"origin": [5, 10, 0],
							"size": [2, 2, 4],
							"uv": {
								"north": {"uv": [83.968, 72.032], "uv_size": [-1.936, 1.936]},
								"east": {"uv": [23.032, 35.032], "uv_size": [3.936, 1.936]},
								"south": {"uv": [33.032, 35.032], "uv_size": [1.936, 1.936]},
								"west": {"uv": [81.968, 72.032], "uv_size": [-3.936, 1.936]},
								"up": {"uv": [86.032, 68.032], "uv_size": [1.936, 3.936]},
								"down": {"uv": [85.968, 71.968], "uv_size": [-1.936, -3.936]}
							}
						}
					]
				},
				{
					"name": "fingers4",
					"parent": "fingers3",
					"pivot": [7, 10, 2]
				},
				{
					"name": "thumb4",
					"parent": "hand2",
					"pivot": [7, 15, 0]
				},
				{
					"name": "thumb3",
					"parent": "thumb4",
					"pivot": [7, 14, 0],
					"cubes": [
						{
							"origin": [5, 13, -2],
							"size": [2, 2, 2],
							"inflate": 0.1,
							"uv": {
								"north": {"uv": [60.968, 60.032], "uv_size": [-1.936, 1.936]},
								"east": {"uv": [56.032, 68.032], "uv_size": [1.936, 1.936]},
								"south": {"uv": [63.032, 68.032], "uv_size": [1.936, 1.936]},
								"west": {"uv": [57.968, 60.032], "uv_size": [-1.936, 1.936]},
								"up": {"uv": [60.968, 57.032], "uv_size": [-1.936, 1.936]},
								"down": {"uv": [60.032, 58.968], "uv_size": [1.936, -1.936]}
							}
						}
					]
				},
				{
					"name": "belowpart",
					"parent": "feddy",
					"pivot": [0, 19, 2]
				},
				{
					"name": "pelvissuit",
					"parent": "belowpart",
					"pivot": [0, 17, 2],
					"cubes": [
						{
							"origin": [-3, 14.3, 1],
							"size": [6, 3, 2],
							"inflate": 0.2,
							"uv": {
								"north": {"uv": [108.032, 40.032], "uv_size": [5.936, 2.936]},
								"east": {"uv": [22.032, 109.032], "uv_size": [1.936, 2.936]},
								"south": {"uv": [108.032, 40.032], "uv_size": [5.936, 2.936]},
								"west": {"uv": [26.032, 109.032], "uv_size": [1.936, 2.936]},
								"up": {"uv": [100.032, 41.032], "uv_size": [5.936, 1.936]},
								"down": {"uv": [26.032, 108.968], "uv_size": [5.936, -1.936]}
							}
						},
						{
							"origin": [-5, 14, -2],
							"size": [10, 3, 7],
							"uv": {
								"north": {"uv": [13.032, 66.032], "uv_size": [9.936, 2.936]},
								"east": {"uv": [35.032, 66.032], "uv_size": [6.936, 2.936]},
								"south": {"uv": [23.032, 66.032], "uv_size": [9.936, 2.936]},
								"west": {"uv": [4.032, 66.032], "uv_size": [6.936, 2.936]},
								"up": {"uv": [13.032, 70.032], "uv_size": [9.936, 6.936]},
								"down": {"uv": [23.032, 76.968], "uv_size": [9.936, -6.936]}
							}
						}
					]
				},
				{
					"name": "legL",
					"parent": "belowpart",
					"pivot": [-3, 15, 2]
				},
				{
					"name": "upper3",
					"parent": "legL",
					"pivot": [-3, 15, 2],
					"cubes": [
						{
							"origin": [-4, 8, 1],
							"size": [2, 6, 2],
							"uv": {
								"north": {"uv": [108.032, 46.032], "uv_size": [1.936, 5.936]},
								"east": {"uv": [109.968, 46.032], "uv_size": [-1.936, 5.936]},
								"south": {"uv": [108.032, 46.032], "uv_size": [1.936, 5.936]},
								"west": {"uv": [109.968, 46.032], "uv_size": [-1.936, 5.936]}
							}
						},
						{
							"origin": [-4, 8, 1],
							"size": [2, 6, 2],
							"inflate": 0.15,
							"uv": {
								"north": {"uv": [103.032, 44.032], "uv_size": [1.936, 5.936]},
								"east": {"uv": [103.032, 44.032], "uv_size": [1.936, 5.936]},
								"south": {"uv": [103.032, 44.032], "uv_size": [1.936, 5.936]},
								"west": {"uv": [103.032, 44.032], "uv_size": [1.936, 5.936]}
							}
						},
						{
							"origin": [-5.3, 8, 2],
							"size": [5, 8, 0],
							"uv": {
								"north": {"uv": [97.032, 43.032], "uv_size": [4.936, 7.936]}
							}
						},
						{
							"origin": [-4, 14, 1],
							"size": [2, 2, 2],
							"uv": {
								"north": {"uv": [108.032, 44.032], "uv_size": [1.936, 1.936]},
								"east": {"uv": [108.032, 44.032], "uv_size": [1.936, 1.936]},
								"south": {"uv": [108.032, 44.032], "uv_size": [1.936, 1.936]},
								"west": {"uv": [108.032, 44.032], "uv_size": [1.936, 1.936]},
								"up": {"uv": [109.968, 45.968], "uv_size": [-1.936, -1.936]},
								"down": {"uv": [109.968, 45.968], "uv_size": [-1.936, -1.936]}
							}
						},
						{
							"origin": [-5.5, 9, -0.5],
							"size": [5, 6, 5],
							"uv": {
								"north": {"uv": [58.032, 79.032], "uv_size": [4.936, 5.936]},
								"east": {"uv": [53.032, 79.032], "uv_size": [4.936, 5.936]},
								"south": {"uv": [68.032, 79.032], "uv_size": [4.936, 5.936]},
								"west": {"uv": [63.032, 79.032], "uv_size": [4.936, 5.936]},
								"up": {"uv": [9.968, 85.032], "uv_size": [-4.936, 4.936]},
								"down": {"uv": [9.968, 94.968], "uv_size": [-4.936, -4.936]}
							}
						}
					]
				},
				{
					"name": "lower3",
					"parent": "legL",
					"pivot": [-3, 8.5, 2],
					"cubes": [
						{
							"origin": [-4, 2, 1],
							"size": [2, 6, 2],
							"uv": {
								"north": {"uv": [108.032, 52.032], "uv_size": [1.936, 5.936]},
								"east": {"uv": [109.968, 52.032], "uv_size": [-1.936, 5.936]},
								"south": {"uv": [108.032, 52.032], "uv_size": [1.936, 5.936]},
								"west": {"uv": [109.968, 52.032], "uv_size": [-1.936, 5.936]}
							}
						},
						{
							"origin": [-4, 2, 1],
							"size": [2, 6, 2],
							"inflate": 0.15,
							"uv": {
								"north": {"uv": [103.032, 50.032], "uv_size": [1.936, 5.936]},
								"east": {"uv": [103.032, 50.032], "uv_size": [1.936, 5.936]},
								"south": {"uv": [103.032, 50.032], "uv_size": [1.936, 5.936]},
								"west": {"uv": [103.032, 50.032], "uv_size": [1.936, 5.936]}
							}
						},
						{
							"origin": [-5, 2, 0],
							"size": [4, 6, 4],
							"inflate": 0.3,
							"uv": {
								"north": {"uv": [14.032, 85.032], "uv_size": [3.936, 5.936]},
								"east": {"uv": [17.968, 85.032], "uv_size": [-3.936, 5.936]},
								"south": {"uv": [18.032, 85.032], "uv_size": [3.936, 5.936]},
								"west": {"uv": [18.032, 85.032], "uv_size": [3.936, 5.936]},
								"up": {"uv": [22.032, 85.032], "uv_size": [3.936, 3.936]},
								"down": {"uv": [10.032, 88.968], "uv_size": [3.936, -3.936]}
							}
						},
						{
							"origin": [-5.3, 2, 2],
							"size": [5, 6, 0],
							"uv": {
								"north": {"uv": [97.032, 51.032], "uv_size": [4.936, 5.936]}
							}
						}
					]
				},
				{
					"name": "knee",
					"parent": "lower3",
					"pivot": [-3, 7.5, 0],
					"cubes": [
						{
							"origin": [-5, 7, -1],
							"size": [4, 3, 2],
							"uv": {
								"north": {"uv": [7.032, 79.032], "uv_size": [3.936, 2.936]},
								"east": {"uv": [5.032, 79.032], "uv_size": [1.936, 2.936]},
								"west": {"uv": [11.032, 79.032], "uv_size": [1.936, 2.936]},
								"up": {"uv": [7.032, 77.032], "uv_size": [3.936, 1.936]},
								"down": {"uv": [7.032, 83.968], "uv_size": [3.936, -1.936]}
							}
						}
					]
				},
				{
					"name": "foot",
					"parent": "lower3",
					"pivot": [-3, 2, 2],
					"cubes": [
						{
							"origin": [-6, 0, -4],
							"size": [6, 2, 8],
							"uv": {
								"north": {"uv": [17.968, 100.032], "uv_size": [-5.936, 1.936]},
								"east": {"uv": [24.968, 100.032], "uv_size": [-6.936, 1.936]},
								"south": {"uv": [32.968, 100.032], "uv_size": [-6.936, 1.936]},
								"west": {"uv": [11.968, 100.032], "uv_size": [-7.936, 1.936]},
								"up": {"uv": [17.968, 92.032], "uv_size": [-5.936, 7.936]},
								"down": {"uv": [23.968, 99.968], "uv_size": [-5.936, -7.936]}
							}
						}
					]
				},
				{
					"name": "legR",
					"parent": "belowpart",
					"pivot": [3, 15, 2]
				},
				{
					"name": "upper4",
					"parent": "legR",
					"pivot": [3, 16, 2],
					"cubes": [
						{
							"origin": [2, 8, 1],
							"size": [2, 6, 2],
							"uv": {
								"north": {"uv": [112.032, 46.032], "uv_size": [1.936, 5.936]},
								"east": {"uv": [113.968, 46.032], "uv_size": [-1.936, 5.936]},
								"south": {"uv": [113.968, 46.032], "uv_size": [-1.936, 5.936]},
								"west": {"uv": [112.032, 46.032], "uv_size": [1.936, 5.936]}
							}
						},
						{
							"origin": [0.3, 8, 2],
							"size": [5, 8, 0],
							"uv": {
								"north": {"uv": [120.032, 43.032], "uv_size": [4.936, 7.936]}
							}
						},
						{
							"origin": [2, 8, 1],
							"size": [2, 6, 2],
							"inflate": 0.15,
							"uv": {
								"north": {"uv": [117.032, 44.032], "uv_size": [1.936, 5.936]},
								"east": {"uv": [117.032, 44.032], "uv_size": [1.936, 5.936]},
								"south": {"uv": [117.032, 44.032], "uv_size": [1.936, 5.936]},
								"west": {"uv": [117.032, 44.032], "uv_size": [1.936, 5.936]}
							}
						},
						{
							"origin": [2, 14, 1],
							"size": [2, 2, 2],
							"uv": {
								"north": {"uv": [112.032, 44.032], "uv_size": [1.936, 1.936]},
								"east": {"uv": [112.032, 44.032], "uv_size": [1.936, 1.936]},
								"south": {"uv": [112.032, 44.032], "uv_size": [1.936, 1.936]},
								"west": {"uv": [112.032, 44.032], "uv_size": [1.936, 1.936]},
								"up": {"uv": [113.968, 45.968], "uv_size": [-1.936, -1.936]},
								"down": {"uv": [113.968, 45.968], "uv_size": [-1.936, -1.936]}
							}
						},
						{
							"origin": [0.5, 9, -0.5],
							"size": [5, 6, 5],
							"uv": {
								"north": {"uv": [41.968, 79.032], "uv_size": [-4.936, 5.936]},
								"east": {"uv": [36.968, 79.032], "uv_size": [-4.936, 5.936]},
								"south": {"uv": [51.968, 79.032], "uv_size": [-4.936, 5.936]},
								"west": {"uv": [46.968, 79.032], "uv_size": [-4.936, 5.936]},
								"up": {"uv": [27.032, 85.032], "uv_size": [4.936, 4.936]},
								"down": {"uv": [27.032, 94.968], "uv_size": [4.936, -4.936]}
							}
						}
					]
				},
				{
					"name": "lower4",
					"parent": "legR",
					"pivot": [3, 8.5, 2],
					"cubes": [
						{
							"origin": [2, 2, 1],
							"size": [2, 6, 2],
							"uv": {
								"north": {"uv": [112.032, 52.032], "uv_size": [1.936, 5.936]},
								"east": {"uv": [113.968, 52.032], "uv_size": [-1.936, 5.936]},
								"south": {"uv": [113.968, 52.032], "uv_size": [-1.936, 5.936]},
								"west": {"uv": [112.032, 52.032], "uv_size": [1.936, 5.936]}
							}
						},
						{
							"origin": [0.3, 2, 2],
							"size": [5, 6, 0],
							"uv": {
								"north": {"uv": [120.032, 51.032], "uv_size": [4.936, 5.936]}
							}
						},
						{
							"origin": [2, 2, 1],
							"size": [2, 6, 2],
							"inflate": 0.15,
							"uv": {
								"north": {"uv": [117.032, 50.032], "uv_size": [1.936, 5.936]},
								"east": {"uv": [117.032, 50.032], "uv_size": [1.936, 5.936]},
								"south": {"uv": [117.032, 50.032], "uv_size": [1.936, 5.936]},
								"west": {"uv": [117.032, 50.032], "uv_size": [1.936, 5.936]}
							}
						},
						{
							"origin": [1, 2, 0],
							"size": [4, 6, 4],
							"inflate": 0.3,
							"uv": {
								"north": {"uv": [18.032, 85.032], "uv_size": [3.936, 5.936]},
								"east": {"uv": [14.032, 85.032], "uv_size": [3.936, 5.936]},
								"south": {"uv": [14.032, 85.032], "uv_size": [3.936, 5.936]},
								"west": {"uv": [21.968, 85.032], "uv_size": [-3.936, 5.936]},
								"up": {"uv": [10.032, 85.032], "uv_size": [3.936, 3.936]},
								"down": {"uv": [22.032, 88.968], "uv_size": [3.936, -3.936]}
							}
						}
					]
				},
				{
					"name": "knee2",
					"parent": "lower4",
					"pivot": [3, 7.5, 0],
					"cubes": [
						{
							"origin": [1, 7, -1],
							"size": [4, 3, 2],
							"uv": {
								"north": {"uv": [25.032, 79.032], "uv_size": [3.936, 2.936]},
								"east": {"uv": [23.032, 79.032], "uv_size": [1.936, 2.936]},
								"west": {"uv": [29.032, 79.032], "uv_size": [1.936, 2.936]},
								"up": {"uv": [25.032, 77.032], "uv_size": [3.936, 1.936]},
								"down": {"uv": [25.032, 83.968], "uv_size": [3.936, -1.936]}
							}
						}
					]
				},
				{
					"name": "foot2",
					"parent": "lower4",
					"pivot": [3, 3, 2],
					"cubes": [
						{
							"origin": [0, 0, -4],
							"size": [6, 2, 8],
							"uv": {
								"north": {"uv": [51.968, 100.032], "uv_size": [-5.936, 1.936]},
								"east": {"uv": [32.032, 100.032], "uv_size": [7.936, 1.936]},
								"south": {"uv": [37.968, 100.032], "uv_size": [-5.936, 1.936]},
								"west": {"uv": [53.032, 100.032], "uv_size": [7.936, 1.936]},
								"up": {"uv": [51.968, 92.032], "uv_size": [-5.936, 7.936]},
								"down": {"uv": [45.968, 99.968], "uv_size": [-5.936, -7.936]}
							}
						}
					]
				}
			]
		}
	]
}