{
	"format_version": "1.21.0",
	"minecraft:geometry": [
		{
			"description": {
				"identifier": "geometry.bonnie_the_rabbit",
				"texture_width": 150,
				"texture_height": 128,
				"visible_bounds_width": 6,
				"visible_bounds_height": 7,
				"visible_bounds_offset": [0, 2.5, 0]
			},
			"bones": [
				{
					"name": "feddy",
					"pivot": [0, 0, 0]
				},
				{
					"name": "upperpart",
					"parent": "feddy",
					"pivot": [0, 16, 2]
				},
				{
					"name": "feddyHed",
					"parent": "upperpart",
					"pivot": [0, 26, 2]
				},
				{
					"name": "head",
					"parent": "feddyHed",
					"pivot": [0, 31, 3]
				},
				{
					"name": "headsuit",
					"parent": "head",
					"pivot": [0, 31, 3]
				},
				{
					"name": "masktop",
					"parent": "headsuit",
					"pivot": [0, 25, 4.4],
					"cubes": [
						{"origin": [-4, 32, 2], "size": [8, 7, 0], "pivot": [0, 39, 2], "rotation": [-12.5, 0, 0], "uv": [76, 19], "mirror": true},
						{
							"origin": [-4, 31, 2],
							"size": [8, 8, 4],
							"uv": {
								"north": {"uv": [56.032, 34.032], "uv_size": [1.936, 0.936]},
								"east": {"uv": [46.032, 24.032], "uv_size": [3.936, 7.936]},
								"south": {"uv": [62.032, 32.032], "uv_size": [7.936, 7.936]},
								"west": {"uv": [66.032, 24.032], "uv_size": [3.936, 7.936]},
								"up": {"uv": [24.032, 26.032], "uv_size": [7.936, 3.936]}
							}
						},
						{
							"origin": [-5, 32, 2],
							"size": [10, 4, 2],
							"pivot": [0, 37, 4],
							"rotation": [10, 0, 0],
							"uv": {
								"north": {"uv": [13.032, 15.032], "uv_size": [9.936, 3.936]},
								"east": {"uv": [4.032, 15.032], "uv_size": [1.936, 3.936]},
								"south": {"uv": [1.032, 25.032], "uv_size": [9.936, 3.936]},
								"west": {"uv": [30.032, 15.032], "uv_size": [1.936, 3.936]},
								"up": {"uv": [35.032, 28.032], "uv_size": [9.936, 1.936]},
								"down": {"uv": [35.032, 35.968], "uv_size": [9.936, -1.936]}
							}
						}
					]
				},
				{
					"name": "hat",
					"parent": "masktop",
					"pivot": [-1, 1, -3],
					"cubes": [
						{"origin": [-4, 38, -2], "size": [8, 2, 8], "inflate": 0.01, "uv": [118, 10]},
						{"origin": [-4, 37, -2], "size": [8, 1, 8], "inflate": 0.3, "uv": [118, 1]},
						{"origin": [-2, 39, -4], "size": [5, 3, 8], "inflate": 0.01, "pivot": [1, 40.75, 1.25], "rotation": [0, -22.5, 0], "uv": [124, 58]},
						{"origin": [4.08719, 35.6045, -5.13254], "size": [0, 6, 5], "pivot": [4, 40.75, -3.75], "rotation": [-16.912, -49.95105, 15.41294], "uv": [127, 47]},
						{"origin": [3.08719, 34.6045, -4.13254], "size": [2, 2, 2], "inflate": 0.01, "pivot": [4, 40.75, -3.75], "rotation": [-16.912, -49.95105, 15.41294], "uv": [141, 54]}
					]
				},
				{
					"name": "maskfront",
					"parent": "masktop",
					"pivot": [0, 39, 2],
					"cubes": [
						{
							"origin": [-4, 31, -2],
							"size": [8, 8, 4],
							"uv": {
								"north": {"uv": [54.032, 24.032], "uv_size": [7.936, 7.936]},
								"east": {"uv": [50.032, 24.032], "uv_size": [3.936, 7.936]},
								"south": {"uv": [56.032, 34.032], "uv_size": [1.936, 0.936]},
								"west": {"uv": [62.032, 24.032], "uv_size": [3.936, 7.936]},
								"up": {"uv": [24.032, 30.032], "uv_size": [7.936, 3.936]}
							}
						},
						{"origin": [0.3, 33.1, -1.99], "size": [4, 5, 0], "uv": [63, 17]},
						{"origin": [-4.3, 33.1, -1.99], "size": [4, 5, 0], "uv": [63, 17], "mirror": true},
						{
							"origin": [-5, 32, -2],
							"size": [10, 4, 4],
							"pivot": [0, 37, 4],
							"rotation": [10, 0, 0],
							"uv": {
								"north": {"uv": [13.032, 15.032], "uv_size": [9.936, 3.936]},
								"east": {"uv": [6.032, 15.032], "uv_size": [3.936, 3.936]},
								"south": {"uv": [0.032, 20.032], "uv_size": [0.936, 0.936]},
								"west": {"uv": [26.032, 15.032], "uv_size": [3.936, 3.936]},
								"up": {"uv": [35.032, 30.032], "uv_size": [9.936, 3.936]},
								"down": {"uv": [35.032, 39.968], "uv_size": [9.936, -3.936]}
							}
						}
					]
				},
				{
					"name": "muzzle",
					"parent": "maskfront",
					"pivot": [0, 25, 0],
					"cubes": [
						{
							"origin": [-3, 31, -4.5],
							"size": [6, 2, 3],
							"uv": {
								"north": {"uv": [15.032, 23.032], "uv_size": [5.936, 1.936]},
								"east": {"uv": [10.032, 17.032], "uv_size": [2.936, 1.936]},
								"south": {"uv": [15.032, 27.032], "uv_size": [5.936, 1.936]},
								"west": {"uv": [23.032, 17.032], "uv_size": [2.936, 1.936]},
								"up": {"uv": [15.032, 19.032], "uv_size": [5.936, 2.936]},
								"down": {"uv": [15.032, 21.968], "uv_size": [5.936, -2.936]}
							}
						},
						{
							"origin": [-1, 33.2, -4.5],
							"size": [2, 1, 3],
							"inflate": 0.15,
							"uv": {
								"north": {"uv": [55.032, 7.032], "uv_size": [1.936, 0.936]},
								"east": {"uv": [52.032, 7.032], "uv_size": [2.936, 0.936]},
								"south": {"uv": [59.032, 7.032], "uv_size": [1.936, 0.936]},
								"west": {"uv": [54.968, 7.968], "uv_size": [-2.936, -0.936]},
								"up": {"uv": [55.032, 4.032], "uv_size": [1.936, 2.936]},
								"down": {"uv": [57.032, 6.968], "uv_size": [1.936, -1.936]}
							}
						},
						{
							"origin": [-3, 32.7, -4.5],
							"size": [6, 1, 3],
							"inflate": -0.01,
							"uv": {
								"north": {"uv": [15.032, 22.032], "uv_size": [5.936, 0.936]},
								"east": {"uv": [10.032, 16.032], "uv_size": [2.936, 0.936]},
								"south": {"uv": [24.032, 22.032], "uv_size": [5.936, 0.936]},
								"west": {"uv": [23.032, 16.032], "uv_size": [2.936, 0.936]},
								"up": {"uv": [15.032, 19.032], "uv_size": [5.936, 2.936]},
								"down": {"uv": [15.032, 21.968], "uv_size": [5.936, -2.936]}
							}
						},
						{"origin": [-0.5, 31, -4.5], "size": [1, 3, 1], "inflate": 0.01, "uv": [13, 2]}
					]
				},
				{
					"name": "bone6",
					"parent": "muzzle",
					"pivot": [0, 32, -3],
					"cubes": [
						{"origin": [-3, 31, -4.5], "size": [6, 2, 3], "inflate": 0.02, "uv": [13, 119]}
					]
				},
				{
					"name": "bone8",
					"parent": "muzzle",
					"pivot": [6, 32, -3],
					"cubes": [
						{"origin": [3, 29, -3], "size": [7, 7, 0], "uv": [95, 121]}
					]
				},
				{
					"name": "bone9",
					"parent": "muzzle",
					"pivot": [-6, 32, -3],
					"cubes": [
						{"origin": [-10, 29, -3], "size": [7, 7, 0], "uv": [95, 121], "mirror": true}
					]
				},
				{
					"name": "jaw",
					"parent": "headsuit",
					"pivot": [0, 32, 4],
					"cubes": [
						{
							"origin": [-3.5, 29, -4],
							"size": [7, 2, 3],
							"uv": {
								"north": {"uv": [37.032, 21.032], "uv_size": [6.936, 1.936]},
								"east": {"uv": [34.032, 21.032], "uv_size": [2.936, 1.936]},
								"south": {"uv": [50.032, 21.032], "uv_size": [6.936, 1.936]},
								"west": {"uv": [44.032, 21.032], "uv_size": [2.936, 1.936]},
								"up": {"uv": [37.032, 18.032], "uv_size": [6.936, 2.936]},
								"down": {"uv": [2.032, 40.968], "uv_size": [6.936, -2.936]}
							}
						},
						{
							"origin": [-4.5, 29, -1],
							"size": [9, 2, 3],
							"uv": {
								"north": {"uv": [35.032, 21.032], "uv_size": [8.936, 1.936]},
								"east": {"uv": [32.032, 21.032], "uv_size": [2.936, 1.936]},
								"south": {"uv": [50.032, 21.032], "uv_size": [8.936, 1.936]},
								"west": {"uv": [44.032, 21.032], "uv_size": [2.936, 1.936]},
								"up": {"uv": [36.032, 15.032], "uv_size": [8.936, 2.936]},
								"down": {"uv": [1.032, 35.968], "uv_size": [8.936, -2.936]}
							}
						},
						{"origin": [-4.5, 29, 2], "size": [9, 3, 3], "inflate": -0.01, "uv": [60, 0]},
						{
							"origin": [-4.5, 29, 2],
							"size": [9, 2, 4],
							"inflate": 0.01,
							"pivot": [0, 29, 2],
							"rotation": [50, 0, 0],
							"uv": {
								"north": {"uv": [36.032, 21.032], "uv_size": [8.936, 1.936]},
								"east": {"uv": [32.032, 21.032], "uv_size": [3.936, 1.936]},
								"south": {"uv": [50.032, 21.032], "uv_size": [8.936, 1.936]},
								"west": {"uv": [43.032, 21.032], "uv_size": [3.936, 1.936]},
								"up": {"uv": [36.032, 11.032], "uv_size": [8.936, 3.936]},
								"down": {"uv": [1.032, 33.968], "uv_size": [8.936, -3.936]}
							}
						},
						{"origin": [-2.5, 30.5, -3.5], "size": [5, 1, 4], "uv": [64, 52]}
					]
				},
				{
					"name": "bone5",
					"parent": "jaw",
					"pivot": [0, 30, -2.5],
					"cubes": [
						{"origin": [-3.5, 29, -4], "size": [7, 2, 3], "inflate": 0.01, "uv": [40, 116]}
					]
				},
				{
					"name": "bone7",
					"parent": "jaw",
					"pivot": [0, 31, -1.5],
					"cubes": [
						{"origin": [-2.5, 30.5, -3.5], "size": [5, 1, 4], "inflate": 0.01, "uv": [57, 114]}
					]
				},
				{
					"name": "headendo",
					"parent": "head",
					"pivot": [0, 31, 3],
					"cubes": [
						{
							"origin": [-3, 33, 0.9],
							"size": [6, 5, 2],
							"uv": {
								"north": {"uv": [118.032, 10.032], "uv_size": [5.936, 4.936]},
								"east": {"uv": [106.968, 16.032], "uv_size": [-1.936, 4.936]},
								"south": {"uv": [99.032, 16.032], "uv_size": [5.936, 4.936]},
								"west": {"uv": [98.968, 16.032], "uv_size": [-1.936, 4.936]},
								"up": {"uv": [99.032, 15.032], "uv_size": [5.936, 1.936]},
								"down": {"uv": [99.032, 22.968], "uv_size": [5.936, -1.936]}
							}
						},
						{"origin": [-4, 31, 0.8], "size": [8, 8, 3], "inflate": -0.01, "uv": [72, 117], "mirror": true},
						{"origin": [-2.5, 34.5, 0.5], "size": [1, 1, 1], "uv": [100, 12], "mirror": true},
						{"origin": [1.5, 34.5, 0.5], "size": [1, 1, 1], "uv": [100, 12], "mirror": true},
						{
							"origin": [-2, 30, 0.9],
							"size": [4, 3, 2],
							"uv": {
								"north": {"uv": [109.032, 22.032], "uv_size": [3.936, 2.936]},
								"east": {"uv": [123.032, 22.032], "uv_size": [1.936, 2.936]},
								"south": {"uv": [119.032, 22.032], "uv_size": [3.936, 2.936]},
								"west": {"uv": [117.032, 22.032], "uv_size": [1.936, 2.936]},
								"up": {"uv": [119.032, 19.032], "uv_size": [3.936, 1.936]},
								"down": {"uv": [119.032, 25.968], "uv_size": [3.936, -1.936]}
							}
						},
						{
							"origin": [-4, 30, 2],
							"size": [8, 5, 0],
							"uv": {
								"north": {"uv": [107.032, 20.032], "uv_size": [7.936, 4.936]}
							}
						}
					]
				},
				{
					"name": "bone3",
					"parent": "headendo",
					"pivot": [0, 32, 1],
					"cubes": [
						{
							"origin": [-1.5, 31.5, -1],
							"size": [3, 1, 2],
							"uv": {
								"north": {"uv": [66.032, 93.032], "uv_size": [2.936, 0.936]},
								"east": {"uv": [67.032, 87.032], "uv_size": [1.936, 0.936]},
								"south": {"uv": [73.032, 87.032], "uv_size": [2.936, 0.936]},
								"west": {"uv": [71.032, 87.032], "uv_size": [1.936, 0.936]},
								"up": {"uv": [69.032, 85.032], "uv_size": [2.936, 1.936]},
								"down": {"uv": [71.032, 86.968], "uv_size": [2.936, -1.936]}
							}
						},
						{
							"origin": [-1.5, 31, -1],
							"size": [3, 1, 2],
							"inflate": 0.1,
							"uv": {
								"north": {"uv": [42.032, 89.032], "uv_size": [2.936, 0.936]},
								"east": {"uv": [41.032, 88.032], "uv_size": [1.936, 0.936]},
								"south": {"uv": [47.032, 88.032], "uv_size": [2.936, 0.936]},
								"west": {"uv": [45.032, 88.032], "uv_size": [1.936, 0.936]},
								"up": {"uv": [36.032, 86.032], "uv_size": [2.936, 1.936]},
								"down": {"uv": [36.032, 89.968], "uv_size": [2.936, -1.936]}
							}
						},
						{"origin": [-0.5, 31.6, 0], "size": [1, 1, 1], "uv": [62, 126]}
					]
				},
				{
					"name": "eyes",
					"parent": "headendo",
					"pivot": [0, 35, 0]
				},
				{
					"name": "eyeL",
					"parent": "eyes",
					"pivot": [-2, 28, 1],
					"cubes": [
						{
							"origin": [-3, 34, -1],
							"size": [2, 2, 2],
							"uv": {
								"north": {"uv": [108.032, 10.032], "uv_size": [1.936, 1.936]},
								"east": {"uv": [106.032, 10.032], "uv_size": [1.936, 1.936]},
								"south": {"uv": [47.032, 77.032], "uv_size": [1.936, 1.936]},
								"west": {"uv": [107.968, 10.032], "uv_size": [-1.936, 1.936]},
								"up": {"uv": [43.032, 75.032], "uv_size": [1.936, 1.936]},
								"down": {"uv": [108.032, 10.968], "uv_size": [1.936, -1.936]}
							}
						}
					]
				},
				{
					"name": "pupil",
					"parent": "eyeL",
					"pivot": [-2, 35, -0.65],
					"cubes": [
						{
							"origin": [-2.5, 34.5, -1.15],
							"size": [1, 1, 1],
							"uv": {
								"north": {"uv": [108.032, 15.032], "uv_size": [0.936, 0.936]}
							}
						},
						{
							"origin": [-2.5, 34.5, -1.3],
							"size": [1, 1, 1],
							"inflate": -0.2,
							"uv": {
								"north": {"uv": [108.032, 16.032], "uv_size": [0.936, 0.936]}
							}
						}
					]
				},
				{
					"name": "eyelid",
					"parent": "eyeL",
					"pivot": [-2, 35.55, 1],
					"cubes": [
						{
							"origin": [-3, 35.6, -1],
							"size": [2, 1, 2],
							"inflate": 0.2,
							"uv": {
								"north": {"uv": [108.032, 9.032], "uv_size": [1.936, 0.936]},
								"east": {"uv": [106.032, 9.032], "uv_size": [1.936, 0.936]},
								"south": {"uv": [60.032, 17.032], "uv_size": [1.936, 0.936]},
								"west": {"uv": [108.032, 9.032], "uv_size": [1.936, 0.936]},
								"up": {"uv": [108.032, 8.032], "uv_size": [1.936, 1.936]},
								"down": {"uv": [108.032, 9.968], "uv_size": [1.936, -1.936]}
							}
						}
					]
				},
				{
					"name": "eyeR",
					"parent": "eyes",
					"pivot": [2, 28, 1],
					"cubes": [
						{
							"origin": [1, 34, -1],
							"size": [2, 2, 2],
							"uv": {
								"north": {"uv": [112.032, 10.032], "uv_size": [1.936, 1.936]},
								"east": {"uv": [115.968, 10.032], "uv_size": [-1.936, 1.936]},
								"south": {"uv": [62.032, 64.032], "uv_size": [1.936, 1.936]},
								"west": {"uv": [114.032, 10.032], "uv_size": [1.936, 1.936]},
								"up": {"uv": [58.032, 62.032], "uv_size": [1.936, 1.936]},
								"down": {"uv": [112.032, 10.968], "uv_size": [1.936, -1.936]}
							}
						}
					]
				},
				{
					"name": "pupil2",
					"parent": "eyeR",
					"pivot": [2, 35, -0.65],
					"cubes": [
						{
							"origin": [1.5, 34.5, -1.3],
							"size": [1, 1, 1],
							"inflate": -0.2,
							"uv": {
								"north": {"uv": [113.032, 16.032], "uv_size": [0.936, 0.936]}
							}
						},
						{
							"origin": [1.5, 34.5, -1.15],
							"size": [1, 1, 1],
							"uv": {
								"north": {"uv": [113.032, 15.032], "uv_size": [0.936, 0.936]}
							}
						}
					]
				},
				{
					"name": "eyelid2",
					"parent": "eyeR",
					"pivot": [2, 35.5, 1],
					"cubes": [
						{
							"origin": [1, 35.6, -1],
							"size": [2, 1, 2],
							"inflate": 0.2,
							"uv": {
								"north": {"uv": [112.032, 9.032], "uv_size": [1.936, 0.936]},
								"east": {"uv": [112.032, 9.032], "uv_size": [1.936, 0.936]},
								"south": {"uv": [18.032, 54.032], "uv_size": [1.936, 0.936]},
								"west": {"uv": [114.032, 9.032], "uv_size": [1.936, 0.936]},
								"up": {"uv": [112.032, 8.032], "uv_size": [1.936, 1.936]},
								"down": {"uv": [112.032, 9.968], "uv_size": [1.936, -1.936]}
							}
						}
					]
				},
				{
					"name": "bone4",
					"parent": "headendo",
					"pivot": [0, 33.1, 1],
					"cubes": [
						{
							"origin": [-1.5, 32.5, -1],
							"size": [3, 1, 2],
							"uv": {
								"north": {"uv": [56.032, 91.032], "uv_size": [2.936, 0.936]},
								"east": {"uv": [54.032, 91.032], "uv_size": [1.936, 0.936]},
								"south": {"uv": [60.032, 91.032], "uv_size": [2.936, 0.936]},
								"west": {"uv": [58.032, 91.032], "uv_size": [1.936, 0.936]},
								"up": {"uv": [56.032, 89.032], "uv_size": [2.936, 1.936]},
								"down": {"uv": [58.032, 90.968], "uv_size": [2.936, -1.936]}
							}
						},
						{
							"origin": [-1.5, 33, -1],
							"size": [3, 1, 2],
							"inflate": 0.1,
							"uv": {
								"north": {"uv": [42.032, 89.032], "uv_size": [2.936, 0.936]},
								"east": {"uv": [41.032, 88.032], "uv_size": [1.936, 0.936]},
								"south": {"uv": [47.032, 88.032], "uv_size": [2.936, 0.936]},
								"west": {"uv": [45.032, 88.032], "uv_size": [1.936, 0.936]},
								"up": {"uv": [36.032, 86.032], "uv_size": [2.936, 1.936]},
								"down": {"uv": [36.032, 89.968], "uv_size": [2.936, -1.936]}
							}
						}
					]
				},
				{
					"name": "earR",
					"parent": "headendo",
					"pivot": [2.5, 39, 1.5],
					"rotation": [10, 0, 0],
					"cubes": [
						{
							"origin": [1, 40, 0.5],
							"size": [3, 5, 2],
							"uv": {
								"north": {"uv": [62.032, 6.032], "uv_size": [2.936, 4.936]},
								"east": {"uv": [89.032, 37.032], "uv_size": [1.936, 4.936]},
								"south": {"uv": [66.032, 11.032], "uv_size": [2.936, 4.936]},
								"west": {"uv": [93.032, 32.032], "uv_size": [1.936, 4.936]},
								"up": {"uv": [51.032, 14.032], "uv_size": [2.936, 1.936]},
								"down": {"uv": [103.032, 70.968], "uv_size": [2.936, -1.936]}
							}
						},
						{
							"origin": [1.5, 38, 1.5],
							"size": [2, 2, 0],
							"uv": {
								"north": {"uv": [50.032, 40.032], "uv_size": [1.936, 1.936]},
								"east": {"uv": [49.032, 40.032], "uv_size": [0, 0.936]},
								"south": {"uv": [54.032, 40.032], "uv_size": [1.936, 1.936]},
								"west": {"uv": [53.032, 40.032], "uv_size": [0, 0.936]},
								"up": {"uv": [50.032, 39.032], "uv_size": [1.936, 0]},
								"down": {"uv": [102.032, 94.032], "uv_size": [1.936, 0]}
							}
						}
					]
				},
				{
					"name": "earR2",
					"parent": "earR",
					"pivot": [2.5, 45, 1.5],
					"rotation": [55, 0, 0],
					"cubes": [
						{
							"origin": [1, 45, 0.5],
							"size": [3, 4, 2],
							"inflate": 0.01,
							"uv": {
								"north": {"uv": [44.032, 2.032], "uv_size": [2.936, 3.936]},
								"east": {"uv": [71.032, 33.032], "uv_size": [1.936, 3.936]},
								"south": {"uv": [48.032, 2.032], "uv_size": [2.936, 3.936]},
								"west": {"uv": [75.032, 28.032], "uv_size": [1.936, 3.936]},
								"up": {"uv": [51.032, 9.032], "uv_size": [3, 2]},
								"down": {"uv": [103.032, 70.968], "uv_size": [2.936, -1.936]}
							}
						},
						{
							"origin": [1, 45, 0.5],
							"size": [3, 4, 2],
							"uv": {
								"north": {"uv": [37.032, 2.032], "uv_size": [2.936, 3.936]},
								"east": {"uv": [35.032, 2.032], "uv_size": [2, 4]},
								"south": {"uv": [40.032, 0.032], "uv_size": [2.936, 3.936]},
								"west": {"uv": [33.032, 2.032], "uv_size": [2, 4]},
								"up": {"uv": [36.032, 2], "uv_size": [-3, -2]},
								"down": {"uv": [39.032, 2], "uv_size": [-3, -2]}
							}
						}
					]
				},
				{
					"name": "earL",
					"parent": "headendo",
					"pivot": [-2.5, 39, 1.5],
					"rotation": [10, 0, 0],
					"cubes": [
						{
							"origin": [-4, 40, 0.5],
							"size": [3, 5, 2],
							"uv": {
								"north": {"uv": [62.032, 11.032], "uv_size": [2.936, 4.936]},
								"east": {"uv": [94.968, 37.032], "uv_size": [-1.936, 4.936]},
								"south": {"uv": [68.968, 11.032], "uv_size": [-2.936, 4.936]},
								"west": {"uv": [90.968, 37.032], "uv_size": [-1.936, 4.936]},
								"up": {"uv": [53.968, 14.032], "uv_size": [-2.936, 1.936]},
								"down": {"uv": [105.968, 70.968], "uv_size": [-2.936, -1.936]}
							}
						},
						{
							"origin": [-3.5, 38, 1.5],
							"size": [2, 2, 0],
							"uv": {
								"north": {"uv": [51.968, 40.032], "uv_size": [-1.936, 1.936]},
								"east": {"uv": [53.032, 40.032], "uv_size": [0, 0.936]},
								"south": {"uv": [55.968, 40.032], "uv_size": [-1.936, 1.936]},
								"west": {"uv": [49.032, 40.032], "uv_size": [0, 0.936]},
								"up": {"uv": [51.968, 39.032], "uv_size": [-1.936, 0]},
								"down": {"uv": [103.968, 94.032], "uv_size": [-1.936, 0]}
							}
						}
					]
				},
				{
					"name": "earR4",
					"parent": "earL",
					"pivot": [-2.5, 45, 1.5],
					"rotation": [55, 0, 0],
					"cubes": [
						{
							"origin": [-4, 45, 0.5],
							"size": [3, 4, 2],
							"inflate": 0.01,
							"uv": {
								"north": {"uv": [44.032, 7.032], "uv_size": [2.936, 3.936]},
								"east": {"uv": [76.968, 33.032], "uv_size": [-1.936, 3.936]},
								"south": {"uv": [50.968, 7.032], "uv_size": [-2.936, 3.936]},
								"west": {"uv": [72.968, 33.032], "uv_size": [-1.936, 3.936]},
								"up": {"uv": [53.968, 14.032], "uv_size": [-2.936, 1.936]},
								"down": {"uv": [105.968, 70.968], "uv_size": [-2.936, -1.936]}
							}
						}
					]
				},
				{
					"name": "neck",
					"parent": "feddyHed",
					"pivot": [0, 20, 2]
				},
				{
					"name": "feddybod",
					"parent": "upperpart",
					"pivot": [0, 15, 2]
				},
				{
					"name": "bodysuit",
					"parent": "feddybod",
					"pivot": [0, 15, 2],
					"cubes": [
						{
							"origin": [-4, 24, -2],
							"size": [8, 4, 7],
							"uv": {
								"north": {"uv": [14.032, 44.032], "uv_size": [7.936, 3.936]},
								"east": {"uv": [7.032, 44.032], "uv_size": [6.936, 3.936]},
								"south": {"uv": [29.032, 44.032], "uv_size": [7.936, 3.936]},
								"west": {"uv": [22.032, 44.032], "uv_size": [6.936, 3.936]},
								"up": {"uv": [14.032, 37.032], "uv_size": [7.936, 6.936]},
								"down": {"uv": [22.032, 43.968], "uv_size": [7.936, -6.936]}
							}
						},
						{"origin": [-4, 24, -2], "size": [8, 4, 7], "inflate": 0.2, "uv": [120, 70]},
						{
							"origin": [-5, 17, -3],
							"size": [10, 7, 9],
							"uv": {
								"north": {"uv": [13.032, 58.032], "uv_size": [9.936, 6.936]},
								"east": {"uv": [4.032, 58.032], "uv_size": [8.936, 6.936]},
								"south": {"uv": [32.032, 58.032], "uv_size": [9.936, 6.936]},
								"west": {"uv": [23.032, 58.032], "uv_size": [8.936, 6.936]},
								"up": {"uv": [13.032, 49.032], "uv_size": [9.936, 8.936]},
								"down": {"uv": [23.032, 57.968], "uv_size": [9.936, -8.936]}
							}
						},
						{
							"origin": [-6.5, 26.5, 0],
							"size": [3, 2, 4],
							"inflate": 0.01,
							"pivot": [-5, 27, 2],
							"rotation": [0, 0, 10],
							"uv": {
								"north": {"uv": [70.032, 75.032], "uv_size": [2.936, 1.936]},
								"east": {"uv": [67.032, 75.032], "uv_size": [2.936, 1.936]},
								"south": {"uv": [67.032, 75.032], "uv_size": [2.936, 1.936]},
								"west": {"uv": [70.032, 75.032], "uv_size": [2.936, 1.936]},
								"up": {"uv": [70.032, 71.032], "uv_size": [2.936, 3.936]},
								"down": {"uv": [70.032, 74.968], "uv_size": [2.936, -3.936]}
							}
						},
						{
							"origin": [3.5, 26.5, 0],
							"size": [3, 2, 4],
							"inflate": 0.01,
							"pivot": [5, 27, 2],
							"rotation": [0, 0, -10],
							"uv": {
								"north": {"uv": [72.968, 75.032], "uv_size": [-2.936, 1.936]},
								"east": {"uv": [72.968, 75.032], "uv_size": [-2.936, 1.936]},
								"south": {"uv": [69.968, 75.032], "uv_size": [-2.936, 1.936]},
								"west": {"uv": [69.968, 75.032], "uv_size": [-2.936, 1.936]},
								"up": {"uv": [72.968, 71.032], "uv_size": [-2.936, 3.936]},
								"down": {"uv": [72.968, 74.968], "uv_size": [-2.936, -3.936]}
							}
						}
					]
				},
				{
					"name": "belly",
					"parent": "bodysuit",
					"pivot": [-3.9, 22, -3]
				},
				{
					"name": "Bowtie",
					"parent": "belly",
					"pivot": [0, 28, -2],
					"rotation": [-7.5, 0, 0],
					"cubes": [
						{
							"origin": [1, 26, -2.09],
							"size": [2, 2, 0],
							"pivot": [1, 26, -2.1],
							"rotation": [0, 22.5, 0],
							"uv": {
								"north": {"uv": [19, 30], "uv_size": [2, 2]},
								"east": {"uv": [9, 42], "uv_size": [0, 4]},
								"west": {"uv": [3, 42], "uv_size": [0, 4]},
								"up": {"uv": [9, 42], "uv_size": [-6, 0]},
								"down": {"uv": [9, 41], "uv_size": [-6, 0]}
							}
						},
						{
							"origin": [0.5, 24.5, -2.1],
							"size": [2, 2, 0],
							"pivot": [1, 24, -2.1],
							"rotation": [0, 22.5, 0],
							"uv": {
								"north": {"uv": [19, 32], "uv_size": [2, 2]},
								"east": {"uv": [9, 42], "uv_size": [0, 4]},
								"west": {"uv": [3, 42], "uv_size": [0, 4]},
								"up": {"uv": [9, 42], "uv_size": [-6, 0]},
								"down": {"uv": [9, 41], "uv_size": [-6, 0]}
							}
						},
						{
							"origin": [-2.5, 24.5, -2.1],
							"size": [2, 2, 0],
							"pivot": [-1, 23, -2.1],
							"rotation": [0, -22.5, 0],
							"uv": {
								"north": {"uv": [15, 32], "uv_size": [2, 2]},
								"east": {"uv": [3, 42], "uv_size": [0, 4]},
								"west": {"uv": [9, 42], "uv_size": [0, 4]},
								"up": {"uv": [3, 42], "uv_size": [6, 0]},
								"down": {"uv": [3, 41], "uv_size": [6, 0]}
							}
						},
						{
							"origin": [-3, 26, -2.09],
							"size": [2, 2, 0],
							"pivot": [-1, 26, -2.1],
							"rotation": [0, -22.5, 0],
							"uv": {
								"north": {"uv": [15, 30], "uv_size": [2, 2]},
								"east": {"uv": [3, 42], "uv_size": [0, 4]},
								"west": {"uv": [9, 42], "uv_size": [0, 4]},
								"up": {"uv": [3, 42], "uv_size": [6, 0]},
								"down": {"uv": [3, 41], "uv_size": [6, 0]}
							}
						},
						{
							"origin": [-1, 25, -2.5],
							"size": [2, 2, 1],
							"uv": {
								"north": {"uv": [17, 31], "uv_size": [2, 2]},
								"east": {"uv": [17, 31], "uv_size": [1, 2]},
								"south": {"uv": [17, 31], "uv_size": [2, 2]},
								"west": {"uv": [19, 31], "uv_size": [-1, 2]},
								"up": {"uv": [17, 31], "uv_size": [2, 1]},
								"down": {"uv": [17, 33], "uv_size": [2, -1]}
							}
						}
					]
				},
				{
					"name": "endobody",
					"parent": "feddybod",
					"pivot": [0, 9, 2],
					"cubes": [
						{
							"origin": [5, 25, 1],
							"size": [2, 2, 2],
							"uv": {
								"north": {"uv": [116.032, 28.032], "uv_size": [1.936, 1.936]},
								"east": {"uv": [116.032, 28.032], "uv_size": [1.936, 1.936]},
								"south": {"uv": [116.032, 28.032], "uv_size": [1.936, 1.936]},
								"west": {"uv": [116.032, 28.032], "uv_size": [1.936, 1.936]},
								"up": {"uv": [117.968, 29.968], "uv_size": [-1.936, -1.936]},
								"down": {"uv": [117.968, 29.968], "uv_size": [-1.936, -1.936]}
							}
						},
						{
							"origin": [-7, 25, 1],
							"size": [2, 2, 2],
							"uv": {
								"north": {"uv": [104.032, 28.032], "uv_size": [1.936, 1.936]},
								"east": {"uv": [104.032, 28.032], "uv_size": [1.936, 1.936]},
								"south": {"uv": [104.032, 28.032], "uv_size": [1.936, 1.936]},
								"west": {"uv": [104.032, 28.032], "uv_size": [1.936, 1.936]},
								"up": {"uv": [105.968, 29.968], "uv_size": [-1.936, -1.936]},
								"down": {"uv": [105.968, 29.968], "uv_size": [-1.936, -1.936]}
							}
						},
						{
							"origin": [-1, 16, 1],
							"size": [2, 9, 2],
							"uv": {
								"north": {"uv": [110.032, 30.032], "uv_size": [1.936, 8.936]},
								"east": {"uv": [111.968, 30.032], "uv_size": [-1.936, 8.936]},
								"south": {"uv": [110.032, 30.032], "uv_size": [1.936, 8.936]},
								"west": {"uv": [111.968, 30.032], "uv_size": [-1.936, 8.936]},
								"up": {"uv": [110.032, 37.032], "uv_size": [1.936, 1.936]},
								"down": {"uv": [110.032, 38.968], "uv_size": [1.936, -1.936]}
							}
						},
						{
							"origin": [-5, 16, 2],
							"size": [10, 9, 0],
							"uv": {
								"north": {"uv": [106.032, 30.032], "uv_size": [9.936, 8.936]}
							}
						},
						{
							"origin": [-3.5, 27, 2],
							"size": [7, 3, 0],
							"uv": {
								"north": {"uv": [107.032, 25.032], "uv_size": [6.936, 2.936]}
							}
						},
						{
							"origin": [-5, 25, 1],
							"size": [10, 2, 2],
							"uv": {
								"north": {"uv": [106.032, 28.032], "uv_size": [9.936, 1.936]},
								"east": {"uv": [104.032, 28.032], "uv_size": [1.936, 1.936]},
								"south": {"uv": [106.032, 28.032], "uv_size": [9.936, 1.936]},
								"west": {"uv": [116.032, 28.032], "uv_size": [1.936, 1.936]},
								"up": {"uv": [106.032, 29.968], "uv_size": [9.936, -1.936]},
								"down": {"uv": [106.032, 29.968], "uv_size": [9.936, -1.936]}
							}
						}
					]
				},
				{
					"name": "armL",
					"parent": "feddybod",
					"pivot": [-6, 26, 2],
					"rotation": [0, 0, 90]
				},
				{
					"name": "upper",
					"parent": "armL",
					"pivot": [-6, 26, 2],
					"cubes": [
						{
							"origin": [-7, 20, 1],
							"size": [2, 5, 2],
							"uv": {
								"north": {"uv": [104.032, 30.032], "uv_size": [1.936, 4.936]},
								"east": {"uv": [105.968, 30.032], "uv_size": [-1.936, 4.936]},
								"south": {"uv": [105.968, 30.032], "uv_size": [-1.936, 4.936]},
								"west": {"uv": [104.032, 30.032], "uv_size": [1.936, 4.936]},
								"up": {"uv": [105.968, 31.968], "uv_size": [-1.936, -1.936]},
								"down": {"uv": [105.968, 35.968], "uv_size": [-1.936, -1.936]}
							}
						},
						{
							"origin": [-7, 20, 1],
							"size": [2, 5, 2],
							"inflate": 0.15,
							"uv": {
								"north": {"uv": [102.032, 30.032], "uv_size": [1.936, 4.936]},
								"east": {"uv": [102.032, 30.032], "uv_size": [1.936, 4.936]},
								"south": {"uv": [102.032, 30.032], "uv_size": [1.936, 4.936]},
								"west": {"uv": [102.032, 30.032], "uv_size": [1.936, 4.936]}
							}
						},
						{
							"origin": [-8, 21, 0],
							"size": [4, 5, 4],
							"uv": {
								"north": {"uv": [48.032, 58.032], "uv_size": [3.936, 4.936]},
								"east": {"uv": [48.032, 58.032], "uv_size": [3.936, 4.936]},
								"south": {"uv": [48.032, 58.032], "uv_size": [3.936, 4.936]},
								"west": {"uv": [48.032, 58.032], "uv_size": [3.936, 4.936]},
								"up": {"uv": [52.032, 58.032], "uv_size": [3.936, 3.936]},
								"down": {"uv": [44.032, 61.968], "uv_size": [3.936, -3.936]}
							}
						}
					]
				},
				{
					"name": "lower",
					"parent": "armL",
					"pivot": [-6, 19.5, 2],
					"cubes": [
						{
							"origin": [-7, 15, 1],
							"size": [2, 5, 2],
							"uv": {
								"north": {"uv": [104.032, 35.032], "uv_size": [1.936, 4.936]},
								"east": {"uv": [105.968, 35.032], "uv_size": [-1.936, 4.936]},
								"south": {"uv": [105.968, 35.032], "uv_size": [-1.936, 4.936]},
								"west": {"uv": [104.032, 35.032], "uv_size": [1.936, 4.936]},
								"up": {"uv": [105.968, 35.968], "uv_size": [-1.936, -1.936]},
								"down": {"uv": [105.968, 39.968], "uv_size": [-1.936, -1.936]}
							}
						},
						{
							"origin": [-8, 16, 0],
							"size": [4, 4, 4],
							"uv": {
								"north": {"uv": [48.032, 63.032], "uv_size": [3.936, 3.936]},
								"east": {"uv": [48.032, 63.032], "uv_size": [3.936, 3.936]},
								"south": {"uv": [48.032, 63.032], "uv_size": [3.936, 3.936]},
								"west": {"uv": [48.032, 63.032], "uv_size": [3.936, 3.936]},
								"up": {"uv": [52.032, 58.032], "uv_size": [3.936, 3.936]},
								"down": {"uv": [44.032, 61.968], "uv_size": [3.936, -3.936]}
							}
						},
						{
							"origin": [-8, 15, 0],
							"size": [4, 3, 4],
							"inflate": 0.2,
							"uv": {
								"north": {"uv": [92, 113], "uv_size": [4, 3]},
								"east": {"uv": [88, 113], "uv_size": [4, 3]},
								"south": {"uv": [100, 113], "uv_size": [4, 3]},
								"west": {"uv": [96, 113], "uv_size": [4, 3]},
								"up": {"uv": [92, 109], "uv_size": [4, 4]},
								"down": {"uv": [96, 113], "uv_size": [4, -4]}
							}
						}
					]
				},
				{
					"name": "hand",
					"parent": "lower",
					"pivot": [-6, 15, 2]
				},
				{
					"name": "StrummingHand",
					"parent": "hand",
					"pivot": [-6, 15, 2],
					"cubes": [
						{
							"origin": [-7, 12, 0],
							"size": [2, 3, 4],
							"uv": {
								"north": {"uv": [48.032, 53.032], "uv_size": [1.936, 2.936]},
								"east": {"uv": [44.032, 53.032], "uv_size": [3.936, 2.936]},
								"south": {"uv": [54.032, 53.032], "uv_size": [1.936, 2.936]},
								"west": {"uv": [50.032, 53.032], "uv_size": [3.936, 2.936]},
								"up": {"uv": [48.032, 49.032], "uv_size": [1.936, 3.936]},
								"down": {"uv": [50.032, 52.968], "uv_size": [1.936, -3.936]}
							}
						}
					]
				},
				{
					"name": "fingers",
					"parent": "StrummingHand",
					"pivot": [-7, 12, 2],
					"cubes": [
						{
							"origin": [-7, 10, 0],
							"size": [2, 2, 4],
							"uv": {
								"north": {"uv": [82.032, 72.032], "uv_size": [1.936, 1.936]},
								"east": {"uv": [78.032, 72.032], "uv_size": [3.936, 1.936]},
								"south": {"uv": [88.032, 72.032], "uv_size": [1.936, 1.936]},
								"west": {"uv": [84.032, 72.032], "uv_size": [3.936, 1.936]},
								"up": {"uv": [82.032, 68.032], "uv_size": [1.936, 3.936]},
								"down": {"uv": [84.032, 71.968], "uv_size": [1.936, -3.936]}
							}
						}
					]
				},
				{
					"name": "thumb",
					"parent": "StrummingHand",
					"pivot": [-7, 14, 0]
				},
				{
					"name": "bone2",
					"parent": "thumb",
					"pivot": [-7, 15, 0],
					"cubes": [
						{
							"origin": [-7, 13, -2],
							"size": [2, 2, 2],
							"inflate": 0.1,
							"uv": {
								"north": {"uv": [59.032, 60.032], "uv_size": [1.936, 1.936]},
								"east": {"uv": [56.032, 60.032], "uv_size": [1.936, 1.936]},
								"south": {"uv": [64.032, 60.032], "uv_size": [1.936, 1.936]},
								"west": {"uv": [61.032, 60.032], "uv_size": [1.936, 1.936]},
								"up": {"uv": [59.032, 57.032], "uv_size": [1.936, 1.936]},
								"down": {"uv": [61.032, 58.968], "uv_size": [1.936, -1.936]}
							}
						}
					]
				},
				{
					"name": "bone11",
					"parent": "StrummingHand",
					"pivot": [-5, 13, 3],
					"rotation": [90, 0, -90],
					"cubes": [
						{"origin": [-6, 10, 2], "size": [2, 12, 2], "uv": [142, 114]},
						{"origin": [-4, 20, 2], "size": [4, 2, 2], "uv": [130, 124]},
						{"origin": [-2, 19, 2], "size": [2, 1, 2], "uv": [134, 120]}
					]
				},
				{
					"name": "item",
					"parent": "hand",
					"pivot": [-5, 12, 3],
					"rotation": [90, -2.5, -90]
				},
				{
					"name": "bone",
					"parent": "item",
					"pivot": [-5, 14.16667, 3.79167],
					"rotation": [0, 0, -2.5],
					"cubes": [
						{"origin": [-8, 22, 4], "size": [6, 6, 0], "uv": [100, 80]},
						{"origin": [-7, 22, 3], "size": [4, 4, 2], "uv": [102, 86]},
						{"origin": [-6.5, 10, 3.5], "size": [3, 12, 1], "uv": [80, 97]},
						{"origin": [-6.5, 3, 2.75], "size": [3, 19, 0], "uv": [96, 88]},
						{"origin": [-8, 2, 3], "size": [6, 8, 2], "uv": [80, 88]},
						{
							"origin": [-10, -3, 4],
							"size": [10, 9, 0.2],
							"uv": {
								"north": {"uv": [80, 79], "uv_size": [10, 9]},
								"south": {"uv": [90, 79], "uv_size": [10, 9]}
							}
						}
					]
				},
				{
					"name": "guitar_hw",
					"parent": "bone",
					"pivot": [-5.07184, 17.06316, 3.6],
					"cubes": [
						{"origin": [-8.9886, 24.22561, 4], "size": [5, 2, 0], "pivot": [-6.4886, 25.22561, 4], "rotation": [0, 0, -62.5], "uv": [140, 98]},
						{"origin": [-6.09452, 21.3031, 3], "size": [3, 6, 2], "pivot": [-4.59452, 24.3031, 4], "rotation": [0, 0, 27.5], "uv": [132, 106]},
						{"origin": [-5.05316, 22.03972, 4], "size": [3, 5, 0], "pivot": [-3.55316, 24.53972, 4], "rotation": [0, 0, -7.5], "uv": [140, 100]},
						{"origin": [-4.50514, 24, 2.25], "size": [1, 1, 1], "uv": [142, 105]},
						{"origin": [-6.50514, 22, 2.25], "size": [1, 1, 1], "uv": [142, 107]},
						{"origin": [-6.5, 6, 3.5], "size": [3, 16, 1], "uv": [124, 106]},
						{"origin": [-6.5, 2, 2.9], "size": [3, 22, 0], "uv": [118, 106]},
						{"origin": [-12.5, -4, 4], "size": [13, 13, 0], "uv": [118, 85]},
						{"origin": [-9.5, 0, 3], "size": [9, 6, 2], "uv": [118, 98]}
					]
				},
				{
					"name": "armR",
					"parent": "feddybod",
					"pivot": [6, 26, 2],
					"rotation": [0, 0, -90]
				},
				{
					"name": "upper2",
					"parent": "armR",
					"pivot": [6, 26, 2],
					"cubes": [
						{
							"origin": [5, 20, 1],
							"size": [2, 5, 2],
							"uv": {
								"north": {"uv": [116.032, 30.032], "uv_size": [1.936, 4.936]},
								"east": {"uv": [117.968, 30.032], "uv_size": [-1.936, 4.936]},
								"south": {"uv": [116.032, 30.032], "uv_size": [1.936, 4.936]},
								"west": {"uv": [117.968, 30.032], "uv_size": [-1.936, 4.936]}
							}
						},
						{
							"origin": [5, 20, 1],
							"size": [2, 5, 2],
							"inflate": 0.15,
							"uv": {
								"north": {"uv": [118.032, 30.032], "uv_size": [1.936, 4.936]},
								"east": {"uv": [118.032, 30.032], "uv_size": [1.936, 4.936]},
								"south": {"uv": [118.032, 30.032], "uv_size": [1.936, 4.936]},
								"west": {"uv": [118.032, 30.032], "uv_size": [1.936, 4.936]}
							}
						},
						{
							"origin": [4, 21, 0],
							"size": [4, 5, 4],
							"uv": {
								"north": {"uv": [48.032, 69.032], "uv_size": [3.936, 4.936]},
								"east": {"uv": [48.032, 69.032], "uv_size": [3.936, 4.936]},
								"south": {"uv": [48.032, 69.032], "uv_size": [3.936, 4.936]},
								"west": {"uv": [48.032, 69.032], "uv_size": [3.936, 4.936]},
								"up": {"uv": [44.032, 69.032], "uv_size": [3.936, 3.936]},
								"down": {"uv": [52.032, 72.968], "uv_size": [3.936, -3.936]}
							}
						}
					]
				},
				{
					"name": "lower2",
					"parent": "armR",
					"pivot": [6, 20.5, 2],
					"cubes": [
						{
							"origin": [5, 15, 1],
							"size": [2, 5, 2],
							"uv": {
								"north": {"uv": [116.032, 35.032], "uv_size": [1.936, 4.936]},
								"east": {"uv": [117.968, 35.032], "uv_size": [-1.936, 4.936]},
								"south": {"uv": [116.032, 35.032], "uv_size": [1.936, 4.936]},
								"west": {"uv": [117.968, 35.032], "uv_size": [-1.936, 4.936]},
								"up": {"uv": [117.968, 36.968], "uv_size": [-1.936, -1.936]},
								"down": {"uv": [117.968, 39.968], "uv_size": [-1.936, -4.936]}
							}
						},
						{
							"origin": [5, 15, 1],
							"size": [2, 5, 2],
							"inflate": 0.15,
							"uv": {
								"north": {"uv": [118.032, 35.032], "uv_size": [1.936, 4.936]},
								"east": {"uv": [119.968, 35.032], "uv_size": [-1.936, 4.936]},
								"south": {"uv": [118.032, 35.032], "uv_size": [1.936, 4.936]},
								"west": {"uv": [119.968, 35.032], "uv_size": [-1.936, 4.936]}
							}
						},
						{
							"origin": [4, 16, 0],
							"size": [4, 4, 4],
							"uv": {
								"north": {"uv": [51.968, 74.032], "uv_size": [-3.936, 3.936]},
								"east": {"uv": [48.032, 74.032], "uv_size": [3.936, 3.936]},
								"south": {"uv": [48.032, 74.032], "uv_size": [3.936, 3.936]},
								"west": {"uv": [48.032, 74.032], "uv_size": [3.936, 3.936]},
								"up": {"uv": [44.032, 69.032], "uv_size": [3.936, 3.936]},
								"down": {"uv": [52.032, 72.968], "uv_size": [3.936, -3.936]}
							}
						},
						{
							"origin": [4, 15, 0],
							"size": [4, 3, 4],
							"inflate": 0.2,
							"uv": {
								"north": {"uv": [96, 113], "uv_size": [-4, 3]},
								"east": {"uv": [92, 113], "uv_size": [-4, 3]},
								"south": {"uv": [104, 113], "uv_size": [-4, 3]},
								"west": {"uv": [100, 113], "uv_size": [-4, 3]},
								"up": {"uv": [96, 109], "uv_size": [-4, 4]},
								"down": {"uv": [100, 113], "uv_size": [-4, -4]}
							}
						}
					]
				},
				{
					"name": "blood",
					"parent": "lower2",
					"pivot": [6, 18, 2],
					"cubes": [
						{
							"origin": [4, 16, 0],
							"size": [4, 4, 4],
							"inflate": 0.01,
							"uv": {
								"north": {"uv": [71.968, 124.032], "uv_size": [-3.936, 3.936]},
								"east": {"uv": [68.032, 124.032], "uv_size": [3.936, 3.936]},
								"south": {"uv": [71.968, 124.032], "uv_size": [-3.936, 3.936]},
								"west": {"uv": [68.032, 124.032], "uv_size": [3.936, 3.936]},
								"up": {"uv": [64.032, 120.032], "uv_size": [3.936, 3.936]},
								"down": {"uv": [68.032, 123.968], "uv_size": [3.936, -3.936]}
							}
						}
					]
				},
				{
					"name": "hand2",
					"parent": "lower2",
					"pivot": [6, 15, 2],
					"cubes": [
						{
							"origin": [5, 12, 0],
							"size": [2, 3, 4],
							"uv": {
								"north": {"uv": [49.968, 53.032], "uv_size": [-1.936, 2.936]},
								"east": {"uv": [50.032, 53.032], "uv_size": [3.936, 2.936]},
								"south": {"uv": [55.968, 53.032], "uv_size": [-1.936, 2.936]},
								"west": {"uv": [44.032, 53.032], "uv_size": [3.936, 2.936]},
								"up": {"uv": [48.032, 49.032], "uv_size": [1.936, 3.936]},
								"down": {"uv": [82.032, 33.968], "uv_size": [1.936, -3.936]}
							}
						}
					]
				},
				{
					"name": "blood2",
					"parent": "hand2",
					"pivot": [6, 12.83333, 1],
					"cubes": [
						{"origin": [5, 12, 3], "size": [2, 3, 4], "inflate": 0.01, "uv": [40, 121], "mirror": true}
					]
				},
				{
					"name": "heart",
					"parent": "hand2",
					"pivot": [4.48, 12.54, 0.98],
					"cubes": [
						{
							"origin": [3, 11, 0],
							"size": [3, 3, 4],
							"uv": {
								"north": {"uv": [4.032, 125.032], "uv_size": [2.936, 2.936]},
								"east": {"uv": [10.968, 127.968], "uv_size": [-3.936, -2.936]},
								"south": {"uv": [11.032, 125.032], "uv_size": [2.936, 2.936]},
								"west": {"uv": [7.032, 125.032], "uv_size": [3.936, 2.936]},
								"up": {"uv": [10.968, 125.032], "uv_size": [-3.936, 2.936], "uv_rotation": 90},
								"down": {"uv": [7.032, 127.968], "uv_size": [3.936, -2.936], "uv_rotation": 90}
							}
						},
						{
							"origin": [3, 11, 0],
							"size": [3, 3, 4],
							"inflate": 0.2,
							"uv": {
								"north": {"uv": [18.032, 125.032], "uv_size": [2.936, 2.936]},
								"east": {"uv": [24.968, 127.968], "uv_size": [-3.936, -2.936]},
								"south": {"uv": [25.032, 125.032], "uv_size": [2.936, 2.936]},
								"west": {"uv": [21.032, 125.032], "uv_size": [3.936, 2.936]},
								"up": {"uv": [24.968, 125.032], "uv_size": [-3.936, 2.936], "uv_rotation": 90},
								"down": {"uv": [21.032, 127.968], "uv_size": [3.936, -2.936], "uv_rotation": 90}
							}
						},
						{"origin": [4.5, 11.2, -1.3], "size": [0, 4, 6], "uv": [0, 110]},
						{"origin": [4.5, 12.1, -1.7], "size": [0, 1, 2], "uv": [0, 113]},
						{"origin": [4.4, 11.4, -1.1], "size": [0, 1, 2], "uv": [0, 112]}
					]
				},
				{
					"name": "fingers3",
					"parent": "hand2",
					"pivot": [7, 12, 2],
					"cubes": [
						{
							"origin": [5, 10, 0],
							"size": [2, 2, 4],
							"uv": {
								"north": {"uv": [83.968, 72.032], "uv_size": [-1.936, 1.936]},
								"east": {"uv": [23.032, 35.032], "uv_size": [3.936, 1.936]},
								"south": {"uv": [33.032, 35.032], "uv_size": [1.936, 1.936]},
								"west": {"uv": [81.968, 72.032], "uv_size": [-3.936, 1.936]},
								"up": {"uv": [86.032, 68.032], "uv_size": [1.936, 3.936]},
								"down": {"uv": [85.968, 71.968], "uv_size": [-1.936, -3.936]}
							}
						}
					]
				},
				{
					"name": "fingers4",
					"parent": "fingers3",
					"pivot": [7, 10, 2]
				},
				{
					"name": "thumb3",
					"parent": "hand2",
					"pivot": [7, 14, 0]
				},
				{
					"name": "thumb4",
					"parent": "thumb3",
					"pivot": [7, 15, 0],
					"cubes": [
						{
							"origin": [5, 13, -2],
							"size": [2, 2, 2],
							"inflate": 0.1,
							"uv": {
								"north": {"uv": [60.968, 60.032], "uv_size": [-1.936, 1.936]},
								"east": {"uv": [60.032, 67.032], "uv_size": [1.936, 1.936]},
								"south": {"uv": [63.032, 68.032], "uv_size": [1.936, 1.936]},
								"west": {"uv": [57.968, 60.032], "uv_size": [-1.936, 1.936]},
								"up": {"uv": [60.968, 57.032], "uv_size": [-1.936, 1.936]},
								"down": {"uv": [60.032, 58.968], "uv_size": [1.936, -1.936]}
							}
						}
					]
				},
				{
					"name": "bone10",
					"parent": "thumb4",
					"pivot": [0, 0, 0]
				},
				{
					"name": "belowpart",
					"parent": "feddy",
					"pivot": [0, 19, 2]
				},
				{
					"name": "pelvissuit",
					"parent": "belowpart",
					"pivot": [0, 17, 2],
					"cubes": [
						{
							"origin": [-3, 14.3, 1],
							"size": [6, 3, 2],
							"inflate": 0.2,
							"uv": {
								"north": {"uv": [108.032, 40.032], "uv_size": [5.936, 2.936]},
								"east": {"uv": [22.032, 109.032], "uv_size": [1.936, 2.936]},
								"south": {"uv": [108.032, 40.032], "uv_size": [5.936, 2.936]},
								"west": {"uv": [26.032, 109.032], "uv_size": [1.936, 2.936]},
								"up": {"uv": [100.032, 41.032], "uv_size": [5.936, 1.936]},
								"down": {"uv": [26.032, 108.968], "uv_size": [5.936, -1.936]}
							}
						},
						{
							"origin": [-5, 14, -2],
							"size": [10, 3, 7],
							"uv": {
								"north": {"uv": [13.032, 66.032], "uv_size": [9.936, 2.936]},
								"east": {"uv": [35.032, 66.032], "uv_size": [6.936, 2.936]},
								"south": {"uv": [23.032, 66.032], "uv_size": [9.936, 2.936]},
								"west": {"uv": [4.032, 66.032], "uv_size": [6.936, 2.936]},
								"up": {"uv": [13.032, 70.032], "uv_size": [9.936, 6.936]},
								"down": {"uv": [23.032, 76.968], "uv_size": [9.936, -6.936]}
							}
						},
						{
							"origin": [-6, 15, -4],
							"size": [12, 3, 11],
							"uv": {
								"north": {"uv": [150, 43], "uv_size": [-12, 3]},
								"east": {"uv": [138, 40], "uv_size": [-11, 3]},
								"south": {"uv": [150, 40], "uv_size": [-12, 3]},
								"west": {"uv": [138, 43], "uv_size": [-11, 3]},
								"up": {"uv": [150, 29], "uv_size": [-12, 11]},
								"down": {"uv": [138, 40], "uv_size": [-12, -11]}
							}
						}
					]
				},
				{
					"name": "legL",
					"parent": "belowpart",
					"pivot": [-3, 15, 2]
				},
				{
					"name": "upper3",
					"parent": "legL",
					"pivot": [-3, 15, 2],
					"cubes": [
						{
							"origin": [-4, 8, 1],
							"size": [2, 6, 2],
							"uv": {
								"north": {"uv": [108.032, 46.032], "uv_size": [1.936, 5.936]},
								"east": {"uv": [109.968, 46.032], "uv_size": [-1.936, 5.936]},
								"south": {"uv": [108.032, 46.032], "uv_size": [1.936, 5.936]},
								"west": {"uv": [109.968, 46.032], "uv_size": [-1.936, 5.936]}
							}
						},
						{
							"origin": [-4, 8, 1],
							"size": [2, 6, 2],
							"inflate": 0.15,
							"uv": {
								"north": {"uv": [103.032, 44.032], "uv_size": [1.936, 5.936]},
								"east": {"uv": [103.032, 44.032], "uv_size": [1.936, 5.936]},
								"south": {"uv": [103.032, 44.032], "uv_size": [1.936, 5.936]},
								"west": {"uv": [103.032, 44.032], "uv_size": [1.936, 5.936]}
							}
						},
						{
							"origin": [-5.3, 8, 2],
							"size": [5, 8, 0],
							"uv": {
								"north": {"uv": [97.032, 43.032], "uv_size": [4.936, 7.936]}
							}
						},
						{
							"origin": [-4, 14, 1],
							"size": [2, 2, 2],
							"uv": {
								"north": {"uv": [108.032, 44.032], "uv_size": [1.936, 1.936]},
								"east": {"uv": [108.032, 44.032], "uv_size": [1.936, 1.936]},
								"south": {"uv": [108.032, 44.032], "uv_size": [1.936, 1.936]},
								"west": {"uv": [108.032, 44.032], "uv_size": [1.936, 1.936]},
								"up": {"uv": [109.968, 45.968], "uv_size": [-1.936, -1.936]},
								"down": {"uv": [109.968, 45.968], "uv_size": [-1.936, -1.936]}
							}
						},
						{
							"origin": [-5.5, 9, -0.5],
							"size": [5, 6, 5],
							"uv": {
								"north": {"uv": [60.968, 79.032], "uv_size": [-4.936, 5.936]},
								"east": {"uv": [55.968, 79.032], "uv_size": [-4.936, 5.936]},
								"south": {"uv": [70.968, 79.032], "uv_size": [-4.936, 5.936]},
								"west": {"uv": [65.968, 79.032], "uv_size": [-4.936, 5.936]},
								"up": {"uv": [5.032, 85.032], "uv_size": [4.936, 4.936]},
								"down": {"uv": [5.032, 94.968], "uv_size": [4.936, -4.936]}
							}
						}
					]
				},
				{
					"name": "lower3",
					"parent": "legL",
					"pivot": [-3, 8.5, 2],
					"cubes": [
						{
							"origin": [-4, 2, 1],
							"size": [2, 6, 2],
							"uv": {
								"north": {"uv": [108.032, 52.032], "uv_size": [1.936, 5.936]},
								"east": {"uv": [109.968, 52.032], "uv_size": [-1.936, 5.936]},
								"south": {"uv": [108.032, 52.032], "uv_size": [1.936, 5.936]},
								"west": {"uv": [109.968, 52.032], "uv_size": [-1.936, 5.936]}
							}
						},
						{
							"origin": [-4, 2, 1],
							"size": [2, 6, 2],
							"inflate": 0.15,
							"uv": {
								"north": {"uv": [103.032, 50.032], "uv_size": [1.936, 5.936]},
								"east": {"uv": [103.032, 50.032], "uv_size": [1.936, 5.936]},
								"south": {"uv": [103.032, 50.032], "uv_size": [1.936, 5.936]},
								"west": {"uv": [103.032, 50.032], "uv_size": [1.936, 5.936]}
							}
						},
						{
							"origin": [-5, 2, 0],
							"size": [4, 6, 4],
							"inflate": 0.3,
							"uv": {
								"north": {"uv": [14.032, 85.032], "uv_size": [3.936, 5.936]},
								"east": {"uv": [17.968, 85.032], "uv_size": [-3.936, 5.936]},
								"south": {"uv": [18.032, 85.032], "uv_size": [3.936, 5.936]},
								"west": {"uv": [18.032, 85.032], "uv_size": [3.936, 5.936]},
								"up": {"uv": [22.032, 85.032], "uv_size": [3.936, 3.936]},
								"down": {"uv": [22.032, 88.968], "uv_size": [3.936, -3.936]}
							}
						},
						{
							"origin": [-5.3, 2, 2],
							"size": [5, 6, 0],
							"uv": {
								"north": {"uv": [97.032, 51.032], "uv_size": [4.936, 5.936]}
							}
						}
					]
				},
				{
					"name": "knee",
					"parent": "lower3",
					"pivot": [-3, 8.5, 1],
					"cubes": [
						{
							"origin": [-5, 7, -1],
							"size": [4, 3, 1],
							"uv": {
								"north": {"uv": [7.032, 79.032], "uv_size": [3.936, 2.936]},
								"east": {"uv": [6.032, 79.032], "uv_size": [0.936, 2.936]},
								"west": {"uv": [11.032, 79.032], "uv_size": [0.936, 2.936]},
								"up": {"uv": [7.032, 78.032], "uv_size": [3.936, 0.936]},
								"down": {"uv": [7.032, 82.968], "uv_size": [3.936, -0.936]}
							}
						}
					]
				},
				{
					"name": "foot",
					"parent": "lower3",
					"pivot": [-3, 2, 2],
					"cubes": [
						{
							"origin": [-6, 0, -4],
							"size": [6, 2, 8],
							"uv": {
								"north": {"uv": [17.968, 100.032], "uv_size": [-5.936, 1.936]},
								"east": {"uv": [24.968, 100.032], "uv_size": [-6.936, 1.936]},
								"south": {"uv": [31.968, 100.032], "uv_size": [-5.936, 1.936]},
								"west": {"uv": [11.968, 100.032], "uv_size": [-7.936, 1.936]},
								"up": {"uv": [17.968, 92.032], "uv_size": [-5.936, 7.936]},
								"down": {"uv": [23.968, 99.968], "uv_size": [-5.936, -7.936]}
							}
						}
					]
				},
				{
					"name": "legR",
					"parent": "belowpart",
					"pivot": [3, 15, 2]
				},
				{
					"name": "upper4",
					"parent": "legR",
					"pivot": [3, 15, 2],
					"cubes": [
						{
							"origin": [2, 8, 1],
							"size": [2, 6, 2],
							"uv": {
								"north": {"uv": [112.032, 46.032], "uv_size": [1.936, 5.936]},
								"east": {"uv": [113.968, 46.032], "uv_size": [-1.936, 5.936]},
								"south": {"uv": [113.968, 46.032], "uv_size": [-1.936, 5.936]},
								"west": {"uv": [112.032, 46.032], "uv_size": [1.936, 5.936]}
							}
						},
						{
							"origin": [0.3, 8, 2],
							"size": [5, 8, 0],
							"uv": {
								"north": {"uv": [120.032, 43.032], "uv_size": [4.936, 7.936]}
							}
						},
						{
							"origin": [2, 8, 1],
							"size": [2, 6, 2],
							"inflate": 0.15,
							"uv": {
								"north": {"uv": [117.032, 44.032], "uv_size": [1.936, 5.936]},
								"east": {"uv": [117.032, 44.032], "uv_size": [1.936, 5.936]},
								"south": {"uv": [117.032, 44.032], "uv_size": [1.936, 5.936]},
								"west": {"uv": [117.032, 44.032], "uv_size": [1.936, 5.936]}
							}
						},
						{
							"origin": [2, 14, 1],
							"size": [2, 2, 2],
							"uv": {
								"north": {"uv": [112.032, 44.032], "uv_size": [1.936, 1.936]},
								"east": {"uv": [112.032, 44.032], "uv_size": [1.936, 1.936]},
								"south": {"uv": [112.032, 44.032], "uv_size": [1.936, 1.936]},
								"west": {"uv": [112.032, 44.032], "uv_size": [1.936, 1.936]},
								"up": {"uv": [113.968, 45.968], "uv_size": [-1.936, -1.936]},
								"down": {"uv": [113.968, 45.968], "uv_size": [-1.936, -1.936]}
							}
						},
						{
							"origin": [0.5, 9, -0.5],
							"size": [5, 6, 5],
							"uv": {
								"north": {"uv": [36.032, 79.032], "uv_size": [4.936, 5.936]},
								"east": {"uv": [31.032, 79.032], "uv_size": [4.936, 5.936]},
								"south": {"uv": [46.032, 79.032], "uv_size": [4.936, 5.936]},
								"west": {"uv": [41.032, 79.032], "uv_size": [4.936, 5.936]},
								"up": {"uv": [27.032, 85.032], "uv_size": [4.936, 4.936]},
								"down": {"uv": [27.032, 94.968], "uv_size": [4.936, -4.936]}
							}
						}
					]
				},
				{
					"name": "lower4",
					"parent": "legR",
					"pivot": [3, 8.5, 2],
					"cubes": [
						{
							"origin": [2, 2, 1],
							"size": [2, 6, 2],
							"uv": {
								"north": {"uv": [112.032, 52.032], "uv_size": [1.936, 5.936]},
								"east": {"uv": [113.968, 52.032], "uv_size": [-1.936, 5.936]},
								"south": {"uv": [113.968, 52.032], "uv_size": [-1.936, 5.936]},
								"west": {"uv": [112.032, 52.032], "uv_size": [1.936, 5.936]}
							}
						},
						{
							"origin": [0.3, 2, 2],
							"size": [5, 6, 0],
							"uv": {
								"north": {"uv": [120.032, 51.032], "uv_size": [4.936, 5.936]}
							}
						},
						{
							"origin": [2, 2, 1],
							"size": [2, 6, 2],
							"inflate": 0.15,
							"uv": {
								"north": {"uv": [117.032, 50.032], "uv_size": [1.936, 5.936]},
								"east": {"uv": [117.032, 50.032], "uv_size": [1.936, 5.936]},
								"south": {"uv": [117.032, 50.032], "uv_size": [1.936, 5.936]},
								"west": {"uv": [117.032, 50.032], "uv_size": [1.936, 5.936]}
							}
						},
						{
							"origin": [1, 2, 0],
							"size": [4, 6, 4],
							"inflate": 0.3,
							"uv": {
								"north": {"uv": [18.032, 85.032], "uv_size": [3.936, 5.936]},
								"east": {"uv": [14.032, 85.032], "uv_size": [3.936, 5.936]},
								"south": {"uv": [14.032, 85.032], "uv_size": [3.936, 5.936]},
								"west": {"uv": [21.968, 85.032], "uv_size": [-3.936, 5.936]},
								"up": {"uv": [10.032, 85.032], "uv_size": [3.936, 3.936]},
								"down": {"uv": [10.032, 88.968], "uv_size": [3.936, -3.936]}
							}
						}
					]
				},
				{
					"name": "knee2",
					"parent": "lower4",
					"pivot": [3, 8.5, 1],
					"cubes": [
						{
							"origin": [1, 7, -1],
							"size": [4, 3, 1],
							"uv": {
								"north": {"uv": [25.032, 79.032], "uv_size": [3.936, 2.936]},
								"east": {"uv": [24.032, 79.032], "uv_size": [0.936, 2.936]},
								"west": {"uv": [29.032, 79.032], "uv_size": [0.936, 2.936]},
								"up": {"uv": [25.032, 78.032], "uv_size": [3.936, 0.936]},
								"down": {"uv": [25.032, 82.968], "uv_size": [3.936, -0.936]}
							}
						}
					]
				},
				{
					"name": "foot2",
					"parent": "lower4",
					"pivot": [3, 2, 2],
					"cubes": [
						{
							"origin": [0, 0, -4],
							"size": [6, 2, 8],
							"uv": {
								"north": {"uv": [51.968, 100.032], "uv_size": [-5.936, 1.936]},
								"east": {"uv": [32.032, 100.032], "uv_size": [7.936, 1.936]},
								"south": {"uv": [37.968, 100.032], "uv_size": [-5.936, 1.936]},
								"west": {"uv": [53.032, 100.032], "uv_size": [7.936, 1.936]},
								"up": {"uv": [51.968, 92.032], "uv_size": [-5.936, 7.936]},
								"down": {"uv": [45.968, 99.968], "uv_size": [-5.936, -7.936]}
							}
						}
					]
				}
			]
		}
	]
}