{
	"format_version": "1.12.0",
	"minecraft:geometry": [
		{
			"description": {
				"identifier": "geometry.door_buttons_1_1_entity",
				"texture_width": 16,
				"texture_height": 16,
				"visible_bounds_width": 2,
				"visible_bounds_height": 2.5,
				"visible_bounds_offset": [0, 0.75, 0]
			},
			"bones": [
				{
					"name": "door",
					"pivot": [0, 3, -2],
					"cubes": [
						{
							"origin": [-3, 10, 3],
							"size": [6, 6, 1],
							"uv": {
								"north": {"uv": [0, 10], "uv_size": [3, 3]},
								"east": {"uv": [10, 7], "uv_size": [0.5, 3]},
								"south": {"uv": [10, 0], "uv_size": [3, 3]},
								"west": {"uv": [10, 10], "uv_size": [0.5, 3]},
								"up": {"uv": [10.5, 7], "uv_size": [3, 0.5]},
								"down": {"uv": [10.5, 8], "uv_size": [3, -0.5]}
							}
						}
					]
				},
				{
					"name": "light",
					"pivot": [0, -6, -2],
					"cubes": [
						{
							"origin": [-3, 1, 3],
							"size": [6, 6, 1],
							"uv": {
								"north": {"uv": [3, 10], "uv_size": [3, 3]},
								"east": {"uv": [10.5, 8], "uv_size": [0.5, 3]},
								"south": {"uv": [10, 3], "uv_size": [3, 3]},
								"west": {"uv": [6, 11], "uv_size": [0.5, 3]},
								"up": {"uv": [6.5, 11], "uv_size": [3, 0.5]},
								"down": {"uv": [11, 8.5], "uv_size": [3, -0.5]}
							}
						}
					]
				}
			]
		}
	]
}