{
  "format_version": "1.12.0",
  "minecraft:geometry": [
    {
      "description": {
        "identifier": "geometry.fr_editor_dummy",
        "texture_width": 64,
        "texture_height": 64,
        "visible_bounds_width": 2,
        "visible_bounds_height": 3,
        "visible_bounds_offset": [0, 1, 0]
      },
      "bones": [
        {
          "name": "root",
          "pivot": [0, 0, 0]
        },
        {
          "name": "body",
          "parent": "root",
          "pivot": [0, 12, 0],
          "cubes": [
            { "origin": [-4, 0, -2], "size": [8, 12, 4], "uv": [0, 0] }
          ]
        }
      ]
    }
  ]
}
