{
	"format_version": "1.21.20",
	"minecraft:geometry": [
		{
			"description": {
				"identifier": "geometry.endo_plush_entity",
				"texture_width": 16,
				"texture_height": 16,
				"visible_bounds_width": 2,
				"visible_bounds_height": 2.5,
				"visible_bounds_offset": [0, 0.75, 0]
			},
			"bones": [
				{
					"name": "Plush",
					"pivot": [0, 3, 2.5],
					"cubes": [
						{
							"origin": [-2.5, 3, 0],
							"size": [5, 2, 4],
							"inflate": -0.01,
							"uv": {
								"north": {"uv": [6.08, 6.4], "uv_size": [0.8, 0.32]},
								"east": {"uv": [5.44, 6.4], "uv_size": [0.64, 0.32]},
								"south": {"uv": [7.52, 6.4], "uv_size": [0.8, 0.32]},
								"west": {"uv": [6.88, 6.4], "uv_size": [0.64, 0.32]},
								"up": {"uv": [6.08, 5.76], "uv_size": [0.8, 0.64]},
								"down": {"uv": [6.88, 6.4], "uv_size": [0.8, -0.64]}
							}
						},
						{
							"origin": [-2, 1.5, 0],
							"size": [4, 2, 4],
							"inflate": -0.03,
							"uv": {
								"north": {"uv": [6.08, 8.16], "uv_size": [0.64, 0.32]},
								"east": {"uv": [5.44, 8.16], "uv_size": [0.64, 0.32]},
								"south": {"uv": [7.36, 8.16], "uv_size": [0.64, 0.32]},
								"west": {"uv": [6.72, 8.16], "uv_size": [0.64, 0.32]},
								"up": {"uv": [6.08, 7.52], "uv_size": [0.64, 0.64]},
								"down": {"uv": [6.72, 8.16], "uv_size": [0.64, -0.64]}
							}
						},
						{
							"origin": [-0.5, 1.5, 0.02],
							"size": [1, 2, 0],
							"uv": {
								"north": {"uv": [8.96, 7.84], "uv_size": [0.16, 0.32]},
								"east": {"uv": [8.96, 7.84], "uv_size": [0, 0.32]},
								"south": {"uv": [9.12, 7.84], "uv_size": [0.16, 0.32]},
								"west": {"uv": [9.12, 7.84], "uv_size": [0, 0.32]},
								"up": {"uv": [8.96, 7.84], "uv_size": [0.16, 0]},
								"down": {"uv": [9.12, 7.84], "uv_size": [0.16, 0]}
							}
						},
						{
							"origin": [-0.5, 1.5, 3.98],
							"size": [1, 2, 0],
							"uv": {
								"north": {"uv": [8.96, 7.84], "uv_size": [0.16, 0.32]},
								"east": {"uv": [8.96, 7.84], "uv_size": [0, 0.32]},
								"south": {"uv": [9.12, 7.84], "uv_size": [0.16, 0.32]},
								"west": {"uv": [9.12, 7.84], "uv_size": [0, 0.32]},
								"up": {"uv": [8.96, 7.84], "uv_size": [0.16, 0]},
								"down": {"uv": [9.12, 7.84], "uv_size": [0.16, 0]}
							}
						},
						{
							"origin": [-1.5, 0, 0.5],
							"size": [3, 2, 3],
							"inflate": -0.01,
							"uv": {
								"north": {"uv": [3.68, 6.72], "uv_size": [0.48, 0.32]},
								"east": {"uv": [3.2, 6.72], "uv_size": [0.48, 0.32]},
								"south": {"uv": [4.64, 6.72], "uv_size": [0.48, 0.32]},
								"west": {"uv": [4.16, 6.72], "uv_size": [0.48, 0.32]},
								"up": {"uv": [3.68, 6.24], "uv_size": [0.48, 0.48]},
								"down": {"uv": [4.16, 6.72], "uv_size": [0.48, -0.48]}
							}
						}
					]
				},
				{
					"name": "LegL",
					"parent": "Plush",
					"pivot": [-1.5, 1.5, 3],
					"cubes": [
						{
							"origin": [-2, 0, -3],
							"size": [2, 2, 5],
							"pivot": [-1.5, 1.5, 3],
							"rotation": [0, 12.5, 0],
							"uv": {
								"north": {"uv": [9.92, 6.56], "uv_size": [0.32, 0.32]},
								"east": {"uv": [9.12, 6.56], "uv_size": [0.8, 0.32]},
								"south": {"uv": [11.04, 6.56], "uv_size": [0.32, 0.32]},
								"west": {"uv": [10.24, 6.56], "uv_size": [0.8, 0.32]},
								"up": {"uv": [9.92, 5.76], "uv_size": [0.32, 0.8]},
								"down": {"uv": [10.24, 6.56], "uv_size": [0.32, -0.8]}
							}
						}
					]
				},
				{
					"name": "LegR",
					"parent": "Plush",
					"pivot": [1.5, 1.5, 3],
					"cubes": [
						{
							"origin": [0, 0, -3],
							"size": [2, 2, 5],
							"pivot": [1.5, 1.5, 3],
							"rotation": [0, -12.5, 0],
							"uv": {
								"north": {"uv": [10.24, 6.56], "uv_size": [-0.32, 0.32]},
								"east": {"uv": [11.04, 6.56], "uv_size": [-0.8, 0.32]},
								"south": {"uv": [11.36, 6.56], "uv_size": [-0.32, 0.32]},
								"west": {"uv": [9.92, 6.56], "uv_size": [-0.8, 0.32]},
								"up": {"uv": [10.24, 5.76], "uv_size": [-0.32, 0.8]},
								"down": {"uv": [10.56, 6.56], "uv_size": [-0.32, -0.8]}
							}
						}
					]
				},
				{
					"name": "armR",
					"parent": "Plush",
					"pivot": [2.5, 4.5, 3],
					"cubes": [
						{
							"origin": [0, 3, -1],
							"size": [2, 2, 5],
							"pivot": [1.5, 4.5, 3],
							"rotation": [0, -72.5, 17.5],
							"uv": {
								"north": {"uv": [10.24, 6.56], "uv_size": [-0.32, 0.32]},
								"east": {"uv": [11.04, 6.56], "uv_size": [-0.8, 0.32]},
								"south": {"uv": [11.36, 6.56], "uv_size": [-0.32, 0.32]},
								"west": {"uv": [9.92, 6.56], "uv_size": [-0.8, 0.32]},
								"up": {"uv": [10.24, 5.76], "uv_size": [-0.32, 0.8]},
								"down": {"uv": [10.56, 6.56], "uv_size": [-0.32, -0.8]}
							}
						}
					]
				},
				{
					"name": "armL",
					"parent": "Plush",
					"pivot": [-2.5, 4.5, 3],
					"cubes": [
						{
							"origin": [-2, 3, -1],
							"size": [2, 2, 5],
							"pivot": [-1.5, 3.5, 3],
							"rotation": [0, 72.5, -17.5],
							"uv": {
								"north": {"uv": [9.92, 6.56], "uv_size": [0.32, 0.32]},
								"east": {"uv": [9.12, 6.56], "uv_size": [0.8, 0.32]},
								"south": {"uv": [11.04, 6.56], "uv_size": [0.32, 0.32]},
								"west": {"uv": [10.24, 6.56], "uv_size": [0.8, 0.32]},
								"up": {"uv": [9.92, 5.76], "uv_size": [0.32, 0.8]},
								"down": {"uv": [10.24, 6.56], "uv_size": [0.32, -0.8]}
							}
						}
					]
				},
				{
					"name": "tie",
					"parent": "Plush",
					"pivot": [0, 5, 0]
				},
				{
					"name": "head",
					"parent": "Plush",
					"pivot": [0.01086, 4.77766, 2.73327],
					"cubes": [
						{
							"origin": [-1.5, 4.7, -1.5],
							"size": [3, 1, 1],
							"uv": {
								"north": {"uv": [6.24, 5.28], "uv_size": [0.48, 0.16]},
								"east": {"uv": [6.08, 5.28], "uv_size": [0.16, 0.16]},
								"south": {"uv": [6.88, 5.28], "uv_size": [0.48, 0.16]},
								"west": {"uv": [6.72, 5.28], "uv_size": [0.16, 0.16]},
								"up": {"uv": [6.24, 5.12], "uv_size": [0.48, 0.16]},
								"down": {"uv": [6.72, 5.28], "uv_size": [0.48, -0.16]}
							}
						},
						{
							"origin": [-2.5, 7.5, -1],
							"size": [2, 2, 2],
							"uv": {
								"north": {"uv": [10.56, 3.52], "uv_size": [-0.32, 0.32]},
								"east": {"uv": [10.88, 3.52], "uv_size": [-0.32, 0.32]},
								"south": {"uv": [11.2, 3.52], "uv_size": [-0.32, 0.32]},
								"west": {"uv": [10.24, 3.52], "uv_size": [-0.32, 0.32]},
								"up": {"uv": [10.56, 3.2], "uv_size": [-0.32, 0.32]},
								"down": {"uv": [10.88, 3.52], "uv_size": [-0.32, -0.32]}
							}
						},
						{
							"origin": [0.5, 7.5, -1],
							"size": [2, 2, 2],
							"uv": {
								"north": {"uv": [10.24, 3.52], "uv_size": [0.32, 0.32]},
								"east": {"uv": [9.92, 3.52], "uv_size": [0.32, 0.32]},
								"south": {"uv": [10.88, 3.52], "uv_size": [0.32, 0.32]},
								"west": {"uv": [10.56, 3.52], "uv_size": [0.32, 0.32]},
								"up": {"uv": [10.24, 3.2], "uv_size": [0.32, 0.32]},
								"down": {"uv": [10.56, 3.52], "uv_size": [0.32, -0.32]}
							}
						},
						{
							"origin": [0.5, 8.7, -1.3],
							"size": [2, 1, 1],
							"inflate": 0.01,
							"uv": {
								"north": {"uv": [3.84, 2.24], "uv_size": [-0.32, 0.16]},
								"east": {"uv": [4, 2.24], "uv_size": [-0.16, 0.16]},
								"south": {"uv": [4.32, 2.24], "uv_size": [-0.32, 0.16]},
								"west": {"uv": [3.52, 2.24], "uv_size": [-0.16, 0.16]},
								"up": {"uv": [3.84, 2.08], "uv_size": [-0.32, 0.16]},
								"down": {"uv": [4.16, 2.24], "uv_size": [-0.32, -0.16]}
							}
						},
						{
							"origin": [-2.5, 8.7, -1.3],
							"size": [2, 1, 1],
							"inflate": 0.01,
							"uv": {
								"north": {"uv": [3.52, 2.24], "uv_size": [0.32, 0.16]},
								"east": {"uv": [3.36, 2.24], "uv_size": [0.16, 0.16]},
								"south": {"uv": [4, 2.24], "uv_size": [0.32, 0.16]},
								"west": {"uv": [3.84, 2.24], "uv_size": [0.16, 0.16]},
								"up": {"uv": [3.52, 2.08], "uv_size": [0.32, 0.16]},
								"down": {"uv": [3.84, 2.24], "uv_size": [0.32, -0.16]}
							}
						},
						{
							"origin": [-1.5, 6.1, -1.5],
							"size": [3, 1, 1],
							"uv": {
								"north": {"uv": [6.24, 3.68], "uv_size": [0.48, 0.16]},
								"east": {"uv": [6.08, 3.68], "uv_size": [0.16, 0.16]},
								"south": {"uv": [6.88, 3.68], "uv_size": [0.48, 0.16]},
								"west": {"uv": [6.72, 3.68], "uv_size": [0.16, 0.16]},
								"up": {"uv": [6.24, 3.52], "uv_size": [0.48, 0.16]},
								"down": {"uv": [6.72, 3.68], "uv_size": [0.48, -0.16]}
							}
						},
						{
							"origin": [-2.5, 6.2, -0.5],
							"size": [5, 4, 5],
							"inflate": 0.11,
							"uv": {
								"north": {"uv": [5.92, 0.96], "uv_size": [0.8, 0.64]},
								"east": {"uv": [5.12, 0.96], "uv_size": [0.8, 0.64]},
								"south": {"uv": [7.52, 0.96], "uv_size": [0.8, 0.64]},
								"west": {"uv": [6.72, 0.96], "uv_size": [0.8, 0.64]},
								"up": {"uv": [5.92, 0.16], "uv_size": [0.8, 0.8]},
								"down": {"uv": [6.72, 0.96], "uv_size": [0.8, -0.8]}
							}
						},
						{
							"origin": [-2, 4.7, -0.5],
							"size": [4, 2, 5],
							"inflate": 0.1,
							"uv": {
								"north": {"uv": [5.76, 2.88], "uv_size": [0.64, 0.32]},
								"east": {"uv": [4.96, 2.88], "uv_size": [0.8, 0.32]},
								"south": {"uv": [7.2, 2.88], "uv_size": [0.64, 0.32]},
								"west": {"uv": [6.4, 2.88], "uv_size": [0.8, 0.32]},
								"up": {"uv": [5.76, 2.08], "uv_size": [0.64, 0.8]},
								"down": {"uv": [6.4, 2.88], "uv_size": [0.64, -0.8]}
							}
						},
						{
							"origin": [-3, 5.7, 1.5],
							"size": [1, 1, 0],
							"uv": {
								"north": {"uv": [2.4, 4], "uv_size": [0.16, 0.16]},
								"east": {"uv": [2.4, 4], "uv_size": [0, 0.16]},
								"south": {"uv": [2.56, 4], "uv_size": [0.16, 0.16]},
								"west": {"uv": [2.56, 4], "uv_size": [0, 0.16]},
								"up": {"uv": [2.4, 4], "uv_size": [0.16, 0]},
								"down": {"uv": [2.56, 4], "uv_size": [0.16, 0]}
							}
						},
						{
							"origin": [2, 5.7, 1.5],
							"size": [1, 1, 0],
							"uv": {
								"north": {"uv": [2.56, 4], "uv_size": [-0.16, 0.16]},
								"east": {"uv": [2.56, 4], "uv_size": [0, 0.16]},
								"south": {"uv": [2.72, 4], "uv_size": [-0.16, 0.16]},
								"west": {"uv": [2.4, 4], "uv_size": [0, 0.16]},
								"up": {"uv": [2.56, 4], "uv_size": [-0.16, 0]},
								"down": {"uv": [2.72, 4], "uv_size": [-0.16, 0]}
							}
						}
					]
				}
			],
			"item_display_transforms": {
				"thirdperson_righthand": {
					"rotation": [75, 45, 0],
					"translation": [0, 2.5, 2],
					"scale": [0.7, 0.7, 0.7],
					"rotation_pivot": [0, 0, 0],
					"scale_pivot": [0, 0, 0]
				},
				"thirdperson_lefthand": {
					"rotation": [75, 45, 0],
					"translation": [0, 2.5, 2],
					"scale": [0.7, 0.7, 0.7],
					"rotation_pivot": [0, 0, 0],
					"scale_pivot": [0, 0, 0]
				},
				"firstperson_righthand": {
					"rotation": [-180, 38.5, -180],
					"translation": [-2.25, 5.75, 3.75],
					"scale": [0.4, 0.4, 0.4],
					"rotation_pivot": [0, 0, 0],
					"scale_pivot": [0, 0, 0]
				},
				"firstperson_lefthand": {
					"rotation": [-180, 38.5, -180],
					"translation": [-2.25, 5.75, 3.75],
					"scale": [0.4, 0.4, 0.4],
					"rotation_pivot": [0, 0, 0],
					"scale_pivot": [0, 0, 0]
				},
				"ground": {
					"rotation": [0, 0, 0],
					"translation": [0, 3, 0],
					"scale": [0.25, 0.25, 0.25],
					"rotation_pivot": [0, 0, 0],
					"scale_pivot": [0, 0, 0]
				},
				"gui": {
					"rotation": [30, 135, 0],
					"translation": [0, 1.75, 0],
					"scale": [0.8, 0.8, 0.8],
					"rotation_pivot": [0, 0, 0],
					"scale_pivot": [0, 0, 0],
					"fit_to_frame": false
				},
				"head": {
					"rotation": [0, 0, 0],
					"translation": [0, 14.25, 0],
					"scale": [1, 1, 1],
					"rotation_pivot": [0, 0, 0],
					"scale_pivot": [0, 0, 0]
				},
				"fixed": {
					"rotation": [0, 0, 0],
					"translation": [0, 0, -4],
					"scale": [1, 1, 1],
					"rotation_pivot": [0, 0, 0],
					"scale_pivot": [0, 0, 0]
				}
			}
		}
	]
}