{
	"format_version": "1.12.0",
	"minecraft:geometry": [
		{
			"description": {
				"identifier": "geometry.endo_skeleton_01",
				"texture_width": 128,
				"texture_height": 128,
				"visible_bounds_width": 5,
				"visible_bounds_height": 5,
				"visible_bounds_offset": [0, 1.5, 0]
			},
			"bones": [
				{
					"name": "feddy",
					"pivot": [0, 0, 0]
				},
				{
					"name": "upperpart",
					"parent": "feddy",
					"pivot": [0, 17, 2]
				},
				{
					"name": "feddyHed",
					"parent": "upperpart",
					"pivot": [0, 27, 2]
				},
				{
					"name": "head",
					"parent": "feddyHed",
					"pivot": [0, 30.5, 2]
				},
				{
					"name": "headsuit",
					"parent": "head",
					"pivot": [0, 32, 2]
				},
				{
					"name": "jaw",
					"parent": "headsuit",
					"pivot": [0, 32.5, 0],
					"cubes": [
						{
							"origin": [-1.5, 31.4, -2],
							"size": [3, 1, 2],
							"inflate": 0.1,
							"uv": {
								"north": {"uv": [42.032, 89.032], "uv_size": [2.936, 0.936]},
								"east": {"uv": [41.032, 88.032], "uv_size": [1.936, 0.936]},
								"south": {"uv": [47.032, 88.032], "uv_size": [2.936, 0.936]},
								"west": {"uv": [45.032, 88.032], "uv_size": [1.936, 0.936]},
								"up": {"uv": [36.032, 86.032], "uv_size": [2.936, 1.936]},
								"down": {"uv": [36.032, 89.968], "uv_size": [2.936, -1.936]}
							}
						},
						{
							"origin": [-1.5, 31.9, -2],
							"size": [3, 1, 2],
							"uv": {
								"north": {"uv": [66.032, 93.032], "uv_size": [2.936, 0.936]},
								"east": {"uv": [67.032, 87.032], "uv_size": [1.936, 0.936]},
								"south": {"uv": [73.032, 87.032], "uv_size": [2.936, 0.936]},
								"west": {"uv": [71.032, 87.032], "uv_size": [1.936, 0.936]},
								"up": {"uv": [69.032, 85.032], "uv_size": [2.936, 1.936]},
								"down": {"uv": [71.032, 86.968], "uv_size": [2.936, -1.936]}
							}
						}
					]
				},
				{
					"name": "headendo",
					"parent": "head",
					"pivot": [0, 32, 2],
					"cubes": [
						{
							"origin": [-3, 34.2, -0.1],
							"size": [6, 5, 2],
							"inflate": 0.01,
							"uv": {
								"north": {"uv": [118.032, 10.032], "uv_size": [5.936, 4.936]},
								"east": {"uv": [106.968, 16.032], "uv_size": [-1.936, 4.936]},
								"south": {"uv": [99.032, 16.032], "uv_size": [5.936, 4.936]},
								"west": {"uv": [98.968, 16.032], "uv_size": [-1.936, 4.936]},
								"up": {"uv": [99.032, 15.032], "uv_size": [5.936, 1.936]},
								"down": {"uv": [99.032, 22.968], "uv_size": [5.936, -1.936]}
							}
						},
						{
							"origin": [-2, 31, -0.1],
							"size": [4, 4, 2],
							"uv": {
								"north": {"uv": [109.032, 21.032], "uv_size": [3.936, 3.936]},
								"east": {"uv": [123.032, 21.032], "uv_size": [1.936, 3.936]},
								"south": {"uv": [119.032, 21.032], "uv_size": [3.936, 3.936]},
								"west": {"uv": [117.032, 21.032], "uv_size": [1.936, 3.936]},
								"up": {"uv": [119.032, 19.032], "uv_size": [3.936, 1.936]},
								"down": {"uv": [119.032, 25.968], "uv_size": [3.936, -1.936]}
							}
						},
						{"origin": [-1.5, 30.5, 0.7], "size": [3, 3, 2], "uv": [89, 26], "mirror": true},
						{
							"origin": [-4, 31, 1],
							"size": [8, 5, 0],
							"uv": {
								"north": {"uv": [107.032, 20.032], "uv_size": [7.936, 4.936]}
							}
						},
						{
							"origin": [-1.5, 33.5, -2],
							"size": [3, 1, 2],
							"inflate": 0.1,
							"uv": {
								"north": {"uv": [42.032, 89.032], "uv_size": [2.936, 0.936]},
								"east": {"uv": [41.032, 88.032], "uv_size": [1.936, 0.936]},
								"south": {"uv": [47.032, 88.032], "uv_size": [2.936, 0.936]},
								"west": {"uv": [45.032, 88.032], "uv_size": [1.936, 0.936]},
								"up": {"uv": [36.032, 86.032], "uv_size": [2.936, 1.936]},
								"down": {"uv": [36.032, 89.968], "uv_size": [2.936, -1.936]}
							}
						},
						{
							"origin": [-1.5, 33, -2],
							"size": [3, 1, 2],
							"uv": {
								"north": {"uv": [56.032, 91.032], "uv_size": [2.936, 0.936]},
								"east": {"uv": [54.032, 91.032], "uv_size": [1.936, 0.936]},
								"south": {"uv": [60.032, 91.032], "uv_size": [2.936, 0.936]},
								"west": {"uv": [58.032, 91.032], "uv_size": [1.936, 0.936]},
								"up": {"uv": [56.032, 89.032], "uv_size": [2.936, 1.936]},
								"down": {"uv": [58.032, 90.968], "uv_size": [2.936, -1.936]}
							}
						}
					]
				},
				{
					"name": "bone",
					"parent": "headendo",
					"pivot": [1.9, 39.4, -2],
					"cubes": [
						{"origin": [0.9, 38.9, -2], "size": [2, 1, 0], "uv": [112, 6]}
					]
				},
				{
					"name": "bone3",
					"parent": "headendo",
					"pivot": [-1.9, 39.4, -2],
					"cubes": [
						{"origin": [-2.9, 38.9, -2], "size": [2, 1, 0], "uv": [112, 6], "mirror": true}
					]
				},
				{
					"name": "eyes",
					"parent": "headendo",
					"pivot": [-2, 30, 0]
				},
				{
					"name": "eyeL",
					"parent": "eyes",
					"pivot": [-2, 30, 0],
					"cubes": [
						{
							"origin": [-2.9, 35.3, -2],
							"size": [2, 2, 2],
							"uv": {
								"north": {"uv": [108.032, 10.032], "uv_size": [1.936, 1.936]},
								"east": {"uv": [106.032, 10.032], "uv_size": [1.936, 1.936]},
								"south": {"uv": [47.032, 77.032], "uv_size": [1.936, 1.936]},
								"west": {"uv": [107.968, 10.032], "uv_size": [-1.936, 1.936]},
								"up": {"uv": [43.032, 75.032], "uv_size": [1.936, 1.936]},
								"down": {"uv": [108.032, 10.968], "uv_size": [1.936, -1.936]}
							}
						}
					]
				},
				{
					"name": "pupil",
					"parent": "eyeL",
					"pivot": [-2, 37, -1.65],
					"cubes": [
						{
							"origin": [-2.4, 35.8, -2.15],
							"size": [1, 1, 1],
							"uv": {
								"north": {"uv": [108.032, 15.032], "uv_size": [0.936, 0.936]}
							}
						},
						{
							"origin": [-2.4, 35.8, -2.3],
							"size": [1, 1, 1],
							"inflate": -0.2,
							"uv": {
								"north": {"uv": [113.968, 16.032], "uv_size": [-0.936, 0.936]}
							}
						}
					]
				},
				{
					"name": "eyelid",
					"parent": "eyeL",
					"pivot": [-2, 37.55, 0],
					"cubes": [
						{
							"origin": [-2.9, 36.9, -2],
							"size": [2, 1, 2],
							"inflate": 0.2,
							"uv": {
								"north": {"uv": [108.032, 9.032], "uv_size": [1.936, 0.936]},
								"east": {"uv": [106.032, 9.032], "uv_size": [1.936, 0.936]},
								"south": {"uv": [81.032, 13.032], "uv_size": [1.936, 0.936]},
								"west": {"uv": [108.032, 9.032], "uv_size": [1.936, 0.936]},
								"up": {"uv": [108.032, 8.032], "uv_size": [1.936, 1.936]},
								"down": {"uv": [78.032, 12.968], "uv_size": [1.936, -1.936]}
							}
						}
					]
				},
				{
					"name": "eyeR",
					"parent": "eyes",
					"pivot": [2, 30, 0],
					"cubes": [
						{
							"origin": [0.9, 35.3, -2],
							"size": [2, 2, 2],
							"uv": {
								"north": {"uv": [112.032, 10.032], "uv_size": [1.936, 1.936]},
								"east": {"uv": [115.968, 10.032], "uv_size": [-1.936, 1.936]},
								"south": {"uv": [62.032, 64.032], "uv_size": [1.936, 1.936]},
								"west": {"uv": [114.032, 10.032], "uv_size": [1.936, 1.936]},
								"up": {"uv": [58.032, 62.032], "uv_size": [1.936, 1.936]},
								"down": {"uv": [112.032, 10.968], "uv_size": [1.936, -1.936]}
							}
						}
					]
				},
				{
					"name": "pupil2",
					"parent": "eyeR",
					"pivot": [2, 37, -1.65],
					"cubes": [
						{
							"origin": [1.4, 35.8, -2.15],
							"size": [1, 1, 1],
							"uv": {
								"north": {"uv": [113.032, 15.032], "uv_size": [0.936, 0.936]}
							}
						},
						{
							"origin": [1.4, 35.8, -2.3],
							"size": [1, 1, 1],
							"inflate": -0.2,
							"uv": {
								"north": {"uv": [113.032, 16.032], "uv_size": [0.936, 0.936]}
							}
						}
					]
				},
				{
					"name": "eyelid2",
					"parent": "eyeR",
					"pivot": [2, 37.5, 0],
					"cubes": [
						{
							"origin": [0.9, 36.9, -2],
							"size": [2, 1, 2],
							"inflate": 0.2,
							"uv": {
								"north": {"uv": [112.032, 9.032], "uv_size": [1.936, 0.936]},
								"east": {"uv": [112.032, 9.032], "uv_size": [1.936, 0.936]},
								"south": {"uv": [18.032, 54.032], "uv_size": [1.936, 0.936]},
								"west": {"uv": [114.032, 9.032], "uv_size": [1.936, 0.936]},
								"up": {"uv": [112.032, 8.032], "uv_size": [1.936, 1.936]},
								"down": {"uv": [16.032, 53.968], "uv_size": [1.936, -1.936]}
							}
						}
					]
				},
				{
					"name": "bone14",
					"parent": "head",
					"pivot": [0, 36, 0]
				},
				{
					"name": "neck",
					"parent": "feddyHed",
					"pivot": [0, 21, 2]
				},
				{
					"name": "feddybod",
					"parent": "upperpart",
					"pivot": [0, 16, 2]
				},
				{
					"name": "endobody",
					"parent": "feddybod",
					"pivot": [-0.28571, 23.53571, 1.31429],
					"cubes": [
						{
							"origin": [5, 26, 1],
							"size": [2, 2, 2],
							"uv": {
								"north": {"uv": [116.032, 28.032], "uv_size": [1.936, 1.936]},
								"east": {"uv": [116.032, 28.032], "uv_size": [1.936, 1.936]},
								"south": {"uv": [116.032, 28.032], "uv_size": [1.936, 1.936]},
								"west": {"uv": [116.032, 28.032], "uv_size": [1.936, 1.936]},
								"up": {"uv": [117.968, 29.968], "uv_size": [-1.936, -1.936]},
								"down": {"uv": [117.968, 29.968], "uv_size": [-1.936, -1.936]}
							}
						},
						{
							"origin": [-7, 26, 1],
							"size": [2, 2, 2],
							"uv": {
								"north": {"uv": [104.032, 28.032], "uv_size": [1.936, 1.936]},
								"east": {"uv": [104.032, 28.032], "uv_size": [1.936, 1.936]},
								"south": {"uv": [104.032, 28.032], "uv_size": [1.936, 1.936]},
								"west": {"uv": [104.032, 28.032], "uv_size": [1.936, 1.936]},
								"up": {"uv": [105.968, 29.968], "uv_size": [-1.936, -1.936]},
								"down": {"uv": [105.968, 29.968], "uv_size": [-1.936, -1.936]}
							}
						},
						{
							"origin": [-1, 17, 1],
							"size": [2, 9, 2],
							"uv": {
								"north": {"uv": [110.032, 30.032], "uv_size": [1.936, 8.936]},
								"east": {"uv": [111.968, 30.032], "uv_size": [-1.936, 8.936]},
								"south": {"uv": [110.032, 30.032], "uv_size": [1.936, 8.936]},
								"west": {"uv": [111.968, 30.032], "uv_size": [-1.936, 8.936]},
								"up": {"uv": [110.032, 37.032], "uv_size": [1.936, 1.936]},
								"down": {"uv": [110.032, 38.968], "uv_size": [1.936, -1.936]}
							}
						},
						{
							"origin": [-5, 17, 2],
							"size": [10, 9, 0],
							"uv": {
								"north": {"uv": [106.032, 30.032], "uv_size": [9.936, 8.936]}
							}
						},
						{
							"origin": [-3.5, 28, 2],
							"size": [7, 3, 0],
							"uv": {
								"north": {"uv": [107.032, 25.032], "uv_size": [6.936, 2.936]}
							}
						},
						{
							"origin": [-5, 26, 1],
							"size": [10, 2, 2],
							"uv": {
								"north": {"uv": [106.032, 28.032], "uv_size": [9.936, 1.936]},
								"east": {"uv": [104.032, 30.032], "uv_size": [1.936, 1.936]},
								"south": {"uv": [106.032, 28.032], "uv_size": [9.936, 1.936]},
								"west": {"uv": [116.032, 30.032], "uv_size": [1.936, 1.936]},
								"up": {"uv": [106.032, 29.968], "uv_size": [9.936, -1.936]},
								"down": {"uv": [106.032, 29.968], "uv_size": [9.936, -1.936]}
							}
						}
					]
				},
				{
					"name": "armL",
					"parent": "feddybod",
					"pivot": [-6, 27, 2],
					"rotation": [0, 0, 90]
				},
				{
					"name": "upper",
					"parent": "armL",
					"pivot": [-6, 26, 2],
					"cubes": [
						{
							"origin": [-7, 21, 1],
							"size": [2, 5, 2],
							"uv": {
								"north": {"uv": [104.032, 30.032], "uv_size": [1.936, 4.936]},
								"east": {"uv": [105.968, 30.032], "uv_size": [-1.936, 4.936]},
								"south": {"uv": [105.968, 30.032], "uv_size": [-1.936, 4.936]},
								"west": {"uv": [104.032, 30.032], "uv_size": [1.936, 4.936]},
								"up": {"uv": [105.968, 31.968], "uv_size": [-1.936, -1.936]},
								"down": {"uv": [105.968, 35.968], "uv_size": [-1.936, -1.936]}
							}
						},
						{
							"origin": [-7, 21, 1],
							"size": [2, 5, 2],
							"inflate": 0.15,
							"uv": {
								"north": {"uv": [102.032, 30.032], "uv_size": [1.936, 4.936]},
								"east": {"uv": [102.032, 30.032], "uv_size": [1.936, 4.936]},
								"south": {"uv": [102.032, 30.032], "uv_size": [1.936, 4.936]},
								"west": {"uv": [102.032, 30.032], "uv_size": [1.936, 4.936]}
							}
						}
					]
				},
				{
					"name": "lower",
					"parent": "armL",
					"pivot": [-6, 21, 2],
					"cubes": [
						{
							"origin": [-7, 16, 1],
							"size": [2, 5, 2],
							"uv": {
								"north": {"uv": [104.032, 35.032], "uv_size": [1.936, 4.936]},
								"east": {"uv": [105.968, 35.032], "uv_size": [-1.936, 4.936]},
								"south": {"uv": [105.968, 35.032], "uv_size": [-1.936, 4.936]},
								"west": {"uv": [104.032, 35.032], "uv_size": [1.936, 4.936]},
								"up": {"uv": [105.968, 35.968], "uv_size": [-1.936, -1.936]},
								"down": {"uv": [105.968, 39.968], "uv_size": [-1.936, -1.936]}
							}
						},
						{
							"origin": [-7, 16, 1],
							"size": [2, 5, 2],
							"inflate": 0.15,
							"uv": {
								"north": {"uv": [102.032, 35.032], "uv_size": [1.936, 4.936]},
								"east": {"uv": [103.968, 35.032], "uv_size": [-1.936, 4.936]},
								"south": {"uv": [102.032, 35.032], "uv_size": [1.936, 4.936]},
								"west": {"uv": [103.968, 35.032], "uv_size": [-1.936, 4.936]}
							}
						}
					]
				},
				{
					"name": "hand",
					"parent": "lower",
					"pivot": [-6, 16, 2],
					"cubes": [
						{
							"origin": [-7, 13, 0],
							"size": [2, 3, 4],
							"uv": {
								"north": {"uv": [48.032, 53.032], "uv_size": [1.936, 2.936]},
								"east": {"uv": [44.032, 53.032], "uv_size": [3.936, 2.936]},
								"south": {"uv": [54.032, 53.032], "uv_size": [1.936, 2.936]},
								"west": {"uv": [50.032, 53.032], "uv_size": [3.936, 2.936]},
								"up": {"uv": [48.032, 49.032], "uv_size": [1.936, 3.936]},
								"down": {"uv": [50.032, 52.968], "uv_size": [1.936, -3.936]}
							}
						}
					]
				},
				{
					"name": "fingers",
					"parent": "hand",
					"pivot": [-7, 13, 2],
					"cubes": [
						{
							"origin": [-7, 11, 0],
							"size": [2, 2, 4],
							"uv": {
								"north": {"uv": [82.032, 72.032], "uv_size": [1.936, 1.936]},
								"east": {"uv": [78.032, 72.032], "uv_size": [3.936, 1.936]},
								"south": {"uv": [88.032, 72.032], "uv_size": [1.936, 1.936]},
								"west": {"uv": [84.032, 72.032], "uv_size": [3.936, 1.936]},
								"up": {"uv": [82.032, 68.032], "uv_size": [1.936, 3.936]},
								"down": {"uv": [84.032, 71.968], "uv_size": [1.936, -3.936]}
							}
						}
					]
				},
				{
					"name": "bone2",
					"parent": "hand",
					"pivot": [-7, 16, 0]
				},
				{
					"name": "thumb",
					"parent": "bone2",
					"pivot": [-7, 15, 0],
					"cubes": [
						{
							"origin": [-7, 14, -2],
							"size": [2, 2, 2],
							"inflate": 0.1,
							"uv": {
								"north": {"uv": [59.032, 60.032], "uv_size": [1.936, 1.936]},
								"east": {"uv": [56.032, 60.032], "uv_size": [1.936, 1.936]},
								"south": {"uv": [64.032, 60.032], "uv_size": [1.936, 1.936]},
								"west": {"uv": [61.032, 60.032], "uv_size": [1.936, 1.936]},
								"up": {"uv": [59.032, 57.032], "uv_size": [1.936, 1.936]},
								"down": {"uv": [61.032, 58.968], "uv_size": [1.936, -1.936]}
							}
						}
					]
				},
				{
					"name": "armR",
					"parent": "feddybod",
					"pivot": [6, 27, 2],
					"rotation": [0, 0, -90]
				},
				{
					"name": "upper2",
					"parent": "armR",
					"pivot": [6, 27, 2],
					"cubes": [
						{
							"origin": [5, 21, 1],
							"size": [2, 5, 2],
							"uv": {
								"north": {"uv": [117.968, 30.032], "uv_size": [-1.936, 4.936]},
								"east": {"uv": [117.968, 30.032], "uv_size": [-1.936, 4.936]},
								"south": {"uv": [117.968, 30.032], "uv_size": [-1.936, 4.936]},
								"west": {"uv": [117.968, 30.032], "uv_size": [-1.936, 4.936]},
								"up": {"uv": [117.968, 30.032], "uv_size": [-1.936, 1.936]},
								"down": {"uv": [117.968, 35.968], "uv_size": [-1.936, -1.936]}
							}
						},
						{
							"origin": [5, 21, 1],
							"size": [2, 5, 2],
							"inflate": 0.15,
							"uv": {
								"north": {"uv": [118.032, 30.032], "uv_size": [1.936, 4.936]},
								"east": {"uv": [118.032, 30.032], "uv_size": [1.936, 4.936]},
								"south": {"uv": [118.032, 30.032], "uv_size": [1.936, 4.936]},
								"west": {"uv": [118.032, 30.032], "uv_size": [1.936, 4.936]}
							}
						}
					]
				},
				{
					"name": "lower2",
					"parent": "armR",
					"pivot": [6, 21, 2],
					"cubes": [
						{
							"origin": [5, 16, 1],
							"size": [2, 5, 2],
							"uv": {
								"north": {"uv": [116.032, 35.032], "uv_size": [1.936, 4.936]},
								"east": {"uv": [117.968, 35.032], "uv_size": [-1.936, 4.936]},
								"south": {"uv": [116.032, 35.032], "uv_size": [1.936, 4.936]},
								"west": {"uv": [117.968, 35.032], "uv_size": [-1.936, 4.936]},
								"up": {"uv": [117.968, 35.968], "uv_size": [-1.936, -1.936]},
								"down": {"uv": [117.968, 38.968], "uv_size": [-1.936, -1.936]}
							}
						},
						{
							"origin": [5, 16, 1],
							"size": [2, 5, 2],
							"inflate": 0.15,
							"uv": {
								"north": {"uv": [118.032, 35.032], "uv_size": [1.936, 4.936]},
								"east": {"uv": [119.968, 35.032], "uv_size": [-1.936, 4.936]},
								"south": {"uv": [118.032, 35.032], "uv_size": [1.936, 4.936]},
								"west": {"uv": [119.968, 35.032], "uv_size": [-1.936, 4.936]}
							}
						}
					]
				},
				{
					"name": "hand2",
					"parent": "lower2",
					"pivot": [6, 16, 2],
					"cubes": [
						{
							"origin": [5, 13, 0],
							"size": [2, 3, 4],
							"uv": {
								"north": {"uv": [49.968, 53.032], "uv_size": [-1.936, 2.936]},
								"east": {"uv": [50.032, 53.032], "uv_size": [3.936, 2.936]},
								"south": {"uv": [55.968, 53.032], "uv_size": [-1.936, 2.936]},
								"west": {"uv": [44.032, 53.032], "uv_size": [3.936, 2.936]},
								"up": {"uv": [48.032, 49.032], "uv_size": [1.936, 3.936]},
								"down": {"uv": [82.032, 33.968], "uv_size": [1.936, -3.936]}
							}
						}
					]
				},
				{
					"name": "fingers3",
					"parent": "hand2",
					"pivot": [7, 13, 2],
					"cubes": [
						{
							"origin": [5, 11, 0],
							"size": [2, 2, 4],
							"uv": {
								"north": {"uv": [83.968, 72.032], "uv_size": [-1.936, 1.936]},
								"east": {"uv": [23.032, 35.032], "uv_size": [3.936, 1.936]},
								"south": {"uv": [33.032, 35.032], "uv_size": [1.936, 1.936]},
								"west": {"uv": [81.968, 72.032], "uv_size": [-3.936, 1.936]},
								"up": {"uv": [86.032, 68.032], "uv_size": [1.936, 3.936]},
								"down": {"uv": [85.968, 71.968], "uv_size": [-1.936, -3.936]}
							}
						}
					]
				},
				{
					"name": "fingers4",
					"parent": "fingers3",
					"pivot": [7, 11, 2]
				},
				{
					"name": "thumb4",
					"parent": "hand2",
					"pivot": [7, 16, 0]
				},
				{
					"name": "thumb3",
					"parent": "thumb4",
					"pivot": [7, 15, 0],
					"cubes": [
						{
							"origin": [5, 14, -2],
							"size": [2, 2, 2],
							"inflate": 0.1,
							"uv": {
								"north": {"uv": [60.968, 60.032], "uv_size": [-1.936, 1.936]},
								"east": {"uv": [56.032, 68.032], "uv_size": [1.936, 1.936]},
								"south": {"uv": [63.032, 68.032], "uv_size": [1.936, 1.936]},
								"west": {"uv": [57.968, 60.032], "uv_size": [-1.936, 1.936]},
								"up": {"uv": [60.968, 57.032], "uv_size": [-1.936, 1.936]},
								"down": {"uv": [60.032, 58.968], "uv_size": [1.936, -1.936]}
							}
						}
					]
				},
				{
					"name": "belowpart",
					"parent": "feddy",
					"pivot": [0, 19, 2]
				},
				{
					"name": "pelvissuit",
					"parent": "belowpart",
					"pivot": [0, 17, 2],
					"cubes": [
						{
							"origin": [-3, 14, 1],
							"size": [6, 3, 2],
							"inflate": 0.2,
							"uv": {
								"north": {"uv": [108.032, 40.032], "uv_size": [5.936, 2.936]},
								"east": {"uv": [22.032, 109.032], "uv_size": [1.936, 2.936]},
								"south": {"uv": [108.032, 40.032], "uv_size": [5.936, 2.936]},
								"west": {"uv": [26.032, 109.032], "uv_size": [1.936, 2.936]},
								"up": {"uv": [100.032, 41.032], "uv_size": [5.936, 1.936]},
								"down": {"uv": [26.032, 108.968], "uv_size": [5.936, -1.936]}
							}
						}
					]
				},
				{
					"name": "legL",
					"parent": "belowpart",
					"pivot": [-2.5, 15, 2]
				},
				{
					"name": "upper3",
					"parent": "legL",
					"pivot": [-3, 15, 2],
					"cubes": [
						{
							"origin": [-3.5, 8, 1],
							"size": [2, 6, 2],
							"uv": {
								"north": {"uv": [109.968, 46.032], "uv_size": [-1.936, 5.936]},
								"east": {"uv": [109.968, 46.032], "uv_size": [-1.936, 5.936]},
								"south": {"uv": [109.968, 46.032], "uv_size": [-1.936, 5.936]},
								"west": {"uv": [109.968, 46.032], "uv_size": [-1.936, 5.936]},
								"up": {"uv": [105.968, 32.032], "uv_size": [-1.936, 1.936]},
								"down": {"uv": [109.968, 52.968], "uv_size": [-1.936, -1.936]}
							}
						},
						{
							"origin": [-3.5, 8, 1],
							"size": [2, 6, 2],
							"inflate": 0.15,
							"uv": {
								"north": {"uv": [103.032, 44.032], "uv_size": [1.936, 5.936]},
								"east": {"uv": [103.032, 44.032], "uv_size": [1.936, 5.936]},
								"south": {"uv": [103.032, 44.032], "uv_size": [1.936, 5.936]},
								"west": {"uv": [103.032, 44.032], "uv_size": [1.936, 5.936]}
							}
						},
						{
							"origin": [-4.8, 8, 2],
							"size": [5, 8, 0],
							"uv": {
								"north": {"uv": [97.032, 43.032], "uv_size": [4.936, 7.936]}
							}
						},
						{
							"origin": [-3.5, 14, 1],
							"size": [2, 2, 2],
							"uv": {
								"north": {"uv": [108.032, 44.032], "uv_size": [1.936, 1.936]},
								"east": {"uv": [108.032, 44.032], "uv_size": [1.936, 1.936]},
								"south": {"uv": [108.032, 44.032], "uv_size": [1.936, 1.936]},
								"west": {"uv": [108.032, 44.032], "uv_size": [1.936, 1.936]},
								"up": {"uv": [109.968, 45.968], "uv_size": [-1.936, -1.936]},
								"down": {"uv": [109.968, 45.968], "uv_size": [-1.936, -1.936]}
							}
						}
					]
				},
				{
					"name": "lower3",
					"parent": "legL",
					"pivot": [-2.5, 8, 2],
					"cubes": [
						{
							"origin": [-3.5, 2, 1],
							"size": [2, 6, 2],
							"uv": {
								"north": {"uv": [109.968, 52.032], "uv_size": [-1.936, 5.936]},
								"east": {"uv": [109.968, 52.032], "uv_size": [-1.936, 5.936]},
								"south": {"uv": [109.968, 52.032], "uv_size": [-1.936, 5.936]},
								"west": {"uv": [109.968, 52.032], "uv_size": [-1.936, 5.936]},
								"up": {"uv": [109.968, 51.032], "uv_size": [-1.936, 1.936]},
								"down": {"uv": [109.968, 57.968], "uv_size": [-1.936, -1.936]}
							}
						},
						{
							"origin": [-3.5, 2, 1],
							"size": [2, 6, 2],
							"inflate": 0.15,
							"uv": {
								"north": {"uv": [103.032, 50.032], "uv_size": [1.936, 5.936]},
								"east": {"uv": [103.032, 50.032], "uv_size": [1.936, 5.936]},
								"south": {"uv": [103.032, 50.032], "uv_size": [1.936, 5.936]},
								"west": {"uv": [103.032, 50.032], "uv_size": [1.936, 5.936]}
							}
						},
						{
							"origin": [-4.8, 2, 2],
							"size": [5, 6, 0],
							"uv": {
								"north": {"uv": [97.032, 51.032], "uv_size": [4.936, 5.936]}
							}
						}
					]
				},
				{
					"name": "knee",
					"parent": "lower3",
					"pivot": [-3, 7.5, 0]
				},
				{
					"name": "foot",
					"parent": "lower3",
					"pivot": [-2.5, 2, 2],
					"cubes": [
						{"origin": [-5, 0, -3], "size": [5, 1, 2], "uv": [114, 67]},
						{"origin": [-5, 0, -1], "size": [5, 2, 5], "uv": [108, 60]}
					]
				},
				{
					"name": "legR",
					"parent": "belowpart",
					"pivot": [2.5, 15, 2]
				},
				{
					"name": "upper4",
					"parent": "legR",
					"pivot": [3, 16, 2],
					"cubes": [
						{
							"origin": [1.5, 8, 1],
							"size": [2, 6, 2],
							"uv": {
								"north": {"uv": [113.968, 46.032], "uv_size": [-1.936, 5.936]},
								"east": {"uv": [113.968, 46.032], "uv_size": [-1.936, 5.936]},
								"south": {"uv": [113.968, 46.032], "uv_size": [-1.936, 5.936]},
								"west": {"uv": [113.968, 46.032], "uv_size": [-1.936, 5.936]},
								"up": {"uv": [117.968, 32.032], "uv_size": [-1.936, 1.936]},
								"down": {"uv": [113.968, 52.968], "uv_size": [-1.936, -1.936]}
							}
						},
						{
							"origin": [-0.2, 8, 2],
							"size": [5, 8, 0],
							"uv": {
								"north": {"uv": [120.032, 43.032], "uv_size": [4.936, 7.936]}
							}
						},
						{
							"origin": [1.5, 8, 1],
							"size": [2, 6, 2],
							"inflate": 0.15,
							"uv": {
								"north": {"uv": [117.032, 44.032], "uv_size": [1.936, 5.936]},
								"east": {"uv": [117.032, 44.032], "uv_size": [1.936, 5.936]},
								"south": {"uv": [117.032, 44.032], "uv_size": [1.936, 5.936]},
								"west": {"uv": [117.032, 44.032], "uv_size": [1.936, 5.936]}
							}
						},
						{
							"origin": [1.5, 14, 1],
							"size": [2, 2, 2],
							"uv": {
								"north": {"uv": [112.032, 44.032], "uv_size": [1.936, 1.936]},
								"east": {"uv": [112.032, 44.032], "uv_size": [1.936, 1.936]},
								"south": {"uv": [112.032, 44.032], "uv_size": [1.936, 1.936]},
								"west": {"uv": [112.032, 44.032], "uv_size": [1.936, 1.936]},
								"up": {"uv": [113.968, 45.968], "uv_size": [-1.936, -1.936]},
								"down": {"uv": [113.968, 45.968], "uv_size": [-1.936, -1.936]}
							}
						}
					]
				},
				{
					"name": "lower4",
					"parent": "legR",
					"pivot": [2.5, 8, 2],
					"cubes": [
						{
							"origin": [1.5, 2, 1],
							"size": [2, 6, 2],
							"uv": {
								"north": {"uv": [113.968, 52.032], "uv_size": [-1.936, 5.936]},
								"east": {"uv": [113.968, 52.032], "uv_size": [-1.936, 5.936]},
								"south": {"uv": [113.968, 52.032], "uv_size": [-1.936, 5.936]},
								"west": {"uv": [113.968, 52.032], "uv_size": [-1.936, 5.936]},
								"up": {"uv": [113.968, 51.032], "uv_size": [-1.936, 1.936]},
								"down": {"uv": [113.968, 57.968], "uv_size": [-1.936, -1.936]}
							}
						},
						{
							"origin": [-0.2, 2, 2],
							"size": [5, 6, 0],
							"uv": {
								"north": {"uv": [120.032, 51.032], "uv_size": [4.936, 5.936]}
							}
						},
						{
							"origin": [1.5, 2, 1],
							"size": [2, 6, 2],
							"inflate": 0.15,
							"uv": {
								"north": {"uv": [117.032, 50.032], "uv_size": [1.936, 5.936]},
								"east": {"uv": [117.032, 50.032], "uv_size": [1.936, 5.936]},
								"south": {"uv": [117.032, 50.032], "uv_size": [1.936, 5.936]},
								"west": {"uv": [117.032, 50.032], "uv_size": [1.936, 5.936]}
							}
						}
					]
				},
				{
					"name": "knee2",
					"parent": "lower4",
					"pivot": [3, 7.5, 0]
				},
				{
					"name": "foot2",
					"parent": "lower4",
					"pivot": [2.5, 2, 2],
					"cubes": [
						{"origin": [0, 0, -1], "size": [5, 2, 5], "uv": [108, 60]},
						{"origin": [0, 0, -3], "size": [5, 1, 2], "uv": [114, 67]}
					]
				}
			]
		}
	]
}