{
	"format_version": "1.16.0",
	"minecraft:geometry": [
		{
			"description": {
				"identifier": "geometry.faz-diver",
				"texture_width": 48,
				"texture_height": 48,
				"visible_bounds_width": 3,
				"visible_bounds_height": 2.5,
				"visible_bounds_offset": [0, 0.75, 0]
			},
			"bones": [
				{
					"name": "root_item",
					"pivot": [0, 0, 0],
					"binding": "q.item_slot_to_bone_name(c.item_slot)",
					"cubes": [
						{"origin": [-1.89366, 0, 0.32203], "size": [4, 1, 2], "inflate": 0.1, "pivot": [0.35634, 4.75, 0.79989], "rotation": [0, -90, 0], "uv": [24, 8]},
						{"origin": [-1.89366, 0.5, 0.32203], "size": [4, 1, 2], "inflate": 0.01, "pivot": [0.35634, 4.75, 0.79989], "rotation": [0, -90, 0], "uv": [24, 5]},
						{"origin": [0.10634, 1, 0.32203], "size": [2, 3, 2], "pivot": [0.35634, 4.75, 0.79989], "rotation": [0, -90, 0], "uv": [0, 28]},
						{"origin": [0.60634, 3, 0.02203], "size": [1, 1, 1], "pivot": [0.35634, 4.75, 0.79989], "rotation": [0, -90, 0], "uv": [16, 31]},
						{"origin": [-0.89366, 1, 0.32203], "size": [2, 4, 2], "inflate": -0.1, "pivot": [0.35634, 4.75, 0.79989], "rotation": [0, -90, 0], "uv": [20, 27]},
						{"origin": [-0.87272, 2.3, 0.32203], "size": [1, 1, 2], "inflate": -0.001, "pivot": [0.35634, 4.75, 0.79989], "rotation": [0, -90, 0], "uv": [32, 17]},
						{"origin": [1.60634, 5.5, 0.82203], "size": [1, 2, 1], "pivot": [0.35634, 4.75, 0.79989], "rotation": [0, -90, 0], "uv": [16, 28]},
						{"origin": [-1.86381, 3.84762, -0.42224], "size": [3, 4, 2], "inflate": -0.7, "pivot": [0.35634, 4.75, 0.79989], "rotation": [-90, -45, 90], "uv": [36, 21]},
						{"origin": [-0.39366, 5, 0.67776], "size": [2, 2, 0], "inflate": 0.4, "pivot": [0.35634, 4.75, 0.79989], "rotation": [0, -90, 0], "uv": [43, 5]},
						{"origin": [-1.39366, 4.5, -0.22225], "size": [4, 4, 1], "inflate": -0.5, "pivot": [0.35634, 4.75, 0.79989], "rotation": [0, -90, 0], "uv": [24, 0]},
						{"origin": [-0.89366, 4.5, -0.17797], "size": [3, 3, 1], "inflate": -0.01, "pivot": [0.35634, 4.75, 0.79989], "rotation": [0, -90, 0], "uv": [28, 27]},
						{"origin": [-0.89366, 4.5, 0.27775], "size": [3, 3, 1], "inflate": -0.01, "pivot": [0.35634, 4.75, 0.79989], "rotation": [0, -90, 0], "uv": [8, 28]},
						{"origin": [-1.89366, 4.5, 0.32064], "size": [1, 1, 0], "pivot": [0.35634, 4.75, 0.79989], "rotation": [0, -90, 0], "uv": [32, 26]},
						{"origin": [-1.89366, 4, 0.32203], "size": [4, 4, 2], "pivot": [0.35634, 4.75, 0.79989], "rotation": [0, -90, 0], "uv": [20, 16]},
						{"origin": [-1.39366, 7.5, 0.82203], "size": [3, 1, 1], "pivot": [0.35634, 4.75, 0.79989], "rotation": [0, -90, 0], "uv": [32, 15]},
						{"origin": [-1.39366, 8, 1.32203], "size": [3, 2, 0], "pivot": [0.35634, 4.75, 0.79989], "rotation": [0, -90, 0], "uv": [0, 33]}
					]
				}
			]
		}
	]
}