{
	"format_version": "1.12.0",
	"minecraft:geometry": [
		{
			"description": {
				"identifier": "geometry.faz_diver_without_item",
				"texture_width": 48,
				"texture_height": 48,
				"visible_bounds_width": 3,
				"visible_bounds_height": 3.5,
				"visible_bounds_offset": [0, 1.25, 0]
			},
			"bones": [
				{
					"name": "equipment",
					"pivot": [0, 0, 0]
				},
				{
					"name": "backpack_strap",
					"parent": "equipment",
					"pivot": [0, 18.5, 1],
					"cubes": [
						{"origin": [-4, 12.5, -2], "size": [8, 12, 4], "inflate": 0.35, "pivot": [0, 18.5, 0], "rotation": [-180, 0, 180], "uv": [0, 0]}
					]
				},
				{
					"name": "stuff",
					"parent": "equipment",
					"pivot": [0, 13, 0]
				},
				{
					"name": "storage_disk",
					"parent": "stuff",
					"pivot": [0.85857, 19.96429, 5.56574],
					"rotation": [-180, 0, 180],
					"cubes": [
						{"origin": [-1.78286, 14, 6.13149], "size": [7, 9, 3], "uv": [0, 16]},
						{"origin": [-1.77286, 20, 5.86189], "size": [3, 2, 1], "inflate": 0.0001, "uv": [8, 32]},
						{"origin": [-1.77286, 20, 6.11189], "size": [3, 2, 0], "uv": [22, 33]},
						{"origin": [-1.11286, 20.25, 6.06189], "size": [2, 1, 0], "uv": [24, 15]},
						{"origin": [1.86714, 19.5, 5.63149], "size": [3, 3, 1], "uv": [28, 31]},
						{"origin": [1.86714, 19.5, 6.03149], "size": [3, 3, 0], "uv": [32, 20]},
						{"origin": [-2.28286, 16, 7.13007], "size": [1, 1, 1], "uv": [34, 0]}
					]
				},
				{
					"name": "inside",
					"parent": "storage_disk",
					"pivot": [1.27371, 17.54, 5.33149],
					"cubes": [
						{"origin": [-0.78286, 15, 6.13149], "size": [5, 4, 1], "uv": [20, 22]},
						{"origin": [0.21714, 15.5, 6.63149], "size": [3, 3, 0], "uv": [32, 23]},
						{"origin": [0.71714, 17.7, 5.63149], "size": [2, 1, 1], "uv": [16, 33]},
						{"origin": [-0.78286, 15, 6.13149], "size": [5, 4, 0], "uv": [24, 11]},
						{"origin": [-1.5, 18, 6.13149], "size": [2, 1, 0], "inflate": -0.01, "uv": [28, 15]}
					]
				}
			]
		}
	]
}