{
	"format_version": "1.21.0",
	"minecraft:geometry": [
		{
			"description": {
				"identifier": "geometry.fnaf1_foxy_pack",
				"texture_width": 128,
				"texture_height": 128,
				"visible_bounds_width": 6,
				"visible_bounds_height": 5,
				"visible_bounds_offset": [0, 1.5, 0]
			},
			"bones": [
				{
					"name": "Reworked_Foxy",
					"pivot": [0, 0, 0]
				},
				{
					"name": "upperpart53",
					"parent": "Reworked_Foxy",
					"pivot": [0, 17, 2]
				},
				{
					"name": "feddyHed46",
					"parent": "upperpart53",
					"pivot": [0, 26, 3]
				},
				{
					"name": "head64",
					"parent": "feddyHed46",
					"pivot": [0, 31, 3]
				},
				{
					"name": "headsuit57",
					"parent": "head64",
					"pivot": [0, 31, 3]
				},
				{
					"name": "jaw103",
					"parent": "headsuit57",
					"pivot": [0, 32, 1],
					"cubes": [
						{
							"origin": [-1.5, 30.5, -1],
							"size": [3, 1, 2],
							"inflate": 0.1,
							"uv": {
								"north": {"uv": [42, 89], "uv_size": [3, 1]},
								"east": {"uv": [41, 88], "uv_size": [2, 1]},
								"south": {"uv": [47, 88], "uv_size": [3, 1]},
								"west": {"uv": [45, 88], "uv_size": [2, 1]},
								"up": {"uv": [36, 86], "uv_size": [3, 2]},
								"down": {"uv": [36, 90], "uv_size": [3, -2]}
							}
						},
						{
							"origin": [-1, 30.5, -1],
							"size": [2, 1, 2],
							"inflate": 0.1,
							"uv": {
								"north": {"uv": [42, 96], "uv_size": [2, 1]},
								"east": {"uv": [41, 95], "uv_size": [2, 1]},
								"south": {"uv": [48, 95], "uv_size": [2, 1]},
								"west": {"uv": [45, 95], "uv_size": [2, 1]},
								"up": {"uv": [36, 95], "uv_size": [2, 2]},
								"down": {"uv": [36, 95], "uv_size": [2, -2]}
							}
						},
						{
							"origin": [-1.5, 31, -1],
							"size": [3, 1, 2],
							"uv": {
								"north": {"uv": [66, 93], "uv_size": [3, 1]},
								"east": {"uv": [67, 87], "uv_size": [2, 1]},
								"south": {"uv": [73, 87], "uv_size": [3, 1]},
								"west": {"uv": [71, 87], "uv_size": [2, 1]},
								"up": {"uv": [69, 85], "uv_size": [3, 2]},
								"down": {"uv": [71, 87], "uv_size": [3, -2]}
							}
						},
						{
							"origin": [-1, 31, -1],
							"size": [2, 1, 2],
							"uv": {
								"north": {"uv": [66, 95], "uv_size": [2, -1]},
								"east": {"uv": [67, 88], "uv_size": [2, 1]},
								"south": {"uv": [73, 87], "uv_size": [3, 1]},
								"west": {"uv": [71, 88], "uv_size": [2, 1]},
								"up": {"uv": [69, 85], "uv_size": [3, 2]},
								"down": {"uv": [71, 87], "uv_size": [3, -2]}
							}
						}
					]
				},
				{
					"name": "jaw104",
					"parent": "jaw103",
					"pivot": [0, 32, 3],
					"cubes": [
						{
							"origin": [-3, 28, -7],
							"size": [6, 2, 6],
							"uv": {
								"north": {"uv": [37, 80], "uv_size": [6, 2]},
								"east": {"uv": [50, 80], "uv_size": [5, 2]},
								"south": {"uv": [37, 80], "uv_size": [6, 2]},
								"west": {"uv": [65, 80], "uv_size": [5, 2]},
								"up": {"uv": [37, 74], "uv_size": [6, 6]},
								"down": {"uv": [3, 95], "uv_size": [6, -6]}
							}
						},
						{
							"origin": [-2, 28.5, -6.5],
							"size": [4, 2, 4],
							"inflate": 0.2,
							"uv": {
								"north": {"uv": [50, 77], "uv_size": [4, 2]},
								"east": {"uv": [46, 76], "uv_size": [4, 2]},
								"south": {"uv": [0, 0], "uv_size": [0, 0]},
								"west": {"uv": [54, 76], "uv_size": [4, 2]},
								"up": {"uv": [0, 0], "uv_size": [0, 0]},
								"down": {"uv": [0, 0], "uv_size": [0, 0]}
							}
						},
						{
							"origin": [-2, 28.5, -6.5],
							"size": [4, 2, 4],
							"uv": {
								"north": {"uv": [50, 73], "uv_size": [4, 2]},
								"east": {"uv": [46, 74], "uv_size": [4, 2]},
								"south": {"uv": [0, 0], "uv_size": [0, 0]},
								"west": {"uv": [55, 74], "uv_size": [4, 2]},
								"up": {"uv": [0, 0], "uv_size": [0, 0]},
								"down": {"uv": [0, 0], "uv_size": [0, 0]}
							}
						},
						{
							"origin": [-1.5, 28.5, -6.5],
							"size": [3, 2, 4],
							"uv": {
								"north": {"uv": [51, 75], "uv_size": [3, 2]},
								"east": {"uv": [46, 70], "uv_size": [4, 2]},
								"south": {"uv": [0, 0], "uv_size": [0, 0]},
								"west": {"uv": [54, 70], "uv_size": [4, 2]},
								"up": {"uv": [0, 0], "uv_size": [0, 0]},
								"down": {"uv": [0, 0], "uv_size": [0, 0]}
							}
						},
						{
							"origin": [-3, 31.51, -2.5],
							"size": [6, 2, 7],
							"pivot": [0, 32, 4],
							"rotation": [34, 0, 0],
							"uv": {
								"north": {"uv": [37, 80], "uv_size": [6, 2]},
								"east": {"uv": [50, 80], "uv_size": [7, 2]},
								"south": {"uv": [41, 80], "uv_size": [6, 2]},
								"west": {"uv": [63, 80], "uv_size": [7, 2]},
								"up": {"uv": [37, 69], "uv_size": [6, 7]},
								"down": {"uv": [3, 96], "uv_size": [6, -7]}
							}
						}
					]
				},
				{
					"name": "masktop64",
					"parent": "headsuit57",
					"pivot": [0, 25, 4.4],
					"cubes": [
						{
							"origin": [-4, 31, -1.9],
							"size": [8, 8, 7],
							"uv": {
								"north": {"uv": [14, 70], "uv_size": [8, 8]},
								"east": {"uv": [2, 70], "uv_size": [7, 8]},
								"south": {"uv": [2, 80], "uv_size": [8, 8]},
								"west": {"uv": [27, 70], "uv_size": [7, 8]},
								"up": {"uv": [24, 85], "uv_size": [8, 7]},
								"down": {"uv": [64, 35], "uv_size": [8, -7]}
							}
						},
						{
							"origin": [-5.5, 33.5, -1.8],
							"size": [2, 1, 3],
							"uv": {
								"north": {"uv": [0, 69], "uv_size": [2, 1]},
								"east": {"uv": [11, 92], "uv_size": [3, 1]},
								"south": {"uv": [0, 70], "uv_size": [2, -1]},
								"west": {"uv": [11, 92], "uv_size": [3, 1]},
								"up": {"uv": [7, 61], "uv_size": [2, 3]},
								"down": {"uv": [1, 56], "uv_size": [2, -2]}
							}
						},
						{
							"origin": [3.5, 33.5, -1.8],
							"size": [2, 1, 3],
							"uv": {
								"north": {"uv": [2, 69], "uv_size": [-2, 1]},
								"east": {"uv": [14, 92], "uv_size": [-3, 1]},
								"south": {"uv": [2, 70], "uv_size": [-2, -1]},
								"west": {"uv": [14, 92], "uv_size": [-3, 1]},
								"up": {"uv": [9, 61], "uv_size": [-2, 3]},
								"down": {"uv": [3, 56], "uv_size": [-2, -2]}
							}
						},
						{
							"origin": [-7.5, 31, -1.8],
							"size": [4, 2, 3],
							"uv": {
								"north": {"uv": [0, 78], "uv_size": [4, 2]},
								"east": {"uv": [0, 89], "uv_size": [3, 2]},
								"south": {"uv": [4, 78], "uv_size": [-4, 2]},
								"up": {"uv": [2, 66], "uv_size": [4, 3]},
								"down": {"uv": [0, 62], "uv_size": [0, 0]}
							}
						},
						{
							"origin": [3.5, 31, -1.8],
							"size": [4, 2, 3],
							"uv": {
								"north": {"uv": [4, 78], "uv_size": [-4, 2]},
								"south": {"uv": [0, 78], "uv_size": [4, 2]},
								"west": {"uv": [3, 89], "uv_size": [-3, 2]},
								"up": {"uv": [6, 66], "uv_size": [-4, 3]},
								"down": {"uv": [0, 62], "uv_size": [0, 0]}
							}
						},
						{
							"origin": [-4.5, 33, -1.3],
							"size": [1, 1, 2],
							"uv": {
								"north": {"uv": [14, 69], "uv_size": [1, 1]},
								"east": {"uv": [3, 93], "uv_size": [2, 1]},
								"south": {"uv": [14, 69], "uv_size": [1, 1]},
								"west": {"uv": [3, 93], "uv_size": [2, 1]},
								"up": {"uv": [8, 64], "uv_size": [1, 2], "uv_rotation": 180},
								"down": {"uv": [0, 59], "uv_size": [0, 0]}
							}
						},
						{
							"origin": [3.5, 33, -1.3],
							"size": [1, 1, 2],
							"uv": {
								"north": {"uv": [15, 69], "uv_size": [-1, 1]},
								"east": {"uv": [5, 93], "uv_size": [-2, 1]},
								"south": {"uv": [15, 69], "uv_size": [-1, 1]},
								"west": {"uv": [5, 93], "uv_size": [-2, 1]},
								"up": {"uv": [9, 64], "uv_size": [-1, 2], "uv_rotation": 180},
								"down": {"uv": [0, 59], "uv_size": [0, 0]}
							}
						},
						{
							"origin": [-6, 33, -1.9],
							"size": [12, 1, 3],
							"uv": {
								"north": {"uv": [0, 60], "uv_size": [12, 1]},
								"east": {"uv": [11, 91], "uv_size": [3, 1]},
								"south": {"uv": [0, 60], "uv_size": [12, 1]},
								"west": {"uv": [11, 91], "uv_size": [3, 1]},
								"up": {"uv": [0, 57], "uv_size": [12, 3]},
								"down": {"uv": [0, 59], "uv_size": [0, 0]}
							}
						},
						{
							"origin": [-2.5, 39, 0.4],
							"size": [5, 2, 0],
							"uv": {
								"north": {"uv": [1, 64], "uv_size": [5, 2]},
								"east": {"uv": [1, 64], "uv_size": [0, 2]},
								"south": {"uv": [1, 64], "uv_size": [5, 2]},
								"west": {"uv": [6, 64], "uv_size": [0, 2]},
								"up": {"uv": [1, 64], "uv_size": [5, 0]},
								"down": {"uv": [0, 62], "uv_size": [5, 0]}
							}
						}
					]
				},
				{
					"name": "bone",
					"parent": "masktop64",
					"pivot": [0, 39, 3],
					"rotation": [2.5, 0, 0],
					"cubes": [
						{"origin": [-4, 36, 3.1], "size": [8, 3, 2], "uv": [29, 58]}
					]
				},
				{
					"name": "Hat",
					"parent": "masktop64",
					"pivot": [-1.05166, 41.64489, 2.68401],
					"rotation": [-5, 0, 0],
					"cubes": [
						{"origin": [-7.20665, 42.01989, 3.10243], "size": [6, 4, 0], "pivot": [-4.20665, 44.01989, 3.10243], "rotation": [12.99301, 35.49178, 21.67413], "uv": [116, 106]},
						{"origin": [-2.5, 38.01989, 0.04453], "size": [5, 5, 5], "uv": [96, 106]},
						{"origin": [-4.5, 37.51989, 2.54453], "size": [9, 4, 3], "uv": [96, 98]},
						{"origin": [-3.5, 37.51989, -0.45547], "size": [7, 7, 3], "uv": [84, 118]}
					]
				},
				{
					"name": "earL40",
					"parent": "masktop64",
					"pivot": [1.45, 37.5, 1.5],
					"rotation": [0, 0, 65],
					"cubes": [
						{
							"origin": [-0.05, 39.5, 1],
							"size": [3, 4, 1],
							"uv": {
								"north": {"uv": [44, 66], "uv_size": [3, 4]},
								"east": {"uv": [43, 66], "uv_size": [1, 4]},
								"south": {"uv": [48, 66], "uv_size": [3, 4]},
								"west": {"uv": [47, 66], "uv_size": [1, 4]},
								"up": {"uv": [44, 65], "uv_size": [3, 1]},
								"down": {"uv": [47, 66], "uv_size": [3, -1]}
							}
						},
						{
							"origin": [1.08242, 38.54261, 1],
							"size": [1, 1, 1],
							"uv": {
								"north": {"uv": [34, 65], "uv_size": [-1, 1]},
								"east": {"uv": [35, 65], "uv_size": [-1, 1]},
								"south": {"uv": [36, 65], "uv_size": [-1, 1]},
								"west": {"uv": [33, 65], "uv_size": [-1, 1]},
								"up": {"uv": [34, 64], "uv_size": [-1, 1]},
								"down": {"uv": [35, 65], "uv_size": [-1, -1]}
							}
						},
						{
							"origin": [0.95, 43.5, 1.5],
							"size": [1, 1, 0],
							"uv": {
								"north": {"uv": [44, 66], "uv_size": [1, 1]},
								"east": {"uv": [0, 0], "uv_size": [0, 0]},
								"south": {"uv": [0, 0], "uv_size": [0, 0]},
								"west": {"uv": [0, 0], "uv_size": [0, 0]},
								"up": {"uv": [0, 0], "uv_size": [0, 0]},
								"down": {"uv": [0, 0], "uv_size": [0, 0]}
							}
						}
					]
				},
				{
					"name": "earL41",
					"parent": "masktop64",
					"pivot": [-1.45, 37.5, 1.5],
					"rotation": [0, 0, -65],
					"cubes": [
						{
							"origin": [-2.95, 39.5, 1],
							"size": [3, 4, 1],
							"uv": {
								"north": {"uv": [47, 66], "uv_size": [-3, 4]},
								"east": {"uv": [48, 66], "uv_size": [-1, 4]},
								"south": {"uv": [51, 66], "uv_size": [-3, 4]},
								"west": {"uv": [44, 66], "uv_size": [-1, 4]},
								"up": {"uv": [47, 65], "uv_size": [-3, 1]},
								"down": {"uv": [50, 66], "uv_size": [-3, -1]}
							}
						},
						{
							"origin": [-2.95, 39.5, 1],
							"size": [3, 4, 1],
							"uv": {
								"north": {"uv": [39, 66], "uv_size": [-3, 4]},
								"east": {"uv": [40, 66], "uv_size": [-1, 4]},
								"south": {"uv": [43, 66], "uv_size": [-3, 4]},
								"west": {"uv": [36, 66], "uv_size": [-1, 4]},
								"up": {"uv": [39, 65], "uv_size": [-3, 1]},
								"down": {"uv": [42, 66], "uv_size": [-3, -1]}
							}
						},
						{
							"origin": [-2.08242, 38.54261, 1],
							"size": [1, 1, 1],
							"uv": {
								"north": {"uv": [33, 65], "uv_size": [1, 1]},
								"east": {"uv": [32, 65], "uv_size": [1, 1]},
								"south": {"uv": [35, 65], "uv_size": [1, 1]},
								"west": {"uv": [34, 65], "uv_size": [1, 1]},
								"up": {"uv": [33, 64], "uv_size": [1, 1]},
								"down": {"uv": [34, 65], "uv_size": [1, -1]}
							}
						},
						{
							"origin": [-1.95, 43.5, 1.5],
							"size": [1, 1, 0],
							"uv": {
								"north": {"uv": [45, 66], "uv_size": [-1, 1]},
								"east": {"uv": [0, 0], "uv_size": [0, 0]},
								"south": {"uv": [0, 0], "uv_size": [0, 0]},
								"west": {"uv": [0, 0], "uv_size": [0, 0]},
								"up": {"uv": [0, 0], "uv_size": [0, 0]},
								"down": {"uv": [0, 0], "uv_size": [0, 0]}
							}
						},
						{
							"origin": [-1.95, 43.5, 1.5],
							"size": [1, 1, 0],
							"uv": {
								"north": {"uv": [36, 66], "uv_size": [-1, 1]},
								"east": {"uv": [0, 0], "uv_size": [0, 0]},
								"south": {"uv": [0, 0], "uv_size": [0, 0]},
								"west": {"uv": [0, 0], "uv_size": [0, 0]},
								"up": {"uv": [0, 0], "uv_size": [0, 0]},
								"down": {"uv": [0, 0], "uv_size": [0, 0]}
							}
						}
					]
				},
				{
					"name": "eyebrows24",
					"parent": "masktop64",
					"pivot": [-3, 29.9, -1]
				},
				{
					"name": "eyebrowL15",
					"parent": "eyebrows24",
					"pivot": [-3, 29.9, -1],
					"cubes": [
						{
							"origin": [-3, 36.9, -2],
							"size": [2, 1, 1],
							"inflate": 0.1,
							"uv": {
								"north": {"uv": [15, 59], "uv_size": [2, 1]},
								"east": {"uv": [93, 126], "uv_size": [1, 1]},
								"south": {"uv": [97, 126], "uv_size": [2, 1]},
								"west": {"uv": [96, 126], "uv_size": [1, 1]},
								"up": {"uv": [94, 125], "uv_size": [2, 1]},
								"down": {"uv": [96, 126], "uv_size": [2, -1]}
							}
						}
					]
				},
				{
					"name": "eyebrowR15",
					"parent": "eyebrows24",
					"pivot": [3, 29.9, -1],
					"cubes": [
						{
							"origin": [1, 36.9, -2],
							"size": [2, 1, 1],
							"inflate": 0.1,
							"uv": {
								"north": {"uv": [19, 59], "uv_size": [2, 1]},
								"east": {"uv": [117, 126], "uv_size": [1, 1]},
								"south": {"uv": [121, 126], "uv_size": [2, 1]},
								"west": {"uv": [120, 126], "uv_size": [1, 1]},
								"up": {"uv": [118, 125], "uv_size": [2, 1]},
								"down": {"uv": [120, 126], "uv_size": [2, -1]}
							}
						}
					]
				},
				{
					"name": "muzzle32",
					"parent": "masktop64",
					"pivot": [0, 25, 0],
					"cubes": [
						{
							"origin": [-2, 31, -7],
							"size": [4, 3, 4],
							"uv": {
								"north": {"uv": [14, 93], "uv_size": [4, 3]},
								"east": {"uv": [10, 93], "uv_size": [4, 3]},
								"south": {"uv": [22, 93], "uv_size": [4, 3]},
								"west": {"uv": [18, 93], "uv_size": [4, 3]},
								"up": {"uv": [14, 89], "uv_size": [4, 4]},
								"down": {"uv": [18, 93], "uv_size": [4, -4]}
							}
						},
						{
							"origin": [-2.5, 31, -7],
							"size": [5, 3, 4],
							"uv": {
								"north": {"uv": [3, 98], "uv_size": [5, 3]},
								"east": {"uv": [0, 98], "uv_size": [3, 3]},
								"south": {"uv": [22, 93], "uv_size": [4, 3]},
								"west": {"uv": [3, 98], "uv_size": [-3, 3]},
								"up": {"uv": [8, 98], "uv_size": [5, 3]},
								"down": {"uv": [8, 101], "uv_size": [5, -3]}
							}
						},
						{
							"origin": [-1.5, 29.5, -6.5],
							"size": [3, 2, 5],
							"uv": {
								"north": {"uv": [50, 73], "uv_size": [4, 2]},
								"east": {"uv": [55, 74], "uv_size": [5, 2]},
								"south": {"uv": [0, 0], "uv_size": [0, 0]},
								"west": {"uv": [45, 74], "uv_size": [5, 2]},
								"up": {"uv": [0, 0], "uv_size": [0, 0]},
								"down": {"uv": [0, 0], "uv_size": [0, 0]}
							}
						},
						{
							"origin": [-1.5, 29.5, -6.5],
							"size": [3, 2, 5],
							"inflate": 0.2,
							"uv": {
								"north": {"uv": [50, 72], "uv_size": [3, 2]},
								"east": {"uv": [45, 72], "uv_size": [5, 2]},
								"south": {"uv": [0, 0], "uv_size": [0, 0]},
								"west": {"uv": [56, 74], "uv_size": [5, 2]},
								"up": {"uv": [0, 0], "uv_size": [0, 0]},
								"down": {"uv": [0, 0], "uv_size": [0, 0]}
							}
						},
						{
							"origin": [-2, 31.1, -3.42],
							"size": [4, 3, 2],
							"inflate": 0.1,
							"uv": {
								"north": {"uv": [16, 81], "uv_size": [4, 3]},
								"east": {"uv": [12, 75], "uv_size": [-2, 3]},
								"south": {"uv": [22, 81], "uv_size": [4, 3]},
								"west": {"uv": [26, 78], "uv_size": [-2, -3]},
								"up": {"uv": [16, 79], "uv_size": [4, 2]},
								"down": {"uv": [16, 86], "uv_size": [4, -2]}
							}
						},
						{
							"origin": [-2.5, 31.1, -3.42],
							"size": [5, 3, 2],
							"inflate": 0.2,
							"uv": {
								"north": {"uv": [13, 99], "uv_size": [5, 3]},
								"east": {"uv": [12, 80], "uv_size": [-2, 3]},
								"south": {"uv": [22, 81], "uv_size": [4, 3]},
								"west": {"uv": [26, 81], "uv_size": [-2, -3]},
								"up": {"uv": [13, 97], "uv_size": [5, 2]},
								"down": {"uv": [13, 104], "uv_size": [5, -2]}
							}
						},
						{
							"origin": [-1, 33.5, -7],
							"size": [2, 1, 1],
							"inflate": 0.15,
							"uv": {
								"north": {"uv": [56, 65], "uv_size": [2, 1]},
								"east": {"uv": [55, 66], "uv_size": [1, 1]},
								"south": {"uv": [56, 65], "uv_size": [2, 1]},
								"west": {"uv": [56, 66], "uv_size": [1, 1]},
								"up": {"uv": [55, 66], "uv_size": [2, 1]},
								"down": {"uv": [55, 67], "uv_size": [2, -1]}
							}
						}
					]
				},
				{
					"name": "eyepatch2",
					"parent": "masktop64",
					"pivot": [-2, 36, -1.8],
					"cubes": [
						{
							"origin": [-3, 34, -1.8],
							"size": [2, 2, 0],
							"uv": {
								"north": {"uv": [22, 59], "uv_size": [2, 2]},
								"east": {"uv": [22, 59], "uv_size": [0, 2]},
								"south": {"uv": [24, 59], "uv_size": [2, 2]},
								"west": {"uv": [24, 59], "uv_size": [0, 2]},
								"up": {"uv": [22, 59], "uv_size": [2, 0]},
								"down": {"uv": [24, 59], "uv_size": [2, 0]}
							}
						}
					]
				},
				{
					"name": "headendo67",
					"parent": "head64",
					"pivot": [0, 31, 3],
					"cubes": [
						{
							"origin": [-3, 33, 0.9],
							"size": [6, 5, 2],
							"uv": {
								"north": {"uv": [118, 10], "uv_size": [6, 5]},
								"east": {"uv": [107, 16], "uv_size": [-2, 5]},
								"south": {"uv": [99, 16], "uv_size": [6, 5]},
								"west": {"uv": [99, 16], "uv_size": [-2, 5]},
								"up": {"uv": [99, 15], "uv_size": [6, 2]},
								"down": {"uv": [99, 23], "uv_size": [6, -2]}
							}
						},
						{
							"origin": [1, 34, 1],
							"size": [4, 3, 0],
							"pivot": [3, 37, 1],
							"rotation": [0, 0, -130],
							"uv": {
								"north": {"uv": [124, 113], "uv_size": [4, 6]},
								"east": {"uv": [0, 0], "uv_size": [0, 6]},
								"south": {"uv": [117, 123], "uv_size": [4, 3]},
								"west": {"uv": [0, 0], "uv_size": [0, 6]},
								"up": {"uv": [4, 0], "uv_size": [-4, 0]},
								"down": {"uv": [4, 0], "uv_size": [-4, 0]}
							}
						},
						{
							"origin": [-2, 30, 0.9],
							"size": [4, 3, 2],
							"uv": {
								"north": {"uv": [109, 21], "uv_size": [4, 3]},
								"east": {"uv": [123, 21], "uv_size": [2, 3]},
								"south": {"uv": [119, 21], "uv_size": [4, 3]},
								"west": {"uv": [117, 21], "uv_size": [2, 3]},
								"up": {"uv": [119, 19], "uv_size": [4, 2]},
								"down": {"uv": [119, 26], "uv_size": [4, -2]}
							}
						},
						{
							"origin": [-4, 30, 2],
							"size": [8, 5, 0],
							"uv": {
								"north": {"uv": [107, 20], "uv_size": [8, 5]},
								"east": {"uv": [0, 0], "uv_size": [0, 0]},
								"south": {"uv": [0, 0], "uv_size": [0, 0]},
								"west": {"uv": [0, 0], "uv_size": [0, 0]},
								"up": {"uv": [0, 0], "uv_size": [0, 0]},
								"down": {"uv": [0, 0], "uv_size": [0, 0]}
							}
						},
						{
							"origin": [-1.5, 32.5, -1],
							"size": [3, 1, 2],
							"inflate": 0.1,
							"uv": {
								"north": {"uv": [42, 89], "uv_size": [3, 1]},
								"east": {"uv": [41, 88], "uv_size": [2, 1]},
								"south": {"uv": [47, 88], "uv_size": [3, 1]},
								"west": {"uv": [45, 88], "uv_size": [2, 1]},
								"up": {"uv": [36, 86], "uv_size": [3, 2]},
								"down": {"uv": [36, 90], "uv_size": [3, -2]}
							}
						},
						{
							"origin": [-1.5, 32, -1],
							"size": [3, 1, 2],
							"uv": {
								"north": {"uv": [56, 91], "uv_size": [3, 1]},
								"east": {"uv": [54, 91], "uv_size": [2, 1]},
								"south": {"uv": [60, 91], "uv_size": [3, 1]},
								"west": {"uv": [58, 91], "uv_size": [2, 1]},
								"up": {"uv": [56, 89], "uv_size": [3, 2]},
								"down": {"uv": [58, 91], "uv_size": [3, -2]}
							}
						}
					]
				},
				{
					"name": "eyes69",
					"parent": "headendo67",
					"pivot": [-2, 28, 1]
				},
				{
					"name": "eyeL69",
					"parent": "eyes69",
					"pivot": [-2, 28, 1],
					"cubes": [
						{
							"origin": [-3, 34, -1],
							"size": [2, 2, 2],
							"uv": {
								"north": {"uv": [108, 10], "uv_size": [2, 2]},
								"east": {"uv": [106, 10], "uv_size": [2, 2]},
								"south": {"uv": [47, 77], "uv_size": [2, 2]},
								"west": {"uv": [108, 10], "uv_size": [-2, 2]},
								"up": {"uv": [43, 75], "uv_size": [2, 2]},
								"down": {"uv": [108, 11], "uv_size": [2, -2]}
							}
						}
					]
				},
				{
					"name": "pupil43",
					"parent": "eyeL69",
					"pivot": [-2, 28, -0.15],
					"cubes": [
						{
							"origin": [-2.5, 34.8, -1.15],
							"size": [1, 1, 1],
							"uv": {
								"north": {"uv": [108, 15], "uv_size": [1, 1]},
								"east": {"uv": [0, 0], "uv_size": [0, 0]},
								"south": {"uv": [0, 0], "uv_size": [0, 0]},
								"west": {"uv": [0, 0], "uv_size": [0, 0]},
								"up": {"uv": [0, 0], "uv_size": [0, 0]},
								"down": {"uv": [0, 0], "uv_size": [0, 0]}
							}
						}
					]
				},
				{
					"name": "eyelid89",
					"parent": "eyeL69",
					"pivot": [-2, 35.55, 1],
					"cubes": [
						{
							"origin": [-3, 35.8, -1],
							"size": [2, 1, 2],
							"inflate": 0.2,
							"uv": {
								"north": {"uv": [108, 9], "uv_size": [2, 1]},
								"east": {"uv": [106, 9], "uv_size": [2, 1]},
								"south": {"uv": [60, 17], "uv_size": [2, 1]},
								"west": {"uv": [108, 9], "uv_size": [2, 1]},
								"up": {"uv": [108, 8], "uv_size": [2, 2]},
								"down": {"uv": [58, 17], "uv_size": [2, -2]}
							}
						}
					]
				},
				{
					"name": "eyeR67",
					"parent": "eyes69",
					"pivot": [2, 28, 1],
					"cubes": [
						{
							"origin": [1, 34, -1],
							"size": [2, 2, 2],
							"uv": {
								"north": {"uv": [112, 10], "uv_size": [2, 2]},
								"east": {"uv": [116, 10], "uv_size": [-2, 2]},
								"south": {"uv": [62, 64], "uv_size": [2, 2]},
								"west": {"uv": [114, 10], "uv_size": [2, 2]},
								"up": {"uv": [58, 62], "uv_size": [2, 2]},
								"down": {"uv": [112, 11], "uv_size": [2, -2]}
							}
						}
					]
				},
				{
					"name": "pupil44",
					"parent": "eyeR67",
					"pivot": [2, 28, -0.15],
					"cubes": [
						{
							"origin": [1.5, 34.8, -1.15],
							"size": [1, 1, 1],
							"uv": {
								"north": {"uv": [113, 15], "uv_size": [1, 1]},
								"east": {"uv": [0, 0], "uv_size": [0, 0]},
								"south": {"uv": [0, 0], "uv_size": [0, 0]},
								"west": {"uv": [0, 0], "uv_size": [0, 0]},
								"up": {"uv": [0, 0], "uv_size": [0, 0]},
								"down": {"uv": [0, 0], "uv_size": [0, 0]}
							}
						}
					]
				},
				{
					"name": "eyelid90",
					"parent": "eyeR67",
					"pivot": [2, 35.5, 1],
					"cubes": [
						{
							"origin": [1, 35.8, -1],
							"size": [2, 1, 2],
							"inflate": 0.2,
							"uv": {
								"north": {"uv": [112, 9], "uv_size": [2, 1]},
								"east": {"uv": [112, 9], "uv_size": [2, 1]},
								"south": {"uv": [18, 54], "uv_size": [2, 1]},
								"west": {"uv": [114, 9], "uv_size": [2, 1]},
								"up": {"uv": [112, 8], "uv_size": [2, 2]},
								"down": {"uv": [16, 54], "uv_size": [2, -2]}
							}
						}
					]
				},
				{
					"name": "neck48",
					"parent": "feddyHed46",
					"pivot": [0, 20, 3]
				},
				{
					"name": "feddybod52",
					"parent": "upperpart53",
					"pivot": [0, 15, 2]
				},
				{
					"name": "bodysuit57",
					"parent": "feddybod52",
					"pivot": [0, 15, 2],
					"cubes": [
						{
							"origin": [-5, 24, -0.5],
							"size": [10, 4, 5],
							"uv": {
								"north": {"uv": [10, 27], "uv_size": [10, 4]},
								"east": {"uv": [21, 44], "uv_size": [5, 4]},
								"south": {"uv": [9, 10], "uv_size": [10, 4]},
								"west": {"uv": [26, 44], "uv_size": [5, 4]},
								"up": {"uv": [19, 19], "uv_size": [-10, -5]},
								"down": {"uv": [19, 24], "uv_size": [-10, -5]}
							}
						},
						{
							"origin": [-5, 18, -0.5],
							"size": [10, 10, 5],
							"inflate": 0.099,
							"uv": {
								"north": {"uv": [61, 6], "uv_size": [10, 10]},
								"east": {"uv": [89, 6], "uv_size": [5, 10]},
								"south": {"uv": [78, 6], "uv_size": [10, 10]},
								"west": {"uv": [72, 6], "uv_size": [5, 10]},
								"up": {"uv": [60, 0], "uv_size": [10, 5]},
								"down": {"uv": [71, 5], "uv_size": [10, -5]}
							}
						},
						{
							"origin": [-5.5, 9, -0.5],
							"size": [11, 9, 5],
							"inflate": 0.1,
							"uv": {
								"north": {"uv": [95, 0], "uv_size": [11, 9]},
								"east": {"uv": [94, 16], "uv_size": [-5, 9]},
								"south": {"uv": [78, 16], "uv_size": [11, 9]},
								"west": {"uv": [77, 16], "uv_size": [-5, 9]},
								"up": {"uv": [117, 0], "uv_size": [11, 5]},
								"down": {"uv": [128, 9], "uv_size": [0, 0]}
							}
						},
						{
							"origin": [-7, 27.5, 2],
							"size": [14, 3, 0],
							"uv": {
								"north": {"uv": [8, 24], "uv_size": [14, 3]},
								"east": {"uv": [0, 0], "uv_size": [0, 3]},
								"south": {"uv": [0, 0], "uv_size": [1, 0]},
								"west": {"uv": [0, 0], "uv_size": [0, 3]},
								"up": {"uv": [14, 0], "uv_size": [-14, 0]},
								"down": {"uv": [14, 0], "uv_size": [-14, 0]}
							}
						},
						{
							"origin": [-5, 28, 0.5],
							"size": [2, 2, 3],
							"pivot": [-3, 28, -2],
							"rotation": [0, 0, -32.5],
							"uv": {
								"north": {"uv": [87, 2], "uv_size": [2, 2]},
								"east": {"uv": [87, 2], "uv_size": [3, 2]},
								"south": {"uv": [87, 6], "uv_size": [2, 2]},
								"west": {"uv": [85, 9], "uv_size": [3, 2]},
								"up": {"uv": [85, 8], "uv_size": [2, 3]},
								"down": {"uv": [87, 4], "uv_size": [2, -3]}
							}
						},
						{
							"origin": [3, 28, 0.5],
							"size": [2, 2, 3],
							"pivot": [3, 28, -2],
							"rotation": [0, 0, 32.5],
							"uv": {
								"north": {"uv": [89, 2], "uv_size": [-2, 2]},
								"east": {"uv": [88, 10], "uv_size": [-3, 2]},
								"south": {"uv": [89, 6], "uv_size": [-2, 2]},
								"west": {"uv": [90, 2], "uv_size": [-3, 2]},
								"up": {"uv": [86, 8], "uv_size": [-2, 3]},
								"down": {"uv": [89, 4], "uv_size": [-2, -3]}
							}
						},
						{
							"origin": [-4, 28, 3.5],
							"size": [8, 2, 0],
							"uv": {
								"north": {"uv": [71, 0], "uv_size": [8, 2]},
								"east": {"uv": [71, 7], "uv_size": [0, 2]},
								"south": {"uv": [79, 7], "uv_size": [8, 2]},
								"west": {"uv": [79, 7], "uv_size": [0, 2]},
								"up": {"uv": [71, 0], "uv_size": [8, 0]},
								"down": {"uv": [79, 7], "uv_size": [8, 0]}
							}
						},
						{
							"origin": [-4, 18, -0.6],
							"size": [3, 10, 0],
							"pivot": [-1, 26, -0.6],
							"rotation": [0, -12.5, 0],
							"uv": {
								"north": {"uv": [125, 39], "uv_size": [3, 10]},
								"east": {"uv": [0, 0], "uv_size": [0, 0]},
								"south": {"uv": [125, 29], "uv_size": [3, 10]},
								"west": {"uv": [0, 0], "uv_size": [0, 0]},
								"up": {"uv": [0, 0], "uv_size": [0, -1]},
								"down": {"uv": [0, 0], "uv_size": [0, 0]}
							}
						},
						{
							"origin": [1, 18, -0.6],
							"size": [3, 10, 0],
							"pivot": [1, 26, -0.6],
							"rotation": [0, 12.5, 0],
							"uv": {
								"north": {"uv": [128, 39], "uv_size": [-3, 10]},
								"east": {"uv": [0, 0], "uv_size": [0, 0]},
								"south": {"uv": [128, 29], "uv_size": [-3, 10]},
								"west": {"uv": [0, 0], "uv_size": [0, 0]},
								"up": {"uv": [0, 0], "uv_size": [0, -1]},
								"down": {"uv": [0, 0], "uv_size": [0, 0]}
							}
						},
						{
							"origin": [-2, 17, 1],
							"size": [3, 3, 0],
							"uv": {
								"north": {"uv": [125, 125], "uv_size": [3, 3]},
								"east": {"uv": [0, 0], "uv_size": [0, 3]},
								"south": {"uv": [125, 125], "uv_size": [3, 3]},
								"west": {"uv": [109, 92], "uv_size": [0, 3]},
								"up": {"uv": [3, 0], "uv_size": [-3, 0]},
								"down": {"uv": [3, 0], "uv_size": [-3, 0]}
							}
						},
						{
							"origin": [-4, 18, -0.5],
							"size": [8, 6, 5],
							"uv": {
								"north": {"uv": [11, 31], "uv_size": [8, 6]},
								"east": {"uv": [21, 48], "uv_size": [5, 6]},
								"south": {"uv": [0, 20], "uv_size": [8, 6]},
								"west": {"uv": [26, 48], "uv_size": [5, 6]},
								"up": {"uv": [8, 4], "uv_size": [-8, -4]},
								"down": {"uv": [37, 4], "uv_size": [-8, -4]}
							}
						}
					]
				},
				{
					"name": "belly53",
					"parent": "bodysuit57",
					"pivot": [-3.9, 22, -3]
				},
				{
					"name": "bowtie54",
					"parent": "belly53",
					"pivot": [0, 30, -2],
					"rotation": [-30, 0, 0]
				},
				{
					"name": "endobody41",
					"parent": "feddybod52",
					"pivot": [0, 9, 2],
					"cubes": [
						{
							"origin": [5, 25.5, 0.5],
							"size": [3, 2, 3],
							"uv": {
								"north": {"uv": [20, 22], "uv_size": [3, 2]},
								"east": {"uv": [23, 22], "uv_size": [3, 2]},
								"south": {"uv": [26, 22], "uv_size": [3, 2]},
								"west": {"uv": [29, 22], "uv_size": [3, 2]},
								"up": {"uv": [23, 19], "uv_size": [3, 3]},
								"down": {"uv": [26, 22], "uv_size": [3, -3]}
							}
						},
						{
							"origin": [8, 26, 0.5],
							"size": [3, 2, 3],
							"inflate": 0.1,
							"pivot": [3, 1, 0],
							"rotation": [0, 0, -7.5],
							"uv": {
								"north": {"uv": [20, 17], "uv_size": [3, 2]},
								"east": {"uv": [23, 22], "uv_size": [3, 2]},
								"south": {"uv": [26, 17], "uv_size": [3, 2]},
								"west": {"uv": [29, 17], "uv_size": [3, 2]},
								"up": {"uv": [23, 14], "uv_size": [3, 3]},
								"down": {"uv": [26, 17], "uv_size": [3, -3]}
							}
						},
						{
							"origin": [-11, 26, 0.5],
							"size": [3, 2, 3],
							"inflate": 0.1,
							"pivot": [-3, 1, 0],
							"rotation": [0, 0, 7.5],
							"uv": {
								"north": {"uv": [23, 17], "uv_size": [-3, 2]},
								"east": {"uv": [32, 17], "uv_size": [-3, 2]},
								"south": {"uv": [29, 17], "uv_size": [-3, 2]},
								"west": {"uv": [26, 22], "uv_size": [-3, 2]},
								"up": {"uv": [26, 14], "uv_size": [-3, 3]},
								"down": {"uv": [29, 17], "uv_size": [-3, -3]}
							}
						},
						{
							"origin": [5, 25, 1],
							"size": [2, 2, 2],
							"uv": {
								"north": {"uv": [116, 28], "uv_size": [2, 2]},
								"east": {"uv": [116, 28], "uv_size": [2, 2]},
								"south": {"uv": [116, 28], "uv_size": [2, 2]},
								"west": {"uv": [116, 28], "uv_size": [2, 2]},
								"up": {"uv": [118, 30], "uv_size": [-2, -2]},
								"down": {"uv": [118, 30], "uv_size": [-2, -2]}
							}
						},
						{
							"origin": [-7, 25, 1],
							"size": [2, 2, 2],
							"uv": {
								"north": {"uv": [104, 28], "uv_size": [2, 2]},
								"east": {"uv": [104, 28], "uv_size": [2, 2]},
								"south": {"uv": [104, 28], "uv_size": [2, 2]},
								"west": {"uv": [104, 28], "uv_size": [2, 2]},
								"up": {"uv": [106, 30], "uv_size": [-2, -2]},
								"down": {"uv": [106, 30], "uv_size": [-2, -2]}
							}
						},
						{
							"origin": [-8, 25.5, 0.5],
							"size": [3, 2, 3],
							"uv": {
								"north": {"uv": [23, 22], "uv_size": [-3, 2]},
								"east": {"uv": [29, 22], "uv_size": [3, 2]},
								"south": {"uv": [29, 22], "uv_size": [-3, 2]},
								"west": {"uv": [23, 22], "uv_size": [3, 2]},
								"up": {"uv": [26, 19], "uv_size": [-3, 3]},
								"down": {"uv": [26, 22], "uv_size": [3, -3]}
							}
						},
						{
							"origin": [-1, 16, 1],
							"size": [2, 9, 2],
							"uv": {
								"north": {"uv": [110, 30], "uv_size": [2, 9]},
								"east": {"uv": [112, 30], "uv_size": [-2, 9]},
								"south": {"uv": [110, 30], "uv_size": [2, 9]},
								"west": {"uv": [112, 30], "uv_size": [-2, 9]},
								"up": {"uv": [84, 109], "uv_size": [2, 2]},
								"down": {"uv": [110, 39], "uv_size": [2, -2]}
							}
						},
						{
							"origin": [-5, 16, 2],
							"size": [10, 9, 0],
							"uv": {
								"north": {"uv": [106, 30], "uv_size": [10, 9]},
								"east": {"uv": [0, 0], "uv_size": [0, 0]},
								"south": {"uv": [0, 0], "uv_size": [0, 0]},
								"west": {"uv": [0, 0], "uv_size": [0, 0]},
								"up": {"uv": [0, 0], "uv_size": [0, 0]},
								"down": {"uv": [0, 0], "uv_size": [0, 0]}
							}
						},
						{
							"origin": [-5, 27, 2],
							"size": [10, 3, 0],
							"uv": {
								"north": {"uv": [106, 25], "uv_size": [10, 3]},
								"east": {"uv": [0, 0], "uv_size": [0, 0]},
								"south": {"uv": [0, 0], "uv_size": [0, 0]},
								"west": {"uv": [0, 0], "uv_size": [0, 0]},
								"up": {"uv": [0, 0], "uv_size": [0, 0]},
								"down": {"uv": [0, 0], "uv_size": [0, 0]}
							}
						},
						{
							"origin": [-5, 25, 1],
							"size": [10, 2, 2],
							"uv": {
								"north": {"uv": [106, 28], "uv_size": [10, 2]},
								"east": {"uv": [104, 84], "uv_size": [2, 2]},
								"south": {"uv": [106, 28], "uv_size": [10, 2]},
								"west": {"uv": [116, 84], "uv_size": [2, 2]},
								"up": {"uv": [106, 30], "uv_size": [10, -2]},
								"down": {"uv": [106, 30], "uv_size": [10, -2]}
							}
						},
						{
							"origin": [-5, 17, 1.5],
							"size": [10, 5, 0],
							"uv": {
								"north": {"uv": [107, 119], "uv_size": [10, 5]},
								"east": {"uv": [0, 0], "uv_size": [0, 6]},
								"south": {"uv": [117, 119], "uv_size": [-10, 5]},
								"west": {"uv": [0, 0], "uv_size": [0, 6]},
								"up": {"uv": [0, 0], "uv_size": [4, 0]},
								"down": {"uv": [0, 0], "uv_size": [4, 0]}
							}
						}
					]
				},
				{
					"name": "armL82",
					"parent": "feddybod52",
					"pivot": [-6, 26, 2]
				},
				{
					"name": "upper234",
					"parent": "armL82",
					"pivot": [-6, 25, 2],
					"cubes": [
						{
							"origin": [-7, 20, 1],
							"size": [2, 5, 2],
							"uv": {
								"north": {"uv": [104, 30], "uv_size": [2, 5]},
								"east": {"uv": [106, 30], "uv_size": [-2, 5]},
								"south": {"uv": [106, 30], "uv_size": [-2, 5]},
								"west": {"uv": [104, 30], "uv_size": [2, 5]},
								"up": {"uv": [106, 34], "uv_size": [-2, -2]},
								"down": {"uv": [106, 30], "uv_size": [-2, -2]}
							}
						},
						{
							"origin": [-7, 20, 1],
							"size": [2, 5, 2],
							"inflate": 0.15,
							"uv": {
								"north": {"uv": [102, 30], "uv_size": [2, 5]},
								"east": {"uv": [102, 30], "uv_size": [2, 5]},
								"south": {"uv": [102, 30], "uv_size": [2, 5]},
								"west": {"uv": [102, 30], "uv_size": [2, 5]},
								"up": {"uv": [0, 0], "uv_size": [0, 0]},
								"down": {"uv": [0, 0], "uv_size": [0, 0]}
							}
						},
						{
							"origin": [-7.5, 20.5, 0.5],
							"size": [3, 5, 3],
							"uv": {
								"north": {"uv": [6, 27], "uv_size": [3, 5]},
								"east": {"uv": [0, 27], "uv_size": [3, 5]},
								"south": {"uv": [3, 37], "uv_size": [3, 5]},
								"west": {"uv": [3, 27], "uv_size": [3, 5]},
								"up": {"uv": [24, 40], "uv_size": [-3, -3]},
								"down": {"uv": [24, 43], "uv_size": [-3, -3]}
							}
						},
						{
							"origin": [-7.5, 25.5, 0.5],
							"size": [3, 2, 3],
							"uv": {
								"north": {"uv": [121, 28], "uv_size": [-3, 2]},
								"east": {"uv": [121, 28], "uv_size": [-3, 2]},
								"south": {"uv": [121, 28], "uv_size": [-3, 2]},
								"west": {"uv": [121, 28], "uv_size": [-3, 2]},
								"up": {"uv": [121, 30], "uv_size": [3, -3]},
								"down": {"uv": [121, 30], "uv_size": [3, -3]}
							}
						}
					]
				},
				{
					"name": "lower258",
					"parent": "armL82",
					"pivot": [-6, 20, 2],
					"cubes": [
						{
							"origin": [-7, 16, 1],
							"size": [2, 4, 2],
							"uv": {
								"north": {"uv": [104, 35], "uv_size": [2, 4]},
								"east": {"uv": [106, 35], "uv_size": [-2, 4]},
								"south": {"uv": [106, 35], "uv_size": [-2, 4]},
								"west": {"uv": [104, 35], "uv_size": [2, 4]},
								"up": {"uv": [106, 36], "uv_size": [-2, -2]},
								"down": {"uv": [106, 40], "uv_size": [-2, -2]}
							}
						},
						{
							"origin": [-7, 16, 1],
							"size": [2, 4, 2],
							"inflate": 0.15,
							"uv": {
								"north": {"uv": [102, 35], "uv_size": [2, 4]},
								"east": {"uv": [104, 35], "uv_size": [-2, 4]},
								"south": {"uv": [102, 35], "uv_size": [2, 4]},
								"west": {"uv": [104, 35], "uv_size": [-2, 4]},
								"up": {"uv": [0, 0], "uv_size": [0, 0]},
								"down": {"uv": [0, 0], "uv_size": [0, 0]}
							}
						},
						{
							"origin": [-7.5, 16, 0.5],
							"size": [3, 5, 3],
							"inflate": -0.01,
							"uv": {
								"north": {"uv": [6, 32], "uv_size": [3, 5]},
								"east": {"uv": [3, 32], "uv_size": [-3, 5]},
								"south": {"uv": [3, 42], "uv_size": [3, 5]},
								"west": {"uv": [6, 32], "uv_size": [-3, 5]},
								"up": {"uv": [33, 40], "uv_size": [-3, -3]},
								"down": {"uv": [33, 43], "uv_size": [-3, -3]}
							}
						},
						{"origin": [-7.5, 16, 0.5], "size": [3, 2, 3], "inflate": 0.1, "uv": [0, 0]}
					]
				},
				{
					"name": "hand131",
					"parent": "lower258",
					"pivot": [-6, 16, 2]
				},
				{
					"name": "hook4",
					"parent": "hand131",
					"pivot": [-6, 17, 2],
					"cubes": [
						{
							"origin": [-7.5, 15, 0.5],
							"size": [3, 1, 3],
							"uv": {
								"north": {"uv": [0, 9], "uv_size": [3, 1]},
								"east": {"uv": [0, 9], "uv_size": [3, 1]},
								"south": {"uv": [0, 9], "uv_size": [3, 1]},
								"west": {"uv": [0, 9], "uv_size": [3, 1]},
								"up": {"uv": [3, 13], "uv_size": [-3, -3]},
								"down": {"uv": [3, 16], "uv_size": [-3, -3]}
							}
						},
						{
							"origin": [-8.5, 10, 2],
							"size": [5, 5, 0],
							"uv": {
								"north": {"uv": [0, 52], "uv_size": [5, 5]},
								"east": {"uv": [0, 0], "uv_size": [0, 0]},
								"south": {"uv": [0, 0], "uv_size": [0, 0]},
								"west": {"uv": [0, 0], "uv_size": [0, 0]},
								"up": {"uv": [0, 0], "uv_size": [0, 0]},
								"down": {"uv": [0, 0], "uv_size": [0, 0]}
							}
						}
					]
				},
				{
					"name": "armR25",
					"parent": "feddybod52",
					"pivot": [6, 26, 2]
				},
				{
					"name": "upper235",
					"parent": "armR25",
					"pivot": [6, 26, 2],
					"cubes": [
						{
							"origin": [5, 20, 1],
							"size": [2, 5, 2],
							"uv": {
								"north": {"uv": [118, 30], "uv_size": [-2, 5]},
								"east": {"uv": [118, 30], "uv_size": [-2, 5]},
								"south": {"uv": [118, 30], "uv_size": [-2, 5]},
								"west": {"uv": [118, 30], "uv_size": [-2, 5]},
								"up": {"uv": [118, 32], "uv_size": [-2, 2]},
								"down": {"uv": [118, 30], "uv_size": [-2, -2]}
							}
						},
						{
							"origin": [5, 20, 1],
							"size": [2, 5, 2],
							"inflate": 0.15,
							"uv": {
								"north": {"uv": [118, 30], "uv_size": [2, 5]},
								"east": {"uv": [118, 30], "uv_size": [2, 5]},
								"south": {"uv": [118, 30], "uv_size": [2, 5]},
								"west": {"uv": [118, 30], "uv_size": [2, 5]},
								"up": {"uv": [0, 0], "uv_size": [0, 0]},
								"down": {"uv": [0, 0], "uv_size": [0, 0]}
							}
						},
						{
							"origin": [4.5, 20.5, 0.5],
							"size": [3, 5, 3],
							"uv": {
								"north": {"uv": [21, 27], "uv_size": [3, 5]},
								"east": {"uv": [30, 27], "uv_size": [3, 5]},
								"south": {"uv": [30, 27], "uv_size": [-3, 5]},
								"west": {"uv": [24, 27], "uv_size": [3, 5]},
								"up": {"uv": [30, 40], "uv_size": [-3, -3]},
								"down": {"uv": [30, 43], "uv_size": [-3, -3]}
							}
						},
						{
							"origin": [4.5, 25.5, 0.5],
							"size": [3, 2, 3],
							"uv": {
								"north": {"uv": [118, 28], "uv_size": [3, 2]},
								"east": {"uv": [118, 28], "uv_size": [3, 2]},
								"south": {"uv": [118, 28], "uv_size": [3, 2]},
								"west": {"uv": [118, 28], "uv_size": [3, 2]},
								"up": {"uv": [124, 30], "uv_size": [-3, -3]},
								"down": {"uv": [124, 30], "uv_size": [-3, -3]}
							}
						}
					]
				},
				{
					"name": "lower259",
					"parent": "armR25",
					"pivot": [6, 20, 2],
					"cubes": [
						{
							"origin": [5, 16, 1],
							"size": [2, 4, 2],
							"uv": {
								"north": {"uv": [116, 35], "uv_size": [2, 4]},
								"east": {"uv": [118, 35], "uv_size": [-2, 4]},
								"south": {"uv": [116, 35], "uv_size": [2, 4]},
								"west": {"uv": [118, 35], "uv_size": [-2, 4]},
								"up": {"uv": [118, 36], "uv_size": [-2, -2]},
								"down": {"uv": [118, 40], "uv_size": [-2, -2]}
							}
						},
						{
							"origin": [5, 16, 1],
							"size": [2, 4, 2],
							"inflate": 0.15,
							"uv": {
								"north": {"uv": [118, 35], "uv_size": [2, 4]},
								"east": {"uv": [120, 35], "uv_size": [-2, 4]},
								"south": {"uv": [118, 35], "uv_size": [2, 4]},
								"west": {"uv": [120, 35], "uv_size": [-2, 4]},
								"up": {"uv": [0, 0], "uv_size": [0, 0]},
								"down": {"uv": [0, 0], "uv_size": [0, 0]}
							}
						},
						{
							"origin": [4.5, 16, 0.5],
							"size": [3, 5, 3],
							"inflate": -0.01,
							"uv": {
								"north": {"uv": [21, 32], "uv_size": [3, 5]},
								"east": {"uv": [33, 32], "uv_size": [-3, 5]},
								"south": {"uv": [30, 32], "uv_size": [-3, 5]},
								"west": {"uv": [27, 32], "uv_size": [-3, 5]},
								"up": {"uv": [27, 40], "uv_size": [-3, -3]},
								"down": {"uv": [27, 43], "uv_size": [-3, -3]}
							}
						},
						{"origin": [4.5, 16, 0.5], "size": [3, 2, 3], "inflate": 0.1, "uv": [0, 0], "mirror": true}
					]
				},
				{
					"name": "hand132",
					"parent": "lower259",
					"pivot": [6, 15, 2],
					"cubes": [
						{
							"origin": [5, 13, 0],
							"size": [2, 3, 4],
							"uv": {
								"north": {"uv": [50, 53], "uv_size": [-2, 3]},
								"east": {"uv": [50, 53], "uv_size": [4, 3]},
								"south": {"uv": [56, 53], "uv_size": [-2, 3]},
								"west": {"uv": [44, 53], "uv_size": [4, 3]},
								"up": {"uv": [48, 49], "uv_size": [2, 4]},
								"down": {"uv": [82, 34], "uv_size": [2, -4]}
							}
						}
					]
				},
				{
					"name": "fingers248",
					"parent": "hand132",
					"pivot": [7, 13, 2],
					"cubes": [
						{
							"origin": [5, 11, 0],
							"size": [2, 2, 4],
							"uv": {
								"north": {"uv": [84, 72], "uv_size": [-2, 2]},
								"east": {"uv": [88, 72], "uv_size": [-4, 2]},
								"south": {"uv": [90, 72], "uv_size": [-2, 2]},
								"west": {"uv": [82, 72], "uv_size": [-4, 2]},
								"up": {"uv": [86, 68], "uv_size": [2, 4]},
								"down": {"uv": [86, 72], "uv_size": [-2, -4]}
							}
						}
					]
				},
				{
					"name": "fingers249",
					"parent": "fingers248",
					"pivot": [7, 10, 2]
				},
				{
					"name": "thumb154",
					"parent": "hand132",
					"pivot": [7, 14, 0],
					"cubes": [
						{
							"origin": [5, 14, -2],
							"size": [2, 2, 2],
							"inflate": 0.1,
							"uv": {
								"north": {"uv": [61, 60], "uv_size": [-2, 2]},
								"east": {"uv": [55, 68], "uv_size": [2, 2]},
								"south": {"uv": [63, 68], "uv_size": [2, 2]},
								"west": {"uv": [58, 60], "uv_size": [-2, 2]},
								"up": {"uv": [61, 57], "uv_size": [-2, 2]},
								"down": {"uv": [60, 59], "uv_size": [2, -2]}
							}
						}
					]
				},
				{
					"name": "thumb155",
					"parent": "thumb154",
					"pivot": [6, 15, -2]
				},
				{
					"name": "belowpart54",
					"parent": "Reworked_Foxy",
					"pivot": [0, 19, 2]
				},
				{
					"name": "pelvissuit56",
					"parent": "belowpart54",
					"pivot": [0, 18, 2],
					"cubes": [
						{
							"origin": [-3, 14.3, 1],
							"size": [6, 3, 2],
							"inflate": 0.2,
							"uv": {
								"north": {"uv": [108, 40], "uv_size": [6, 3]},
								"east": {"uv": [22, 109], "uv_size": [2, 3]},
								"south": {"uv": [108, 40], "uv_size": [6, 3]},
								"west": {"uv": [26, 109], "uv_size": [2, 3]},
								"up": {"uv": [100, 41], "uv_size": [6, 2]},
								"down": {"uv": [26, 109], "uv_size": [6, -2]}
							}
						},
						{
							"origin": [-4.5, 14, -0.5],
							"size": [9, 4, 5],
							"uv": {
								"north": {"uv": [10, 38], "uv_size": [9, 4]},
								"east": {"uv": [0, 47], "uv_size": [5, 4]},
								"south": {"uv": [10, 38], "uv_size": [9, 4]},
								"west": {"uv": [5, 47], "uv_size": [5, 4]},
								"up": {"uv": [30, 5], "uv_size": [-9, -5]},
								"down": {"uv": [30, 5], "uv_size": [-9, -5]}
							}
						},
						{
							"origin": [-4.5, 14, 0],
							"size": [9, 4, 4],
							"inflate": 0.1,
							"uv": {
								"north": {"uv": [10, 42], "uv_size": [9, 4]},
								"east": {"uv": [10, 47], "uv_size": [4, 4]},
								"south": {"uv": [10, 42], "uv_size": [9, 4]},
								"west": {"uv": [10, 47], "uv_size": [4, 4]},
								"up": {"uv": [31, 5], "uv_size": [-9, -5]},
								"down": {"uv": [19, 56], "uv_size": [-9, -5]}
							}
						}
					]
				},
				{
					"name": "legL107",
					"parent": "belowpart54",
					"pivot": [-3, 14, 2]
				},
				{
					"name": "upper236",
					"parent": "legL107",
					"pivot": [-3, 15, 2],
					"cubes": [
						{
							"origin": [-4, 8, 1],
							"size": [2, 5, 2],
							"uv": {
								"north": {"uv": [108, 47], "uv_size": [2, 5]},
								"east": {"uv": [110, 47], "uv_size": [-2, 5]},
								"south": {"uv": [108, 47], "uv_size": [2, 5]},
								"west": {"uv": [110, 47], "uv_size": [-2, 5]},
								"up": {"uv": [0, 0], "uv_size": [0, 0]},
								"down": {"uv": [0, 0], "uv_size": [0, 0]}
							}
						},
						{
							"origin": [-5, 9, 0],
							"size": [4, 7, 4],
							"uv": {
								"north": {"uv": [44, 2], "uv_size": [4, 7]},
								"east": {"uv": [34, 19], "uv_size": [4, 7]},
								"south": {"uv": [38, 19], "uv_size": [4, 7]},
								"west": {"uv": [42, 19], "uv_size": [4, 7]},
								"up": {"uv": [42, 30], "uv_size": [-4, -4]},
								"down": {"uv": [29, 4], "uv_size": [-4, -4]}
							}
						},
						{
							"origin": [-5, 8, 1],
							"size": [2, 6, 2],
							"inflate": 0.15,
							"uv": {
								"north": {"uv": [103, 44], "uv_size": [2, 6]},
								"east": {"uv": [103, 44], "uv_size": [2, 6]},
								"south": {"uv": [103, 44], "uv_size": [2, 6]},
								"west": {"uv": [103, 44], "uv_size": [2, 6]},
								"up": {"uv": [0, 0], "uv_size": [0, 0]},
								"down": {"uv": [0, 0], "uv_size": [0, 0]}
							}
						},
						{
							"origin": [-4, 13, 1],
							"size": [2, 2, 2],
							"uv": {
								"north": {"uv": [108, 44], "uv_size": [2, 2]},
								"east": {"uv": [108, 44], "uv_size": [2, 2]},
								"south": {"uv": [108, 44], "uv_size": [2, 2]},
								"west": {"uv": [108, 44], "uv_size": [2, 2]},
								"up": {"uv": [110, 46], "uv_size": [-2, -2]},
								"down": {"uv": [110, 46], "uv_size": [-2, -2]}
							}
						}
					]
				},
				{
					"name": "lower260",
					"parent": "legL107",
					"pivot": [-3, 8, 2],
					"cubes": [
						{
							"origin": [-4, 1, 1],
							"size": [2, 7, 2],
							"uv": {
								"north": {"uv": [108, 52], "uv_size": [2, 7]},
								"east": {"uv": [110, 52], "uv_size": [-2, 7]},
								"south": {"uv": [108, 52], "uv_size": [2, 7]},
								"west": {"uv": [110, 52], "uv_size": [-2, 7]},
								"up": {"uv": [0, 0], "uv_size": [0, 0]},
								"down": {"uv": [0, 0], "uv_size": [0, 0]}
							}
						},
						{
							"origin": [-4, 2, 1],
							"size": [2, 6, 2],
							"inflate": 0.15,
							"uv": {
								"north": {"uv": [103, 50], "uv_size": [2, 6]},
								"east": {"uv": [103, 50], "uv_size": [2, 6]},
								"south": {"uv": [103, 50], "uv_size": [2, 6]},
								"west": {"uv": [103, 50], "uv_size": [2, 6]},
								"up": {"uv": [0, 0], "uv_size": [0, 0]},
								"down": {"uv": [0, 0], "uv_size": [0, 0]}
							}
						},
						{
							"origin": [-4.5, 1.5, 0.5],
							"size": [3, 7, 3],
							"uv": {
								"north": {"uv": [52, 12], "uv_size": [-3, 7]},
								"east": {"uv": [55, 12], "uv_size": [-3, 7]},
								"south": {"uv": [52, 12], "uv_size": [-3, 7]},
								"west": {"uv": [55, 12], "uv_size": [-3, 7]},
								"down": {"uv": [0, 4], "uv_size": [4, -4]}
							}
						}
					]
				},
				{
					"name": "knee72",
					"parent": "lower260",
					"pivot": [-3, 8.5, 1]
				},
				{
					"name": "foot108",
					"parent": "lower260",
					"pivot": [-3, 2, 2],
					"cubes": [
						{
							"origin": [-5.5, 0, -1],
							"size": [5, 2, 5],
							"uv": {
								"north": {"uv": [57, 109], "uv_size": [-5, 2]},
								"east": {"uv": [63, 109], "uv_size": [-5, 2]},
								"south": {"uv": [71, 109], "uv_size": [-5, 2]},
								"west": {"uv": [50, 109], "uv_size": [-5, 2]},
								"up": {"uv": [57, 102], "uv_size": [-5, 5]},
								"down": {"uv": [63, 107], "uv_size": [-5, -5]}
							}
						},
						{
							"origin": [-5.5, 0, -3],
							"size": [5, 1, 2],
							"uv": {
								"north": {"uv": [15, 114], "uv_size": [-5, 1]},
								"east": {"uv": [7, 113], "uv_size": [-2, 1]},
								"south": {"uv": [26, 116], "uv_size": [-5, 1]},
								"west": {"uv": [7, 108], "uv_size": [-2, 1]},
								"up": {"uv": [15, 112], "uv_size": [-5, 2]},
								"down": {"uv": [19, 117], "uv_size": [-5, -2]}
							}
						},
						{
							"origin": [-5.5, 0, -4],
							"size": [5, 2, 8],
							"uv": {
								"north": {"uv": [46, 100], "uv_size": [5, 2]},
								"east": {"uv": [61, 100], "uv_size": [-8, 2]},
								"south": {"uv": [33, 100], "uv_size": [5, 2]},
								"west": {"uv": [40, 100], "uv_size": [-8, 2]},
								"up": {"uv": [46, 93], "uv_size": [5, 7]},
								"down": {"uv": [41, 100], "uv_size": [5, -8]}
							}
						}
					]
				},
				{
					"name": "legR59",
					"parent": "belowpart54",
					"pivot": [3, 14, 2]
				},
				{
					"name": "upper237",
					"parent": "legR59",
					"pivot": [3, 15, 2],
					"cubes": [
						{
							"origin": [2, 8, 1],
							"size": [2, 5, 2],
							"uv": {
								"north": {"uv": [112, 47], "uv_size": [2, 5]},
								"east": {"uv": [114, 47], "uv_size": [-2, 5]},
								"south": {"uv": [114, 47], "uv_size": [-2, 5]},
								"west": {"uv": [112, 47], "uv_size": [2, 5]},
								"up": {"uv": [0, 0], "uv_size": [0, 0]},
								"down": {"uv": [0, 0], "uv_size": [0, 0]}
							}
						},
						{
							"origin": [2, 8, 1],
							"size": [2, 6, 2],
							"inflate": 0.15,
							"uv": {
								"north": {"uv": [117, 44], "uv_size": [2, 6]},
								"east": {"uv": [117, 44], "uv_size": [2, 6]},
								"south": {"uv": [117, 44], "uv_size": [2, 6]},
								"west": {"uv": [117, 44], "uv_size": [2, 6]},
								"up": {"uv": [0, 0], "uv_size": [0, 0]},
								"down": {"uv": [0, 0], "uv_size": [0, 0]}
							}
						},
						{
							"origin": [1, 9, 0],
							"size": [4, 7, 4],
							"uv": {
								"north": {"uv": [49, 2], "uv_size": [4, 7]},
								"east": {"uv": [42, 12], "uv_size": [4, 7]},
								"south": {"uv": [38, 12], "uv_size": [4, 7]},
								"west": {"uv": [34, 12], "uv_size": [4, 7]},
								"up": {"uv": [38, 30], "uv_size": [-4, -4]},
								"down": {"uv": [24, 4], "uv_size": [-4, -4]}
							}
						},
						{
							"origin": [2, 13, 1],
							"size": [2, 2, 2],
							"uv": {
								"north": {"uv": [112, 44], "uv_size": [2, 2]},
								"east": {"uv": [112, 44], "uv_size": [2, 2]},
								"south": {"uv": [112, 44], "uv_size": [2, 2]},
								"west": {"uv": [112, 44], "uv_size": [2, 2]},
								"up": {"uv": [114, 46], "uv_size": [-2, -2]},
								"down": {"uv": [114, 46], "uv_size": [-2, -2]}
							}
						}
					]
				},
				{
					"name": "lower261",
					"parent": "legR59",
					"pivot": [3, 8, 2],
					"cubes": [
						{
							"origin": [2, 1, 1],
							"size": [2, 7, 2],
							"uv": {
								"north": {"uv": [110, 52], "uv_size": [-2, 7]},
								"east": {"uv": [108, 52], "uv_size": [2, 7]},
								"south": {"uv": [110, 52], "uv_size": [-2, 7]},
								"west": {"uv": [108, 52], "uv_size": [2, 7]},
								"up": {"uv": [0, 0], "uv_size": [0, 0]},
								"down": {"uv": [0, 0], "uv_size": [0, 0]}
							}
						},
						{
							"origin": [1.5, 1.5, 0.5],
							"size": [3, 7, 3],
							"uv": {
								"north": {"uv": [49, 12], "uv_size": [3, 7]},
								"east": {"uv": [52, 12], "uv_size": [3, 7]},
								"south": {"uv": [49, 12], "uv_size": [3, 7]},
								"west": {"uv": [52, 12], "uv_size": [3, 7]},
								"down": {"uv": [4, 4], "uv_size": [-4, -4]}
							}
						},
						{
							"origin": [2, 2, 1],
							"size": [2, 6, 2],
							"inflate": 0.15,
							"uv": {
								"north": {"uv": [105, 50], "uv_size": [-2, 6]},
								"east": {"uv": [103, 50], "uv_size": [2, 6]},
								"south": {"uv": [105, 50], "uv_size": [-2, 6]},
								"west": {"uv": [103, 50], "uv_size": [2, 6]},
								"up": {"uv": [0, 0], "uv_size": [0, 0]},
								"down": {"uv": [0, 0], "uv_size": [0, 0]}
							}
						}
					]
				},
				{
					"name": "knee73",
					"parent": "lower261",
					"pivot": [3, 8.5, 1]
				},
				{
					"name": "foot109",
					"parent": "lower261",
					"pivot": [3, 2, 2],
					"cubes": [
						{
							"origin": [0.5, 0, -1],
							"size": [5, 2, 5],
							"uv": {
								"north": {"uv": [69, 113], "uv_size": [-5, 2]},
								"east": {"uv": [71, 113], "uv_size": [5, 2]},
								"south": {"uv": [76, 109], "uv_size": [-5, 2]},
								"west": {"uv": [92, 109], "uv_size": [5, 2]},
								"up": {"uv": [70, 98], "uv_size": [-5, 5]},
								"down": {"uv": [84, 107], "uv_size": [-5, -5]}
							}
						},
						{
							"origin": [0.5, 0, -4],
							"size": [5, 2, 8],
							"uv": {
								"north": {"uv": [51, 100], "uv_size": [-5, 2]},
								"east": {"uv": [33, 100], "uv_size": [7, 2]},
								"south": {"uv": [38, 100], "uv_size": [-5, 2]},
								"west": {"uv": [53, 100], "uv_size": [7, 2]},
								"up": {"uv": [51, 93], "uv_size": [-5, 7]},
								"down": {"uv": [46, 100], "uv_size": [-5, -7]}
							}
						},
						{
							"origin": [0.5, 0, -3],
							"size": [5, 1, 2],
							"uv": {
								"north": {"uv": [48, 114], "uv_size": [-5, 1]},
								"east": {"uv": [19, 113], "uv_size": [2, 1]},
								"south": {"uv": [31, 116], "uv_size": [-5, 1]},
								"west": {"uv": [52, 108], "uv_size": [2, 1]},
								"up": {"uv": [48, 112], "uv_size": [-5, 2]},
								"down": {"uv": [40, 117], "uv_size": [-5, -2]}
							}
						}
					]
				}
			]
		}
	]
}