{
	"format_version": "1.12.0",
	"minecraft:geometry": [
		{
			"description": {
				"identifier": "geometry.Foxy_the_Pirate_alt",
				"texture_width": 128,
				"texture_height": 128,
				"visible_bounds_width": 5,
				"visible_bounds_height": 5,
				"visible_bounds_offset": [0, 1.5, 0]
			},
			"bones": [
				{
					"name": "Foxy",
					"pivot": [0, 0, 0]
				},
				{
					"name": "upperpart",
					"parent": "Foxy",
					"pivot": [0, 17, 2]
				},
				{
					"name": "Foxyhead",
					"parent": "upperpart",
					"pivot": [0, 29, 2]
				},
				{
					"name": "head",
					"parent": "Foxyhead",
					"pivot": [0, 29, 2]
				},
				{
					"name": "headsuit",
					"parent": "head",
					"pivot": [0, 30, 4]
				},
				{
					"name": "jaw",
					"parent": "headsuit",
					"pivot": [0, 31, 3],
					"cubes": [
						{
							"origin": [-1.5, 29.5, -1],
							"size": [3, 1, 2],
							"inflate": 0.1,
							"uv": {
								"north": {"uv": [42.032, 89.032], "uv_size": [2.936, 0.936]},
								"east": {"uv": [41.032, 88.032], "uv_size": [1.936, 0.936]},
								"south": {"uv": [47.032, 88.032], "uv_size": [2.936, 0.936]},
								"west": {"uv": [45.032, 88.032], "uv_size": [1.936, 0.936]},
								"up": {"uv": [36.032, 86.032], "uv_size": [2.936, 1.936]},
								"down": {"uv": [36.032, 89.968], "uv_size": [2.936, -1.936]}
							}
						},
						{
							"origin": [-1.5, 30, -1],
							"size": [3, 1, 2],
							"uv": {
								"north": {"uv": [66.032, 93.032], "uv_size": [2.936, 0.936]},
								"east": {"uv": [67.032, 87.032], "uv_size": [1.936, 0.936]},
								"south": {"uv": [73.032, 87.032], "uv_size": [2.936, 0.936]},
								"west": {"uv": [71.032, 87.032], "uv_size": [1.936, 0.936]},
								"up": {"uv": [69.032, 85.032], "uv_size": [2.936, 1.936]},
								"down": {"uv": [71.032, 86.968], "uv_size": [2.936, -1.936]}
							}
						}
					]
				},
				{
					"name": "jaw2",
					"parent": "jaw",
					"pivot": [0, 31, 3]
				},
				{
					"name": "bone2",
					"parent": "jaw2",
					"pivot": [0, 28, 0],
					"cubes": [
						{"origin": [-2, 29.2, -5.5], "size": [4, 1, 4], "uv": [30, 55]},
						{"origin": [-2.5, 28.5, -6], "size": [5, 1, 5], "uv": [24, 72]},
						{"origin": [-2.5, 27.8, -6], "size": [5, 1, 5], "inflate": -0.01, "uv": [23, 90]},
						{"origin": [-2, 29.1, -5.5], "size": [4, 1, 4], "inflate": -0.1, "uv": [52, 48]},
						{"origin": [-0.5, 29.1, -5.5], "size": [1, 1, 1], "inflate": -0.1, "uv": [61, 51]}
					]
				},
				{
					"name": "bone",
					"parent": "jaw2",
					"pivot": [0, 27.5, -1],
					"rotation": [30, 0, 0],
					"cubes": [
						{"origin": [-3, 28.5, -1], "size": [6, 1, 6], "inflate": -0.01, "uv": [22, 78]},
						{"origin": [-3, 27.8, -1], "size": [6, 1, 6], "inflate": -0.02, "uv": [22, 95]}
					]
				},
				{
					"name": "masktop",
					"parent": "headsuit",
					"pivot": [0, 24, 5.4],
					"cubes": [
						{"origin": [-3.5, 31, -1], "size": [7, 6, 5], "inflate": 0.01, "uv": [0, 73]},
						{"origin": [-2.5, 36.5, -1], "size": [5, 1, 5], "uv": [35, 38]},
						{"origin": [-6, 31, -1], "size": [12, 1, 2], "uv": [0, 67]},
						{"origin": [-4, 31.5, -1], "size": [8, 1, 2], "inflate": -0.01, "uv": [4, 64]},
						{"origin": [-4.5, 32.5, -1], "size": [9, 1, 2], "uv": [0, 70]},
						{
							"origin": [-2.5, 36.5, 2.4],
							"size": [5, 3, 0],
							"uv": {
								"north": {"uv": [1.032, 63.032], "uv_size": [4.936, 2.936]},
								"east": {"uv": [1.032, 64.032], "uv_size": [0, 1.936]},
								"south": {"uv": [0.032, 58.032], "uv_size": [4.936, 2.936]},
								"west": {"uv": [6.032, 64.032], "uv_size": [0, 1.936]},
								"up": {"uv": [1.032, 64.032], "uv_size": [4.936, 0]},
								"down": {"uv": [0.032, 59.032], "uv_size": [4.936, 0]}
							}
						}
					]
				},
				{
					"name": "earL3",
					"parent": "masktop",
					"pivot": [2.5, 36, 1.5],
					"rotation": [0, 0, 47.5],
					"cubes": [
						{
							"origin": [1, 37, 1],
							"size": [3, 4, 1],
							"uv": {
								"north": {"uv": [44.032, 66.032], "uv_size": [2.936, 3.936]},
								"east": {"uv": [43.032, 66.032], "uv_size": [0.936, 3.936]},
								"south": {"uv": [48.032, 66.032], "uv_size": [2.936, 3.936]},
								"west": {"uv": [47.032, 66.032], "uv_size": [0.936, 3.936]},
								"up": {"uv": [44.032, 65.032], "uv_size": [2.936, 0.936]},
								"down": {"uv": [47.032, 65.968], "uv_size": [2.936, -0.936]}
							}
						},
						{
							"origin": [2, 36, 1],
							"size": [1, 1, 1],
							"uv": {
								"north": {"uv": [33.968, 65.032], "uv_size": [-0.936, 0.936]},
								"east": {"uv": [34.968, 65.032], "uv_size": [-0.936, 0.936]},
								"south": {"uv": [35.968, 65.032], "uv_size": [-0.936, 0.936]},
								"west": {"uv": [32.968, 65.032], "uv_size": [-0.936, 0.936]},
								"up": {"uv": [33.968, 64.032], "uv_size": [-0.936, 0.936]},
								"down": {"uv": [34.968, 64.968], "uv_size": [-0.936, -0.936]}
							}
						},
						{
							"origin": [2, 41, 1.5],
							"size": [1, 1, 0],
							"uv": {
								"north": {"uv": [44.032, 66.032], "uv_size": [0.936, 0.936]}
							}
						}
					]
				},
				{
					"name": "earL2",
					"parent": "masktop",
					"pivot": [-2.5, 36, 1.5],
					"rotation": [0, 0, -47.5],
					"cubes": [
						{
							"origin": [-4, 37, 1],
							"size": [3, 4, 1],
							"uv": {
								"north": {"uv": [46.968, 66.032], "uv_size": [-2.936, 3.936]},
								"east": {"uv": [47.968, 66.032], "uv_size": [-0.936, 3.936]},
								"south": {"uv": [50.968, 66.032], "uv_size": [-2.936, 3.936]},
								"west": {"uv": [43.968, 66.032], "uv_size": [-0.936, 3.936]},
								"up": {"uv": [46.968, 65.032], "uv_size": [-2.936, 0.936]},
								"down": {"uv": [49.968, 65.968], "uv_size": [-2.936, -0.936]}
							}
						},
						{
							"origin": [-3, 36, 1],
							"size": [1, 1, 1],
							"uv": {
								"north": {"uv": [33.032, 65.032], "uv_size": [0.936, 0.936]},
								"east": {"uv": [32.032, 65.032], "uv_size": [0.936, 0.936]},
								"south": {"uv": [35.032, 65.032], "uv_size": [0.936, 0.936]},
								"west": {"uv": [34.032, 65.032], "uv_size": [0.936, 0.936]},
								"up": {"uv": [33.032, 64.032], "uv_size": [0.936, 0.936]},
								"down": {"uv": [34.032, 64.968], "uv_size": [0.936, -0.936]}
							}
						},
						{
							"origin": [-3, 41, 1.5],
							"size": [1, 1, 0],
							"uv": {
								"north": {"uv": [44.968, 66.032], "uv_size": [-0.936, 0.936]}
							}
						}
					]
				},
				{
					"name": "eyebrows",
					"parent": "masktop",
					"pivot": [-3, 28.9, 0]
				},
				{
					"name": "eyebrowL",
					"parent": "eyebrows",
					"pivot": [-3, 28.9, 0],
					"cubes": [
						{
							"origin": [-2.5, 35.5, -1.1],
							"size": [2, 1, 1],
							"uv": {
								"north": {"uv": [15.032, 59.032], "uv_size": [1.936, 0.936]},
								"east": {"uv": [93.032, 126.032], "uv_size": [0.936, 0.936]},
								"south": {"uv": [97.032, 126.032], "uv_size": [1.936, 0.936]},
								"west": {"uv": [96.032, 126.032], "uv_size": [0.936, 0.936]},
								"up": {"uv": [94.032, 125.032], "uv_size": [1.936, 0.936]},
								"down": {"uv": [96.032, 125.968], "uv_size": [1.936, -0.936]}
							}
						}
					]
				},
				{
					"name": "eyebrowR",
					"parent": "eyebrows",
					"pivot": [3, 28.9, 0],
					"cubes": [
						{
							"origin": [0.5, 35.5, -1.1],
							"size": [2, 1, 1],
							"uv": {
								"north": {"uv": [19.032, 59.032], "uv_size": [1.936, 0.936]},
								"east": {"uv": [117.032, 126.032], "uv_size": [0.936, 0.936]},
								"south": {"uv": [121.032, 126.032], "uv_size": [1.936, 0.936]},
								"west": {"uv": [120.032, 126.032], "uv_size": [0.936, 0.936]},
								"up": {"uv": [118.032, 125.032], "uv_size": [1.936, 0.936]},
								"down": {"uv": [120.032, 125.968], "uv_size": [1.936, -0.936]}
							}
						}
					]
				},
				{
					"name": "muzzle",
					"parent": "masktop",
					"pivot": [0, 24, 1],
					"cubes": [
						{"origin": [-1.5, 30.8, -6], "size": [3, 1, 3], "uv": [10, 96]},
						{"origin": [-1.5, 30.2, -5.5], "size": [3, 1, 4], "inflate": -0.01, "uv": [42, 56]},
						{"origin": [-1.5, 30.3, -6.5], "size": [3, 1, 4], "inflate": -0.1, "uv": [30, 50]},
						{"origin": [-1.5, 31.5, -6], "size": [3, 1, 3], "inflate": -0.01, "uv": [11, 100]},
						{"origin": [-2, 30.8, -3], "size": [4, 2, 2], "uv": [11, 92]},
						{
							"origin": [-1, 32, -6],
							"size": [2, 1, 1],
							"uv": {
								"north": {"uv": [56.032, 65.032], "uv_size": [1.936, 0.936]},
								"east": {"uv": [55.032, 66.032], "uv_size": [0.936, 0.936]},
								"south": {"uv": [56.032, 65.032], "uv_size": [1.936, 0.936]},
								"west": {"uv": [56.032, 66.032], "uv_size": [0.936, 0.936]},
								"up": {"uv": [55.032, 66.032], "uv_size": [1.936, 0.936]},
								"down": {"uv": [55.032, 66.968], "uv_size": [1.936, -0.936]}
							}
						}
					]
				},
				{
					"name": "eyepatch",
					"parent": "masktop",
					"pivot": [-1.5, 35, -1],
					"cubes": [
						{
							"origin": [-2.5, 33, -1.03],
							"size": [2, 2, 0],
							"uv": {
								"north": {"uv": [22.032, 59.032], "uv_size": [1.936, 1.936]},
								"east": {"uv": [22.032, 59.032], "uv_size": [0, 1.936]},
								"south": {"uv": [24.032, 59.032], "uv_size": [1.936, 1.936]},
								"west": {"uv": [24.032, 59.032], "uv_size": [0, 1.936]},
								"up": {"uv": [22.032, 59.032], "uv_size": [1.936, 0]},
								"down": {"uv": [24.032, 59.032], "uv_size": [1.936, 0]}
							}
						},
						{
							"origin": [-3, 33, -1.02],
							"size": [2, 2, 0],
							"uv": {
								"north": {"uv": [22.032, 59.032], "uv_size": [1.936, 1.936]},
								"east": {"uv": [22.032, 59.032], "uv_size": [0, 1.936]},
								"south": {"uv": [24.032, 59.032], "uv_size": [1.936, 1.936]},
								"west": {"uv": [24.032, 59.032], "uv_size": [0, 1.936]},
								"up": {"uv": [22.032, 59.032], "uv_size": [1.936, 0]},
								"down": {"uv": [24.032, 59.032], "uv_size": [1.936, 0]}
							}
						}
					]
				},
				{
					"name": "headendo",
					"parent": "head",
					"pivot": [0, 30, 4],
					"cubes": [
						{
							"origin": [-3, 32, 1.9],
							"size": [6, 5, 2],
							"uv": {
								"north": {"uv": [118.032, 10.032], "uv_size": [5.936, 4.936]},
								"east": {"uv": [106.968, 16.032], "uv_size": [-1.936, 4.936]},
								"south": {"uv": [99.032, 16.032], "uv_size": [5.936, 4.936]},
								"west": {"uv": [98.968, 16.032], "uv_size": [-1.936, 4.936]},
								"up": {"uv": [99.032, 15.032], "uv_size": [5.936, 1.936]},
								"down": {"uv": [99.032, 22.968], "uv_size": [5.936, -1.936]}
							}
						},
						{
							"origin": [-2, 29, 0.9],
							"size": [4, 3, 2],
							"uv": {
								"north": {"uv": [109.032, 21.032], "uv_size": [3.936, 2.936]},
								"east": {"uv": [123.032, 21.032], "uv_size": [1.936, 2.936]},
								"south": {"uv": [119.032, 21.032], "uv_size": [3.936, 2.936]},
								"west": {"uv": [117.032, 21.032], "uv_size": [1.936, 2.936]},
								"up": {"uv": [119.032, 19.032], "uv_size": [3.936, 1.936]},
								"down": {"uv": [119.032, 25.968], "uv_size": [3.936, -1.936]}
							}
						},
						{"origin": [-1.5, 28.5, 1.5], "size": [3, 3, 2], "uv": [0, 44], "mirror": true},
						{
							"origin": [-1.5, 31.5, -1],
							"size": [3, 1, 2],
							"inflate": 0.1,
							"uv": {
								"north": {"uv": [42.032, 89.032], "uv_size": [2.936, 0.936]},
								"east": {"uv": [41.032, 88.032], "uv_size": [1.936, 0.936]},
								"south": {"uv": [47.032, 88.032], "uv_size": [2.936, 0.936]},
								"west": {"uv": [45.032, 88.032], "uv_size": [1.936, 0.936]},
								"up": {"uv": [36.032, 86.032], "uv_size": [2.936, 1.936]},
								"down": {"uv": [36.032, 89.968], "uv_size": [2.936, -1.936]}
							}
						},
						{
							"origin": [-1.5, 31, -1],
							"size": [3, 1, 2],
							"uv": {
								"north": {"uv": [56.032, 91.032], "uv_size": [2.936, 0.936]},
								"east": {"uv": [54.032, 91.032], "uv_size": [1.936, 0.936]},
								"south": {"uv": [60.032, 91.032], "uv_size": [2.936, 0.936]},
								"west": {"uv": [58.032, 91.032], "uv_size": [1.936, 0.936]},
								"up": {"uv": [56.032, 89.032], "uv_size": [2.936, 1.936]},
								"down": {"uv": [58.032, 90.968], "uv_size": [2.936, -1.936]}
							}
						}
					]
				},
				{
					"name": "eyes",
					"parent": "headendo",
					"pivot": [-2, 27, 2]
				},
				{
					"name": "eyeR",
					"parent": "eyes",
					"pivot": [2, 27, 2],
					"cubes": [
						{
							"origin": [0.5, 33, 0],
							"size": [2, 2, 2],
							"uv": {
								"north": {"uv": [112.032, 10.032], "uv_size": [1.936, 1.936]},
								"east": {"uv": [115.968, 10.032], "uv_size": [-1.936, 1.936]},
								"south": {"uv": [62.032, 64.032], "uv_size": [1.936, 1.936]},
								"west": {"uv": [114.032, 10.032], "uv_size": [1.936, 1.936]},
								"up": {"uv": [58.032, 62.032], "uv_size": [1.936, 1.936]},
								"down": {"uv": [112.032, 10.968], "uv_size": [1.936, -1.936]}
							}
						},
						{
							"origin": [0.5, 33, -1.5],
							"size": [2, 2, 1],
							"uv": {
								"north": {"uv": [124, 29], "uv_size": [-2, 2]},
								"east": {"uv": [124, 29], "uv_size": [-1, 2]},
								"south": {"uv": [124, 29], "uv_size": [-2, 2]},
								"west": {"uv": [123, 29], "uv_size": [-1, 2]},
								"up": {"uv": [124, 29], "uv_size": [-2, 1]},
								"down": {"uv": [124, 31], "uv_size": [-2, -1]}
							}
						}
					]
				},
				{
					"name": "pupil2",
					"parent": "eyeR",
					"pivot": [1.5, 33.9, 0.34],
					"cubes": [
						{
							"origin": [1, 33.4, -0.3],
							"size": [1, 1, 1],
							"inflate": -0.2,
							"uv": {
								"north": {"uv": [112.032, 15.032], "uv_size": [0.936, 0.936]},
								"east": {"uv": [0, 0], "uv_size": [0, 0]},
								"south": {"uv": [0, 0], "uv_size": [0, 0]},
								"west": {"uv": [0, 0], "uv_size": [0, 0]},
								"up": {"uv": [0, 0], "uv_size": [0, 0]},
								"down": {"uv": [0, 0], "uv_size": [0, 0]}
							}
						},
						{
							"origin": [1, 33.4, -0.02],
							"size": [1, 1, 1],
							"uv": {
								"north": {"uv": [113.032, 15.032], "uv_size": [0.936, 0.936]},
								"east": {"uv": [0, 0], "uv_size": [0, 0]},
								"south": {"uv": [0, 0], "uv_size": [0, 0]},
								"west": {"uv": [0, 0], "uv_size": [0, 0]},
								"up": {"uv": [0, 0], "uv_size": [0, 0]},
								"down": {"uv": [0, 0], "uv_size": [0, 0]}
							}
						}
					]
				},
				{
					"name": "eyelid2",
					"parent": "eyeR",
					"pivot": [2, 34.5, 2],
					"cubes": [
						{
							"origin": [0.5, 34.5, 0],
							"size": [2, 1, 2],
							"inflate": 0.2,
							"uv": {
								"north": {"uv": [112.032, 9.032], "uv_size": [1.936, 0.936]},
								"east": {"uv": [112.032, 9.032], "uv_size": [1.936, 0.936]},
								"south": {"uv": [18.032, 54.032], "uv_size": [1.936, 0.936]},
								"west": {"uv": [114.032, 9.032], "uv_size": [1.936, 0.936]},
								"up": {"uv": [112.032, 8.032], "uv_size": [1.936, 1.936]},
								"down": {"uv": [16.032, 53.968], "uv_size": [1.936, -1.936]}
							}
						}
					]
				},
				{
					"name": "eyeR2",
					"parent": "eyes",
					"pivot": [-2, 27, 2],
					"cubes": [
						{
							"origin": [-2.5, 33, 0],
							"size": [2, 2, 2],
							"uv": {
								"north": {"uv": [113.968, 10.032], "uv_size": [-1.936, 1.936]},
								"east": {"uv": [115.968, 10.032], "uv_size": [-1.936, 1.936]},
								"south": {"uv": [63.968, 64.032], "uv_size": [-1.936, 1.936]},
								"west": {"uv": [114.032, 10.032], "uv_size": [1.936, 1.936]},
								"up": {"uv": [59.968, 62.032], "uv_size": [-1.936, 1.936]},
								"down": {"uv": [113.968, 10.968], "uv_size": [-1.936, -1.936]}
							}
						}
					]
				},
				{
					"name": "pupil3",
					"parent": "eyeR2",
					"pivot": [-2, 27, 0.85],
					"cubes": [
						{
							"origin": [-2, 33.4, -0.02],
							"size": [1, 1, 1],
							"uv": {
								"north": {"uv": [113.968, 15.032], "uv_size": [-0.936, 0.936]},
								"east": {"uv": [0, 0], "uv_size": [0, 0]},
								"south": {"uv": [0, 0], "uv_size": [0, 0]},
								"west": {"uv": [0, 0], "uv_size": [0, 0]},
								"up": {"uv": [0, 0], "uv_size": [0, 0]},
								"down": {"uv": [0, 0], "uv_size": [0, 0]}
							}
						},
						{
							"origin": [-2, 33.4, -0.3],
							"size": [1, 1, 1],
							"inflate": -0.2,
							"uv": {
								"north": {"uv": [112.968, 15.032], "uv_size": [-0.936, 0.936]},
								"east": {"uv": [0, 0], "uv_size": [0, 0]},
								"south": {"uv": [0, 0], "uv_size": [0, 0]},
								"west": {"uv": [0, 0], "uv_size": [0, 0]},
								"up": {"uv": [0, 0], "uv_size": [0, 0]},
								"down": {"uv": [0, 0], "uv_size": [0, 0]}
							}
						}
					]
				},
				{
					"name": "eyelid3",
					"parent": "eyeR2",
					"pivot": [-2, 34.5, 2],
					"cubes": [
						{
							"origin": [-2.5, 34.5, 0],
							"size": [2, 1, 2],
							"inflate": 0.2,
							"uv": {
								"north": {"uv": [113.968, 9.032], "uv_size": [-1.936, 0.936]},
								"east": {"uv": [115.968, 9.032], "uv_size": [-1.936, 0.936]},
								"south": {"uv": [19.968, 54.032], "uv_size": [-1.936, 0.936]},
								"west": {"uv": [113.968, 9.032], "uv_size": [-1.936, 0.936]},
								"up": {"uv": [113.968, 8.032], "uv_size": [-1.936, 1.936]},
								"down": {"uv": [17.968, 53.968], "uv_size": [-1.936, -1.936]}
							}
						}
					]
				},
				{
					"name": "neck",
					"parent": "Foxyhead",
					"pivot": [0, 20, 2]
				},
				{
					"name": "feddybod",
					"parent": "upperpart",
					"pivot": [0, 15, 2]
				},
				{
					"name": "bodysuit",
					"parent": "feddybod",
					"pivot": [0, 15, 2],
					"cubes": [
						{
							"origin": [-3.5, 17.2, -0.5],
							"size": [7, 9, 5],
							"uv": {
								"north": {"uv": [11.032, 29.032], "uv_size": [6.936, 8.936]},
								"east": {"uv": [20.032, 46.032], "uv_size": [4.936, 8.936]},
								"south": {"uv": [0.032, 18.032], "uv_size": [6.936, 8.936]},
								"west": {"uv": [25.032, 46.032], "uv_size": [4.936, 8.936]},
								"up": {"uv": [10.032, 10.032], "uv_size": [6.936, 4.936]},
								"down": {"uv": [11.032, 45.968], "uv_size": [6.936, -4.936]}
							}
						},
						{
							"origin": [-4, 23.2, -0.5],
							"size": [8, 4, 5],
							"inflate": 0.01,
							"uv": {
								"north": {"uv": [10.032, 25.032], "uv_size": [7.936, 3.936]},
								"east": {"uv": [20.032, 42.032], "uv_size": [4.936, 3.936]},
								"south": {"uv": [0.032, 5.032], "uv_size": [7.936, 3.936]},
								"west": {"uv": [25.032, 42.032], "uv_size": [4.936, 3.936]},
								"up": {"uv": [10.032, 15.032], "uv_size": [7.936, 4.936]},
								"down": {"uv": [10.032, 24.968], "uv_size": [7.936, -4.936]}
							}
						},
						{"origin": [2.5, 25, 1.5], "size": [3, 4, 0], "uv": [9, 0]},
						{"origin": [-5.5, 25, 1.5], "size": [3, 4, 0], "uv": [9, 0], "mirror": true}
					]
				},
				{
					"name": "belly",
					"parent": "bodysuit",
					"pivot": [-3.9, 22, -3]
				},
				{
					"name": "bowtie",
					"parent": "belly",
					"pivot": [0, 30, -2],
					"rotation": [-30, 0, 0]
				},
				{
					"name": "endobody",
					"parent": "feddybod",
					"pivot": [0, 9, 2],
					"cubes": [
						{"origin": [4.5, 26.5, 0.5], "size": [3, 2, 3], "inflate": 0.01, "pivot": [4.5, 26.5, 2], "rotation": [0, 0, 15], "uv": [20, 19]},
						{"origin": [-7.5, 26.5, 0.5], "size": [3, 2, 3], "inflate": 0.01, "pivot": [-4.5, 26.5, 1], "rotation": [0, 0, -15], "uv": [20, 19], "mirror": true},
						{
							"origin": [5, 25, 1],
							"size": [2, 2, 2],
							"uv": {
								"north": {"uv": [116.032, 28.032], "uv_size": [1.936, 1.936]},
								"east": {"uv": [116.032, 28.032], "uv_size": [1.936, 1.936]},
								"south": {"uv": [116.032, 28.032], "uv_size": [1.936, 1.936]},
								"west": {"uv": [116.032, 28.032], "uv_size": [1.936, 1.936]},
								"up": {"uv": [117.968, 29.968], "uv_size": [-1.936, -1.936]},
								"down": {"uv": [117.968, 29.968], "uv_size": [-1.936, -1.936]}
							}
						},
						{
							"origin": [-7, 25, 1],
							"size": [2, 2, 2],
							"uv": {
								"north": {"uv": [104.032, 28.032], "uv_size": [1.936, 1.936]},
								"east": {"uv": [104.032, 28.032], "uv_size": [1.936, 1.936]},
								"south": {"uv": [104.032, 28.032], "uv_size": [1.936, 1.936]},
								"west": {"uv": [104.032, 28.032], "uv_size": [1.936, 1.936]},
								"up": {"uv": [105.968, 29.968], "uv_size": [-1.936, -1.936]},
								"down": {"uv": [105.968, 29.968], "uv_size": [-1.936, -1.936]}
							}
						},
						{
							"origin": [-1, 16, 1],
							"size": [2, 9, 2],
							"uv": {
								"north": {"uv": [110.032, 30.032], "uv_size": [1.936, 8.936]},
								"east": {"uv": [111.968, 30.032], "uv_size": [-1.936, 8.936]},
								"south": {"uv": [110.032, 30.032], "uv_size": [1.936, 8.936]},
								"west": {"uv": [111.968, 30.032], "uv_size": [-1.936, 8.936]},
								"up": {"uv": [84.032, 109.032], "uv_size": [1.936, 1.936]},
								"down": {"uv": [86.032, 110.968], "uv_size": [1.936, -1.936]}
							}
						},
						{
							"origin": [-5, 16, 2],
							"size": [10, 9, 0],
							"uv": {
								"north": {"uv": [106.032, 30.032], "uv_size": [9.936, 8.936]}
							}
						},
						{
							"origin": [-4.5, 27, 2],
							"size": [9, 3, 0],
							"uv": {
								"north": {"uv": [106.032, 25.032], "uv_size": [8.936, 2.936]}
							}
						},
						{
							"origin": [-5, 25, 1],
							"size": [10, 2, 2],
							"uv": {
								"north": {"uv": [106.032, 28.032], "uv_size": [9.936, 1.936]},
								"east": {"uv": [104.032, 84.032], "uv_size": [1.936, 1.936]},
								"south": {"uv": [106.032, 28.032], "uv_size": [9.936, 1.936]},
								"west": {"uv": [116.032, 84.032], "uv_size": [1.936, 1.936]},
								"up": {"uv": [106.032, 29.968], "uv_size": [9.936, -1.936]},
								"down": {"uv": [106.032, 29.968], "uv_size": [9.936, -1.936]}
							}
						}
					]
				},
				{
					"name": "armL",
					"parent": "feddybod",
					"pivot": [-6, 26, 2],
					"rotation": [0, 0, 90]
				},
				{
					"name": "upper",
					"parent": "armL",
					"pivot": [-6, 25, 2],
					"cubes": [
						{
							"origin": [-7, 20, 1],
							"size": [2, 5, 2],
							"uv": {
								"north": {"uv": [104.032, 30.032], "uv_size": [1.936, 4.936]},
								"east": {"uv": [104.032, 30.032], "uv_size": [1.936, 4.936]},
								"south": {"uv": [104.032, 30.032], "uv_size": [1.936, 4.936]},
								"west": {"uv": [104.032, 30.032], "uv_size": [1.936, 4.936]},
								"up": {"uv": [104.032, 30.032], "uv_size": [1.936, 1.936]},
								"down": {"uv": [104.032, 35.968], "uv_size": [1.936, -1.936]}
							}
						},
						{
							"origin": [-7, 20, 1],
							"size": [2, 5, 2],
							"inflate": 0.15,
							"uv": {
								"north": {"uv": [102.032, 30.032], "uv_size": [1.936, 4.936]},
								"east": {"uv": [102.032, 30.032], "uv_size": [1.936, 4.936]},
								"south": {"uv": [102.032, 30.032], "uv_size": [1.936, 4.936]},
								"west": {"uv": [102.032, 30.032], "uv_size": [1.936, 4.936]},
								"up": {"uv": [0, 0], "uv_size": [0, 0]},
								"down": {"uv": [0, 0], "uv_size": [0, 0]}
							}
						},
						{"origin": [-7.5, 20.5, 0.5], "size": [3, 5, 3], "inflate": -0.2, "uv": [20, 0]}
					]
				},
				{
					"name": "lower",
					"parent": "armL",
					"pivot": [-6, 20, 2],
					"cubes": [
						{
							"origin": [-7, 16, 1],
							"size": [2, 4, 2],
							"uv": {
								"north": {"uv": [104.032, 35.032], "uv_size": [1.936, 3.936]},
								"east": {"uv": [104.032, 35.032], "uv_size": [1.936, 3.936]},
								"south": {"uv": [104.032, 35.032], "uv_size": [1.936, 3.936]},
								"west": {"uv": [104.032, 35.032], "uv_size": [1.936, 3.936]},
								"up": {"uv": [104.032, 34.032], "uv_size": [1.936, 1.936]},
								"down": {"uv": [104.032, 39.968], "uv_size": [1.936, -1.936]}
							}
						},
						{
							"origin": [-7, 15, 1],
							"size": [2, 5, 2],
							"inflate": 0.15,
							"uv": {
								"north": {"uv": [102.032, 35.032], "uv_size": [1.936, 4.936]},
								"east": {"uv": [103.968, 35.032], "uv_size": [-1.936, 4.936]},
								"south": {"uv": [102.032, 35.032], "uv_size": [1.936, 4.936]},
								"west": {"uv": [103.968, 35.032], "uv_size": [-1.936, 4.936]},
								"up": {"uv": [0, 0], "uv_size": [0, 0]}
							}
						},
						{
							"origin": [-7.5, 15.5, 0.5],
							"size": [3, 5, 3],
							"inflate": -0.2,
							"uv": {
								"north": {"uv": [23.032, 8.032], "uv_size": [2.936, 4.936]},
								"east": {"uv": [20.032, 8.032], "uv_size": [2.936, 4.936]},
								"south": {"uv": [29.032, 8.032], "uv_size": [2.936, 4.936]},
								"west": {"uv": [26.032, 8.032], "uv_size": [2.936, 4.936]},
								"up": {"uv": [23.032, 13.032], "uv_size": [2.936, 2.936]},
								"down": {"uv": [26.032, 15.968], "uv_size": [2.936, -2.936]}
							}
						}
					]
				},
				{
					"name": "hand",
					"parent": "lower",
					"pivot": [-6, 16, 2]
				},
				{
					"name": "hook",
					"parent": "hand",
					"pivot": [-6, 16, 2],
					"cubes": [
						{
							"origin": [-7.5, 15, 0.5],
							"size": [3, 1, 3],
							"uv": {
								"north": {"uv": [0.032, 9.032], "uv_size": [2.936, 0.936]},
								"east": {"uv": [0.032, 9.032], "uv_size": [2.936, 0.936]},
								"south": {"uv": [0.032, 9.032], "uv_size": [2.936, 0.936]},
								"west": {"uv": [0.032, 9.032], "uv_size": [2.936, 0.936]},
								"up": {"uv": [2.968, 12.968], "uv_size": [-2.936, -2.936]},
								"down": {"uv": [2.968, 15.968], "uv_size": [-2.936, -2.936]}
							}
						},
						{
							"origin": [-8.5, 10, 2],
							"size": [5, 6, 0],
							"uv": {
								"north": {"uv": [0.032, 51.032], "uv_size": [4.936, 5.936]}
							}
						}
					]
				},
				{
					"name": "bone3",
					"parent": "hook",
					"pivot": [-5, 11, 2],
					"cubes": [
						{"origin": [-12.5, 5, 2], "size": [9, 6, 0], "uv": [63, 122]}
					]
				},
				{
					"name": "armR",
					"parent": "feddybod",
					"pivot": [6, 26, 2],
					"rotation": [0, 0, -90]
				},
				{
					"name": "upper2",
					"parent": "armR",
					"pivot": [6, 26, 2],
					"cubes": [
						{
							"origin": [5, 20, 1],
							"size": [2, 5, 2],
							"uv": {
								"north": {"uv": [117.968, 30.032], "uv_size": [-1.936, 4.936]},
								"east": {"uv": [117.968, 30.032], "uv_size": [-1.936, 4.936]},
								"south": {"uv": [117.968, 30.032], "uv_size": [-1.936, 4.936]},
								"west": {"uv": [117.968, 30.032], "uv_size": [-1.936, 4.936]},
								"up": {"uv": [117.968, 30.032], "uv_size": [-1.936, 1.936]},
								"down": {"uv": [117.968, 35.968], "uv_size": [-1.936, -1.936]}
							}
						},
						{
							"origin": [5, 20, 1],
							"size": [2, 5, 2],
							"inflate": 0.15,
							"uv": {
								"north": {"uv": [118.032, 30.032], "uv_size": [1.936, 4.936]},
								"east": {"uv": [118.032, 30.032], "uv_size": [1.936, 4.936]},
								"south": {"uv": [118.032, 30.032], "uv_size": [1.936, 4.936]},
								"west": {"uv": [118.032, 30.032], "uv_size": [1.936, 4.936]},
								"up": {"uv": [0, 0], "uv_size": [0, 0]},
								"down": {"uv": [0, 0], "uv_size": [0, 0]}
							}
						},
						{"origin": [4.5, 20.5, 0.5], "size": [3, 5, 3], "inflate": -0.2, "uv": [21, 24], "mirror": true}
					]
				},
				{
					"name": "lower2",
					"parent": "armR",
					"pivot": [6, 20, 2],
					"cubes": [
						{
							"origin": [5, 16, 1],
							"size": [2, 4, 2],
							"uv": {
								"north": {"uv": [117.968, 35.032], "uv_size": [-1.936, 3.936]},
								"east": {"uv": [117.968, 35.032], "uv_size": [-1.936, 3.936]},
								"south": {"uv": [117.968, 35.032], "uv_size": [-1.936, 3.936]},
								"west": {"uv": [117.968, 35.032], "uv_size": [-1.936, 3.936]},
								"up": {"uv": [117.968, 34.032], "uv_size": [-1.936, 1.936]},
								"down": {"uv": [117.968, 39.968], "uv_size": [-1.936, -1.936]}
							}
						},
						{
							"origin": [5, 15, 1],
							"size": [2, 5, 2],
							"inflate": 0.15,
							"uv": {
								"north": {"uv": [118.032, 35.032], "uv_size": [1.936, 4.936]},
								"east": {"uv": [119.968, 35.032], "uv_size": [-1.936, 4.936]},
								"south": {"uv": [118.032, 35.032], "uv_size": [1.936, 4.936]},
								"west": {"uv": [119.968, 35.032], "uv_size": [-1.936, 4.936]},
								"up": {"uv": [0, 0], "uv_size": [0, 0]}
							}
						},
						{
							"origin": [4.5, 15.5, 0.5],
							"size": [3, 5, 3],
							"inflate": -0.2,
							"uv": {
								"north": {"uv": [26.968, 32.032], "uv_size": [-2.936, 4.936]},
								"east": {"uv": [29.968, 32.032], "uv_size": [-2.936, 4.936]},
								"south": {"uv": [32.968, 32.032], "uv_size": [-2.936, 4.936]},
								"west": {"uv": [23.968, 32.032], "uv_size": [-2.936, 4.936]},
								"up": {"uv": [29.968, 37.032], "uv_size": [-2.936, 2.936]},
								"down": {"uv": [26.968, 39.968], "uv_size": [-2.936, -2.936]}
							}
						}
					]
				},
				{
					"name": "hand2",
					"parent": "lower2",
					"pivot": [6, 16, 2],
					"cubes": [
						{
							"origin": [5, 13, 0],
							"size": [2, 3, 4],
							"uv": {
								"north": {"uv": [49.968, 53.032], "uv_size": [-1.936, 2.936]},
								"east": {"uv": [50.032, 53.032], "uv_size": [3.936, 2.936]},
								"south": {"uv": [55.968, 53.032], "uv_size": [-1.936, 2.936]},
								"west": {"uv": [44.032, 53.032], "uv_size": [3.936, 2.936]},
								"up": {"uv": [48.032, 49.032], "uv_size": [1.936, 3.936]},
								"down": {"uv": [82.032, 33.968], "uv_size": [1.936, -3.936]}
							}
						}
					]
				},
				{
					"name": "fingers3",
					"parent": "hand2",
					"pivot": [7, 13, 2],
					"cubes": [
						{
							"origin": [5, 11, 0],
							"size": [2, 2, 4],
							"uv": {
								"north": {"uv": [87.032, 72.032], "uv_size": [1.936, 1.936]},
								"east": {"uv": [81.032, 72.032], "uv_size": [3.936, 1.936]},
								"south": {"uv": [85.032, 72.032], "uv_size": [1.936, 1.936]},
								"west": {"uv": [77.032, 72.032], "uv_size": [3.936, 1.936]},
								"up": {"uv": [86.032, 68.032], "uv_size": [1.936, 3.936]},
								"down": {"uv": [84.032, 71.968], "uv_size": [1.936, -3.936]}
							}
						},
						{"origin": [4.3, 11, 0.5], "size": [1, 1, 0], "uv": [81, 68]},
						{"origin": [4.3, 11, 2], "size": [1, 1, 0], "uv": [81, 68]},
						{"origin": [4.3, 11, 3.5], "size": [1, 1, 0], "uv": [81, 68]}
					]
				},
				{
					"name": "fingers4",
					"parent": "fingers3",
					"pivot": [7, 11, 2]
				},
				{
					"name": "thumb3",
					"parent": "hand2",
					"pivot": [7, 15, 0]
				},
				{
					"name": "thumb4",
					"parent": "thumb3",
					"pivot": [7, 16, 0],
					"cubes": [
						{
							"origin": [5, 14, -2],
							"size": [2, 2, 2],
							"inflate": 0.1,
							"uv": {
								"north": {"uv": [60.968, 60.032], "uv_size": [-1.936, 1.936]},
								"east": {"uv": [55.032, 68.032], "uv_size": [1.936, 1.936]},
								"south": {"uv": [63.032, 68.032], "uv_size": [1.936, 1.936]},
								"west": {"uv": [57.968, 60.032], "uv_size": [-1.936, 1.936]},
								"up": {"uv": [60.968, 57.032], "uv_size": [-1.936, 1.936]},
								"down": {"uv": [60.032, 58.968], "uv_size": [1.936, -1.936]}
							}
						}
					]
				},
				{
					"name": "belowpart",
					"parent": "Foxy",
					"pivot": [0, 17, 2]
				},
				{
					"name": "pelvissuit",
					"parent": "belowpart",
					"pivot": [0, 17, 2],
					"cubes": [
						{
							"origin": [-3, 14.3, 1],
							"size": [6, 3, 2],
							"inflate": 0.2,
							"uv": {
								"north": {"uv": [108.032, 40.032], "uv_size": [5.936, 2.936]},
								"east": {"uv": [22.032, 109.032], "uv_size": [1.936, 2.936]},
								"south": {"uv": [108.032, 40.032], "uv_size": [5.936, 2.936]},
								"west": {"uv": [26.032, 109.032], "uv_size": [1.936, 2.936]},
								"up": {"uv": [100.032, 41.032], "uv_size": [5.936, 1.936]},
								"down": {"uv": [26.032, 108.968], "uv_size": [5.936, -1.936]}
							}
						},
						{
							"origin": [-4, 14.1, -0.5],
							"size": [8, 3, 5],
							"uv": {
								"north": {"uv": [10.032, 38.032], "uv_size": [7.936, 2.936]},
								"east": {"uv": [20.032, 55.032], "uv_size": [4.936, 2.936]},
								"south": {"uv": [10.032, 38.032], "uv_size": [7.936, 2.936]},
								"west": {"uv": [25.032, 55.032], "uv_size": [4.936, 2.936]},
								"up": {"uv": [0.032, 27.032], "uv_size": [7.936, 4.936]},
								"down": {"uv": [0.032, 36.968], "uv_size": [7.936, -4.936]}
							}
						}
					]
				},
				{
					"name": "legL",
					"parent": "belowpart",
					"pivot": [-3, 15, 2]
				},
				{
					"name": "upper3",
					"parent": "legL",
					"pivot": [-3, 15, 2],
					"cubes": [
						{
							"origin": [-3.5, 8, 1],
							"size": [2, 6, 2],
							"uv": {
								"north": {"uv": [109.968, 46.032], "uv_size": [-1.936, 5.936]},
								"east": {"uv": [109.968, 46.032], "uv_size": [-1.936, 5.936]},
								"south": {"uv": [109.968, 46.032], "uv_size": [-1.936, 5.936]},
								"west": {"uv": [109.968, 46.032], "uv_size": [-1.936, 5.936]},
								"up": {"uv": [109.968, 48.032], "uv_size": [-1.936, 1.936]},
								"down": {"uv": [109.968, 52.968], "uv_size": [-1.936, -1.936]}
							}
						},
						{
							"origin": [-4.5, 8.5, 0],
							"size": [4, 7, 4],
							"uv": {
								"north": {"uv": [38.032, 19.032], "uv_size": [3.936, 6.936]},
								"east": {"uv": [34.032, 19.032], "uv_size": [3.936, 6.936]},
								"south": {"uv": [46.032, 19.032], "uv_size": [3.936, 6.936]},
								"west": {"uv": [42.032, 19.032], "uv_size": [3.936, 6.936]},
								"up": {"uv": [38.032, 4.032], "uv_size": [3.936, 3.936]},
								"down": {"uv": [42.032, 7.968], "uv_size": [3.936, -3.936]}
							}
						},
						{
							"origin": [-3.5, 8, 1],
							"size": [2, 6, 2],
							"inflate": 0.15,
							"uv": {
								"north": {"uv": [103.032, 44.032], "uv_size": [1.936, 5.936]},
								"east": {"uv": [103.032, 44.032], "uv_size": [1.936, 5.936]},
								"south": {"uv": [103.032, 44.032], "uv_size": [1.936, 5.936]},
								"west": {"uv": [103.032, 44.032], "uv_size": [1.936, 5.936]},
								"up": {"uv": [0, 0], "uv_size": [0, 0]},
								"down": {"uv": [0, 0], "uv_size": [0, 0]}
							}
						},
						{
							"origin": [-3.5, 14, 1],
							"size": [2, 2, 2],
							"uv": {
								"north": {"uv": [108.032, 44.032], "uv_size": [1.936, 1.936]},
								"east": {"uv": [108.032, 44.032], "uv_size": [1.936, 1.936]},
								"south": {"uv": [108.032, 44.032], "uv_size": [1.936, 1.936]},
								"west": {"uv": [108.032, 44.032], "uv_size": [1.936, 1.936]},
								"up": {"uv": [109.968, 45.968], "uv_size": [-1.936, -1.936]},
								"down": {"uv": [109.968, 45.968], "uv_size": [-1.936, -1.936]}
							}
						}
					]
				},
				{
					"name": "lower3",
					"parent": "legL",
					"pivot": [-3, 8.5, 2],
					"cubes": [
						{
							"origin": [-3.5, 2, 1],
							"size": [2, 6, 2],
							"uv": {
								"north": {"uv": [109.968, 52.032], "uv_size": [-1.936, 5.936]},
								"east": {"uv": [109.968, 52.032], "uv_size": [-1.936, 5.936]},
								"south": {"uv": [109.968, 52.032], "uv_size": [-1.936, 5.936]},
								"west": {"uv": [109.968, 52.032], "uv_size": [-1.936, 5.936]},
								"up": {"uv": [109.968, 51.032], "uv_size": [-1.936, 1.936]},
								"down": {"uv": [109.968, 56.968], "uv_size": [-1.936, -1.936]}
							}
						},
						{
							"origin": [-3.5, 2, 1],
							"size": [2, 6, 2],
							"inflate": 0.15,
							"uv": {
								"north": {"uv": [103.032, 50.032], "uv_size": [1.936, 5.936]},
								"east": {"uv": [103.032, 50.032], "uv_size": [1.936, 5.936]},
								"south": {"uv": [103.032, 50.032], "uv_size": [1.936, 5.936]},
								"west": {"uv": [103.032, 50.032], "uv_size": [1.936, 5.936]},
								"up": {"uv": [0, 0], "uv_size": [0, 0]},
								"down": {"uv": [0, 0], "uv_size": [0, 0]}
							}
						},
						{"origin": [-4, 7, -0.5], "size": [3, 2, 1], "uv": [54, 6]},
						{
							"origin": [-4.5, 2, 0],
							"size": [4, 6, 4],
							"uv": {
								"north": {"uv": [54.032, 19.032], "uv_size": [3.936, 5.936]},
								"east": {"uv": [50.032, 19.032], "uv_size": [3.936, 5.936]},
								"south": {"uv": [62.032, 19.032], "uv_size": [3.936, 5.936]},
								"west": {"uv": [58.032, 19.032], "uv_size": [3.936, 5.936]},
								"up": {"uv": [54.032, 9.032], "uv_size": [3.936, 3.936]},
								"down": {"uv": [58.032, 12.968], "uv_size": [3.936, -3.936]}
							}
						}
					]
				},
				{
					"name": "knee",
					"parent": "lower3",
					"pivot": [-3, 8.5, 1]
				},
				{
					"name": "foot",
					"parent": "lower3",
					"pivot": [-2.5, 2, 2],
					"cubes": [
						{"origin": [-5, 0, -4], "size": [5, 2, 8], "inflate": 0.01, "uv": [35, 27], "mirror": true},
						{"origin": [-4, 0, -5.2], "size": [0, 1, 2], "uv": [0, -2]},
						{"origin": [-1, 0, -5.2], "size": [0, 1, 2], "uv": [0, -2]},
						{
							"origin": [-5, 0, -1],
							"size": [5, 2, 5],
							"uv": {
								"north": {"uv": [56.968, 109.032], "uv_size": [-4.936, 1.936]},
								"east": {"uv": [62.968, 109.032], "uv_size": [-4.936, 1.936]},
								"south": {"uv": [70.968, 109.032], "uv_size": [-4.936, 1.936]},
								"west": {"uv": [49.968, 109.032], "uv_size": [-4.936, 1.936]},
								"up": {"uv": [56.968, 102.032], "uv_size": [-4.936, 4.936]},
								"down": {"uv": [62.968, 106.968], "uv_size": [-4.936, -4.936]}
							}
						},
						{
							"origin": [-5, 0, -3],
							"size": [5, 1, 2],
							"uv": {
								"north": {"uv": [14.968, 114.032], "uv_size": [-4.936, 0.936]},
								"east": {"uv": [6.968, 113.032], "uv_size": [-1.936, 0.936]},
								"south": {"uv": [25.968, 116.032], "uv_size": [-4.936, 0.936]},
								"west": {"uv": [6.968, 108.032], "uv_size": [-1.936, 0.936]},
								"up": {"uv": [14.968, 112.032], "uv_size": [-4.936, 1.936]},
								"down": {"uv": [18.968, 116.968], "uv_size": [-4.936, -1.936]}
							}
						}
					]
				},
				{
					"name": "legR",
					"parent": "belowpart",
					"pivot": [3, 15, 2]
				},
				{
					"name": "upper4",
					"parent": "legR",
					"pivot": [3, 15, 2],
					"cubes": [
						{
							"origin": [1.5, 8, 1],
							"size": [2, 6, 2],
							"uv": {
								"north": {"uv": [112.032, 46.032], "uv_size": [1.936, 5.936]},
								"east": {"uv": [112.032, 46.032], "uv_size": [1.936, 5.936]},
								"south": {"uv": [112.032, 46.032], "uv_size": [1.936, 5.936]},
								"west": {"uv": [112.032, 46.032], "uv_size": [1.936, 5.936]},
								"up": {"uv": [112.032, 49.032], "uv_size": [1.936, 1.936]},
								"down": {"uv": [112.032, 52.968], "uv_size": [1.936, -1.936]}
							}
						},
						{
							"origin": [1.5, 8, 1],
							"size": [2, 6, 2],
							"inflate": 0.15,
							"uv": {
								"north": {"uv": [117.032, 44.032], "uv_size": [1.936, 5.936]},
								"east": {"uv": [117.032, 44.032], "uv_size": [1.936, 5.936]},
								"south": {"uv": [117.032, 44.032], "uv_size": [1.936, 5.936]},
								"west": {"uv": [117.032, 44.032], "uv_size": [1.936, 5.936]},
								"up": {"uv": [0, 0], "uv_size": [0, 0]},
								"down": {"uv": [0, 0], "uv_size": [0, 0]}
							}
						},
						{"origin": [0.5, 8.5, 0], "size": [4, 7, 4], "uv": [34, 8], "mirror": true},
						{
							"origin": [1.5, 14, 1],
							"size": [2, 2, 2],
							"uv": {
								"north": {"uv": [112.032, 44.032], "uv_size": [1.936, 1.936]},
								"east": {"uv": [112.032, 44.032], "uv_size": [1.936, 1.936]},
								"south": {"uv": [112.032, 44.032], "uv_size": [1.936, 1.936]},
								"west": {"uv": [112.032, 44.032], "uv_size": [1.936, 1.936]},
								"up": {"uv": [113.968, 45.968], "uv_size": [-1.936, -1.936]},
								"down": {"uv": [113.968, 45.968], "uv_size": [-1.936, -1.936]}
							}
						}
					]
				},
				{
					"name": "lower4",
					"parent": "legR",
					"pivot": [3, 8.5, 2],
					"cubes": [
						{"origin": [1, 7, -0.5], "size": [3, 2, 1], "uv": [54, 6], "mirror": true},
						{
							"origin": [1.5, 2, 1],
							"size": [2, 6, 2],
							"uv": {
								"north": {"uv": [112.032, 52.032], "uv_size": [1.936, 5.936]},
								"east": {"uv": [112.032, 52.032], "uv_size": [1.936, 5.936]},
								"south": {"uv": [112.032, 52.032], "uv_size": [1.936, 5.936]},
								"west": {"uv": [112.032, 52.032], "uv_size": [1.936, 5.936]},
								"up": {"uv": [112.032, 51.032], "uv_size": [1.936, 1.936]},
								"down": {"uv": [112.032, 56.968], "uv_size": [1.936, -1.936]}
							}
						},
						{"origin": [0.5, 2, 0], "size": [4, 6, 4], "uv": [50, 9], "mirror": true},
						{
							"origin": [1.5, 2, 1],
							"size": [2, 6, 2],
							"inflate": 0.15,
							"uv": {
								"north": {"uv": [117.032, 50.032], "uv_size": [1.936, 5.936]},
								"east": {"uv": [117.032, 50.032], "uv_size": [1.936, 5.936]},
								"south": {"uv": [117.032, 50.032], "uv_size": [1.936, 5.936]},
								"west": {"uv": [117.032, 50.032], "uv_size": [1.936, 5.936]},
								"up": {"uv": [0, 0], "uv_size": [0, 0]},
								"down": {"uv": [0, 0], "uv_size": [0, 0]}
							}
						}
					]
				},
				{
					"name": "knee2",
					"parent": "lower4",
					"pivot": [3, 8.5, 1]
				},
				{
					"name": "foot2",
					"parent": "lower4",
					"pivot": [2.5, 2, 2],
					"cubes": [
						{
							"origin": [0, 0, -1],
							"size": [5, 2, 5],
							"uv": {
								"north": {"uv": [68.968, 113.032], "uv_size": [-4.936, 1.936]},
								"east": {"uv": [71.032, 113.032], "uv_size": [4.936, 1.936]},
								"south": {"uv": [75.968, 109.032], "uv_size": [-4.936, 1.936]},
								"west": {"uv": [92.032, 109.032], "uv_size": [4.936, 1.936]},
								"up": {"uv": [69.968, 98.032], "uv_size": [-4.936, 4.936]},
								"down": {"uv": [83.968, 106.968], "uv_size": [-4.936, -4.936]}
							}
						},
						{"origin": [0, 0, -4], "size": [5, 2, 8], "inflate": 0.01, "uv": [35, 27]},
						{"origin": [1, 0, -5.2], "size": [0, 1, 2], "uv": [0, -2]},
						{"origin": [4, 0, -5.2], "size": [0, 1, 2], "uv": [0, -2]},
						{
							"origin": [0, 0, -3],
							"size": [5, 1, 2],
							"uv": {
								"north": {"uv": [47.968, 114.032], "uv_size": [-4.936, 0.936]},
								"east": {"uv": [19.032, 113.032], "uv_size": [1.936, 0.936]},
								"south": {"uv": [30.968, 116.032], "uv_size": [-4.936, 0.936]},
								"west": {"uv": [52.032, 108.032], "uv_size": [1.936, 0.936]},
								"up": {"uv": [47.968, 112.032], "uv_size": [-4.936, 1.936]},
								"down": {"uv": [39.968, 116.968], "uv_size": [-4.936, -1.936]}
							}
						}
					]
				}
			]
		}
	]
}