{
	"format_version": "1.12.0",
	"minecraft:geometry": [
		{
			"description": {
				"identifier": "geometry.fr_bonnie_plush",
				"texture_width": 100,
				"texture_height": 100,
				"visible_bounds_width": 2,
				"visible_bounds_height": 2.5,
				"visible_bounds_offset": [0, 0.75, 0]
			},
			"bones": [
				{
					"name": "Plush",
					"pivot": [0, 3, 2.5],
					"cubes": [
						{
							"origin": [-3, 0, 0],
							"size": [6, 6, 5],
							"inflate": -0.01,
							"uv": {
								"north": {"uv": [9.375, 21.875], "uv_size": [9.375, 9.375]},
								"east": {"uv": [0, 29.6875], "uv_size": [7.8125, 9.375]},
								"south": {"uv": [21.875, 10.9375], "uv_size": [9.375, 9.375]},
								"west": {"uv": [28.125, 29.6875], "uv_size": [7.8125, 9.375]},
								"up": {"uv": [31.25, 0], "uv_size": [9.375, 7.8125]},
								"down": {"uv": [7.8125, 39.0625], "uv_size": [9.375, -7.8125]}
							}
						}
					]
				},
				{
					"name": "LegL",
					"parent": "Plush",
					"pivot": [-1.5, 1.5, 3],
					"cubes": [
						{
							"origin": [-3, 0, -3],
							"size": [3, 3, 6],
							"pivot": [-1.5, 1.5, 3],
							"rotation": [0, 12.5, 0],
							"uv": {
								"north": {"uv": [31.25, 15.625], "uv_size": [4.6875, 4.6875]},
								"east": {"uv": [21.875, 39.0625], "uv_size": [9.375, 4.6875]},
								"south": {"uv": [29.6875, 48.4375], "uv_size": [4.6875, 4.6875]},
								"west": {"uv": [40.625, 0], "uv_size": [9.375, 4.6875]},
								"up": {"uv": [31.25, 39.0625], "uv_size": [4.6875, 9.375]},
								"down": {"uv": [40.625, 14.0625], "uv_size": [4.6875, -9.375]}
							}
						}
					]
				},
				{
					"name": "LegR",
					"parent": "Plush",
					"pivot": [1.5, 1.5, 3],
					"cubes": [
						{
							"origin": [0, 0, -3],
							"size": [3, 3, 6],
							"pivot": [1.5, 1.5, 3],
							"rotation": [0, -12.5, 0],
							"uv": {
								"north": {"uv": [35.9375, 15.625], "uv_size": [-4.6875, 4.6875]},
								"east": {"uv": [50, 0], "uv_size": [-9.375, 4.6875]},
								"south": {"uv": [34.375, 48.4375], "uv_size": [-4.6875, 4.6875]},
								"west": {"uv": [31.25, 39.0625], "uv_size": [-9.375, 4.6875]},
								"up": {"uv": [31.25, 48.4375], "uv_size": [4.6875, -9.375]},
								"down": {"uv": [40.625, 14.0625], "uv_size": [4.6875, -9.375]}
							}
						}
					]
				},
				{
					"name": "armR",
					"parent": "Plush",
					"pivot": [2.5, 4.5, 3],
					"cubes": [
						{
							"origin": [1, 3, -1],
							"size": [3, 3, 5],
							"pivot": [2.5, 4.5, 3],
							"rotation": [0, -72.5, 17.5],
							"uv": {
								"north": {"uv": [35.9375, 15.625], "uv_size": [-4.6875, 4.6875]},
								"east": {"uv": [45.3125, 28.125], "uv_size": [7.8125, 4.6875]},
								"south": {"uv": [50, 51.5625], "uv_size": [4.6875, 4.6875]},
								"west": {"uv": [45.3125, 32.8125], "uv_size": [7.8125, 4.6875]},
								"up": {"uv": [35.9375, 45.3125], "uv_size": [4.6875, 7.8125]},
								"down": {"uv": [45.3125, 45.3125], "uv_size": [4.6875, -7.8125]}
							}
						}
					]
				},
				{
					"name": "armL",
					"parent": "Plush",
					"pivot": [-2.5, 4.5, 3],
					"cubes": [
						{
							"origin": [-4, 3, -1],
							"size": [3, 3, 5],
							"pivot": [-2.5, 4.5, 3],
							"rotation": [0, 72.5, -17.5],
							"uv": {
								"north": {"uv": [31.25, 15.625], "uv_size": [4.6875, 4.6875]},
								"east": {"uv": [45.3125, 32.8125], "uv_size": [7.8125, 4.6875]},
								"south": {"uv": [50, 51.5625], "uv_size": [4.6875, 4.6875]},
								"west": {"uv": [45.3125, 28.125], "uv_size": [7.8125, 4.6875]},
								"up": {"uv": [40.625, 53.125], "uv_size": [-4.6875, -7.8125]},
								"down": {"uv": [50, 45.3125], "uv_size": [-4.6875, -7.8125]}
							}
						}
					]
				},
				{
					"name": "tie",
					"parent": "Plush",
					"pivot": [0, 5, 0],
					"cubes": [
						{
							"origin": [-2.5, 3, -0.3],
							"size": [5, 3, 0],
							"pivot": [0, 5, 0],
							"rotation": [-10, 0, 0],
							"uv": {
								"north": {"uv": [40.625, 45.3125], "uv_size": [7.8125, 4.6875]},
								"east": {"uv": [0, 0], "uv_size": [0, 4.6875]},
								"south": {"uv": [0, 46.875], "uv_size": [7.8125, 4.6875]},
								"west": {"uv": [0, 0], "uv_size": [0, 4.6875]},
								"up": {"uv": [0, 0], "uv_size": [7.8125, 0]},
								"down": {"uv": [0, 0], "uv_size": [7.8125, 0]}
							}
						},
						{
							"origin": [-2, 4, -0.3],
							"size": [4, 2, 0],
							"pivot": [1, 5, 0],
							"rotation": [-10, 0, 0],
							"uv": {
								"north": {"uv": [53.125, 26.5625], "uv_size": [6.25, 3.125]},
								"east": {"uv": [0, 0], "uv_size": [0, 3.125]},
								"south": {"uv": [28.125, 53.125], "uv_size": [6.25, 3.125]},
								"west": {"uv": [0, 0], "uv_size": [0, 3.125]},
								"up": {"uv": [0, 0], "uv_size": [6.25, 0]},
								"down": {"uv": [0, 0], "uv_size": [6.25, 0]}
							}
						}
					]
				},
				{
					"name": "head",
					"parent": "Plush",
					"pivot": [0.01086, 5.77766, 2.73327],
					"rotation": [-0.21866, 0.9223, -7.45685],
					"cubes": [
						{
							"origin": [-3, 5.5, -1.5],
							"size": [6, 2, 7],
							"uv": {
								"north": {"uv": [48.4375, 45.3125], "uv_size": [9.375, 3.125]},
								"east": {"uv": [7.8125, 48.4375], "uv_size": [10.9375, 3.125]},
								"south": {"uv": [48.4375, 48.4375], "uv_size": [9.375, 3.125]},
								"west": {"uv": [18.75, 48.4375], "uv_size": [10.9375, 3.125]},
								"up": {"uv": [12.5, 0], "uv_size": [9.375, 10.9375]},
								"down": {"uv": [12.5, 21.875], "uv_size": [9.375, -10.9375]}
							}
						},
						{
							"origin": [-2.5, 9.2, 0],
							"size": [2, 2, 2],
							"uv": {
								"north": {"uv": [9.375, 18.75], "uv_size": [3.125, 3.125]},
								"east": {"uv": [54.6875, 9.375], "uv_size": [3.125, 3.125]},
								"south": {"uv": [12.5, 54.6875], "uv_size": [3.125, 3.125]},
								"west": {"uv": [54.6875, 12.5], "uv_size": [3.125, 3.125]},
								"up": {"uv": [15.625, 54.6875], "uv_size": [3.125, 3.125]},
								"down": {"uv": [54.6875, 18.75], "uv_size": [3.125, -3.125]}
							}
						},
						{
							"origin": [0.5, 9.2, 0],
							"size": [2, 2, 2],
							"uv": {
								"north": {"uv": [12.5, 18.75], "uv_size": [-3.125, 3.125]},
								"east": {"uv": [54.6875, 12.5], "uv_size": [3.125, 3.125]},
								"south": {"uv": [12.5, 54.6875], "uv_size": [3.125, 3.125]},
								"west": {"uv": [54.6875, 9.375], "uv_size": [3.125, 3.125]},
								"up": {"uv": [18.75, 57.8125], "uv_size": [-3.125, -3.125]},
								"down": {"uv": [57.8125, 18.75], "uv_size": [-3.125, -3.125]}
							}
						},
						{
							"origin": [-3, 7, -1.5],
							"size": [6, 2, 2],
							"inflate": 0.2,
							"uv": {
								"north": {"uv": [50, 0], "uv_size": [9.375, 3.125]},
								"east": {"uv": [18.75, 54.6875], "uv_size": [3.125, 3.125]},
								"south": {"uv": [50, 23.4375], "uv_size": [9.375, 3.125]},
								"west": {"uv": [54.6875, 18.75], "uv_size": [3.125, 3.125]},
								"up": {"uv": [50, 37.5], "uv_size": [9.375, 3.125]},
								"down": {"uv": [50, 43.75], "uv_size": [9.375, -3.125]}
							}
						},
						{
							"origin": [-1, 8.4, -2],
							"size": [2, 1, 1],
							"inflate": 0.1,
							"uv": {
								"north": {"uv": [21.875, 20.3125], "uv_size": [3.125, 1.5625]},
								"east": {"uv": [7.8125, 29.6875], "uv_size": [1.5625, 1.5625]},
								"south": {"uv": [25, 20.3125], "uv_size": [3.125, 1.5625]},
								"west": {"uv": [26.5625, 37.5], "uv_size": [1.5625, 1.5625]},
								"up": {"uv": [37.5, 28.125], "uv_size": [3.125, 1.5625]},
								"down": {"uv": [40.625, 15.625], "uv_size": [3.125, -1.5625]}
							}
						},
						{
							"origin": [-3, 9.7, 0.5],
							"size": [6, 3, 5],
							"uv": {
								"north": {"uv": [9.375, 43.75], "uv_size": [9.375, 4.6875]},
								"east": {"uv": [46.875, 14.0625], "uv_size": [7.8125, 4.6875]},
								"south": {"uv": [18.75, 43.75], "uv_size": [9.375, 4.6875]},
								"west": {"uv": [46.875, 18.75], "uv_size": [7.8125, 4.6875]},
								"up": {"uv": [31.25, 7.8125], "uv_size": [9.375, 7.8125]},
								"down": {"uv": [17.1875, 39.0625], "uv_size": [9.375, -7.8125]}
							}
						},
						{
							"origin": [-4, 6.7, 0.5],
							"size": [8, 3, 6],
							"uv": {
								"north": {"uv": [37.5, 23.4375], "uv_size": [12.5, 4.6875]},
								"east": {"uv": [45.3125, 4.6875], "uv_size": [9.375, 4.6875]},
								"south": {"uv": [9.375, 39.0625], "uv_size": [12.5, 4.6875]},
								"west": {"uv": [45.3125, 9.375], "uv_size": [9.375, 4.6875]},
								"up": {"uv": [0, 0], "uv_size": [12.5, 9.375]},
								"down": {"uv": [0, 18.75], "uv_size": [12.5, -9.375]}
							}
						}
					]
				},
				{
					"name": "bone2",
					"parent": "head",
					"pivot": [-1.6, 12.7, 3],
					"rotation": [7.5775, 18.6478, -7.7971],
					"cubes": [
						{
							"origin": [-2.6, 15.7, 2.5],
							"size": [2, 4, 1],
							"pivot": [-1.6, 16.2, 3],
							"rotation": [90, 0, 0],
							"uv": {
								"north": {"uv": [53.125, 29.6875], "uv_size": [3.125, 6.25]},
								"east": {"uv": [26.5625, 31.25], "uv_size": [1.5625, 6.25]},
								"south": {"uv": [34.375, 53.125], "uv_size": [3.125, 6.25]},
								"west": {"uv": [21.875, 54.6875], "uv_size": [1.5625, 6.25]},
								"up": {"uv": [40.625, 28.125], "uv_size": [3.125, 1.5625]},
								"down": {"uv": [43.75, 15.625], "uv_size": [3.125, -1.5625]}
							}
						},
						{
							"origin": [-2.6, 12.7, 2.5],
							"size": [2, 3, 1],
							"uv": {
								"north": {"uv": [28.125, 43.75], "uv_size": [3.125, 4.6875]},
								"east": {"uv": [35.9375, 15.625], "uv_size": [1.5625, 4.6875]},
								"south": {"uv": [37.5, 53.125], "uv_size": [3.125, 4.6875]},
								"west": {"uv": [34.375, 48.4375], "uv_size": [1.5625, 4.6875]},
								"up": {"uv": [43.75, 29.6875], "uv_size": [-3.125, -1.5625]},
								"down": {"uv": [46.875, 15.625], "uv_size": [-3.125, -1.5625]}
							}
						}
					]
				},
				{
					"name": "bone3",
					"parent": "head",
					"pivot": [1.6, 12.7, 3],
					"rotation": [12.45392, -1.08089, 4.88206],
					"cubes": [
						{
							"origin": [0.6, 15.7, 2.5],
							"size": [2, 3, 1],
							"pivot": [1.6, 16.2, 3],
							"rotation": [17.5, 0, 0],
							"uv": {
								"north": {"uv": [31.25, 43.75], "uv_size": [-3.125, 4.6875]},
								"east": {"uv": [35.9375, 48.4375], "uv_size": [-1.5625, 4.6875]},
								"south": {"uv": [40.625, 53.125], "uv_size": [-3.125, 4.6875]},
								"west": {"uv": [37.5, 15.625], "uv_size": [-1.5625, 4.6875]},
								"up": {"uv": [40.625, 29.6875], "uv_size": [3.125, -1.5625]},
								"down": {"uv": [43.75, 15.625], "uv_size": [3.125, -1.5625]}
							}
						},
						{
							"origin": [0.6, 12.7, 2.5],
							"size": [2, 3, 1],
							"uv": {
								"north": {"uv": [31.25, 43.75], "uv_size": [-3.125, 4.6875]},
								"east": {"uv": [35.9375, 48.4375], "uv_size": [-1.5625, 4.6875]},
								"south": {"uv": [40.625, 53.125], "uv_size": [-3.125, 4.6875]},
								"west": {"uv": [37.5, 15.625], "uv_size": [-1.5625, 4.6875]},
								"up": {"uv": [40.625, 29.6875], "uv_size": [3.125, -1.5625]},
								"down": {"uv": [43.75, 15.625], "uv_size": [3.125, -1.5625]}
							}
						}
					]
				},
				{
					"name": "head2",
					"parent": "Plush",
					"pivot": [0.01086, 5.77766, 2.73327],
					"cubes": [
						{
							"origin": [-3, 6, -1.5],
							"size": [6, 1, 7],
							"uv": {
								"north": {"uv": [53.125, 35.9375], "uv_size": [9.375, 1.5625]},
								"east": {"uv": [50, 3.125], "uv_size": [10.9375, 1.5625]},
								"south": {"uv": [0, 54.6875], "uv_size": [9.375, 1.5625]},
								"west": {"uv": [50, 43.75], "uv_size": [10.9375, 1.5625]},
								"up": {"uv": [0, 18.75], "uv_size": [9.375, 10.9375]},
								"down": {"uv": [21.875, 10.9375], "uv_size": [9.375, -10.9375]}
							}
						},
						{
							"origin": [-2.5, 9.1, -1],
							"size": [2, 2, 2],
							"uv": {
								"north": {"uv": [23.4375, 54.6875], "uv_size": [3.125, 3.125]},
								"east": {"uv": [40.625, 54.6875], "uv_size": [3.125, 3.125]},
								"south": {"uv": [43.75, 54.6875], "uv_size": [3.125, 3.125]},
								"west": {"uv": [46.875, 54.6875], "uv_size": [3.125, 3.125]},
								"up": {"uv": [54.6875, 51.5625], "uv_size": [3.125, 3.125]},
								"down": {"uv": [54.6875, 57.8125], "uv_size": [3.125, -3.125]}
							}
						},
						{
							"origin": [0.5, 9.1, -1],
							"size": [2, 2, 2],
							"uv": {
								"north": {"uv": [26.5625, 54.6875], "uv_size": [-3.125, 3.125]},
								"east": {"uv": [46.875, 54.6875], "uv_size": [3.125, 3.125]},
								"south": {"uv": [43.75, 54.6875], "uv_size": [3.125, 3.125]},
								"west": {"uv": [40.625, 54.6875], "uv_size": [3.125, 3.125]},
								"up": {"uv": [57.8125, 54.6875], "uv_size": [-3.125, -3.125]},
								"down": {"uv": [57.8125, 57.8125], "uv_size": [-3.125, -3.125]}
							}
						},
						{
							"origin": [-3, 7, -1.5],
							"size": [6, 2, 2],
							"uv": {
								"north": {"uv": [0, 51.5625], "uv_size": [9.375, 3.125]},
								"east": {"uv": [0, 56.25], "uv_size": [3.125, 3.125]},
								"south": {"uv": [9.375, 51.5625], "uv_size": [9.375, 3.125]},
								"west": {"uv": [3.125, 56.25], "uv_size": [3.125, 3.125]},
								"up": {"uv": [18.75, 51.5625], "uv_size": [9.375, 3.125]},
								"down": {"uv": [40.625, 54.6875], "uv_size": [9.375, -3.125]}
							}
						},
						{
							"origin": [-3, 7, -0.5],
							"size": [6, 5, 6],
							"inflate": 0.11,
							"uv": {
								"north": {"uv": [35.9375, 29.6875], "uv_size": [9.375, 7.8125]},
								"east": {"uv": [37.5, 15.625], "uv_size": [9.375, 7.8125]},
								"south": {"uv": [35.9375, 37.5], "uv_size": [9.375, 7.8125]},
								"west": {"uv": [0, 39.0625], "uv_size": [9.375, 7.8125]},
								"up": {"uv": [18.75, 21.875], "uv_size": [9.375, 9.375]},
								"down": {"uv": [28.125, 29.6875], "uv_size": [9.375, -9.375]}
							}
						}
					]
				},
				{
					"name": "bone4",
					"parent": "head2",
					"pivot": [-1.6, 12, 2],
					"rotation": [-0.8804, 9.9616, -5.0767],
					"cubes": [
						{
							"origin": [-2.6, 15, 1.4],
							"size": [2, 3, 0.1],
							"pivot": [-1.6, 15, 1.5],
							"rotation": [20, 0, 0],
							"uv": {
								"north": {"uv": [54.6875, 4.6875], "uv_size": [3.125, 4.6875]},
								"south": {"uv": [9.375, 54.6875], "uv_size": [3.125, 4.6875]}
							}
						},
						{
							"origin": [-2.6, 12, 1.4],
							"size": [2, 3, 0.1],
							"uv": {
								"north": {"uv": [54.6875, 4.6875], "uv_size": [3.125, 4.6875]},
								"south": {"uv": [9.375, 54.6875], "uv_size": [3.125, 4.6875]}
							}
						}
					]
				},
				{
					"name": "bone5",
					"parent": "head2",
					"pivot": [1.6, 12, 2],
					"rotation": [-0.8804, -9.9616, 5.0767],
					"cubes": [
						{
							"origin": [0.6, 15, 1.4],
							"size": [2, 3, 0.1],
							"pivot": [1.6, 15, 1.5],
							"rotation": [20, 0, 0],
							"uv": {
								"north": {"uv": [57.8125, 4.6875], "uv_size": [-3.125, 4.6875]},
								"south": {"uv": [12.5, 54.6875], "uv_size": [-3.125, 4.6875]}
							}
						},
						{
							"origin": [0.6, 12, 1.4],
							"size": [2, 3, 0.1],
							"uv": {
								"north": {"uv": [57.8125, 4.6875], "uv_size": [-3.125, 4.6875]},
								"south": {"uv": [12.5, 54.6875], "uv_size": [-3.125, 4.6875]}
							}
						}
					]
				}
			]
		}
	]
}