{
	"format_version": "1.12.0",
	"minecraft:geometry": [
		{
			"description": {
				"identifier": "geometry.fr_chica_plush",
				"texture_width": 100,
				"texture_height": 100,
				"visible_bounds_width": 3,
				"visible_bounds_height": 2.5,
				"visible_bounds_offset": [0, 0.75, 0]
			},
			"bones": [
				{
					"name": "Plush",
					"pivot": [0, 3, 2.5],
					"cubes": [
						{"origin": [-3, 0, 0], "size": [6, 6, 5], "inflate": -0.01, "uv": [33, 35]},
						{"origin": [0, 0, -3], "size": [3, 3, 6], "inflate": 0.01, "pivot": [1.5, 1.5, 3], "rotation": [0, -12.5, 0], "uv": [18, 62], "mirror": true},
						{"origin": [0, 0, -3], "size": [3, 3, 6], "pivot": [1.5, 1.5, 3], "rotation": [0, -12.5, 0], "uv": [18, 53], "mirror": true},
						{"origin": [-3, 0, -3], "size": [3, 3, 6], "inflate": 0.01, "pivot": [-1.5, 1.5, 3], "rotation": [0, 12.5, 0], "uv": [18, 62]},
						{"origin": [-3, 0, -3], "size": [3, 3, 6], "pivot": [-1.5, 1.5, 3], "rotation": [0, 12.5, 0], "uv": [18, 53]},
						{"origin": [-4, 3, -1], "size": [3, 3, 5], "pivot": [-2.5, 4.5, 3], "rotation": [0, 72.5, -17.5], "uv": [19, 54]}
					]
				},
				{
					"name": "LegL",
					"parent": "Plush",
					"pivot": [-1.5, 1.5, 3],
					"rotation": [0, 35, 0],
					"cubes": [
						{"origin": [-3, 0, -3], "size": [3, 3, 6], "pivot": [-1.5, 1.5, 3], "rotation": [0, 12.5, 0], "uv": [56, 35]},
						{"origin": [-3, 0, -3], "size": [3, 3, 6], "inflate": 0.01, "pivot": [-1.5, 1.5, 3], "rotation": [0, 12.5, 0], "uv": [56, 44]}
					]
				},
				{
					"name": "LegR",
					"parent": "Plush",
					"pivot": [1.5, 1.5, 3],
					"cubes": [
						{"origin": [0, 0, -3], "size": [3, 3, 6], "pivot": [1.5, 1.5, 3], "rotation": [0, -12.5, 0], "uv": [56, 35], "mirror": true},
						{"origin": [0, 0, -3], "size": [3, 3, 6], "inflate": 0.01, "pivot": [1.5, 1.5, 3], "rotation": [0, -12.5, 0], "uv": [56, 44], "mirror": true}
					]
				},
				{
					"name": "armR",
					"parent": "Plush",
					"pivot": [2.5, 4.5, 3],
					"cubes": [
						{"origin": [1, 3, -1], "size": [3, 3, 5], "pivot": [2.5, 4.5, 3], "rotation": [0, -72.5, 17.5], "uv": [57, 36], "mirror": true},
						{"origin": [1, 3, -1], "size": [3, 3, 5], "pivot": [2.5, 4.5, 3], "rotation": [0, -72.5, 17.5], "uv": [19, 54], "mirror": true}
					]
				},
				{
					"name": "armL",
					"parent": "Plush",
					"pivot": [-2.5, 4.5, 2],
					"rotation": [-18.16995, -50.51629, 18.89747],
					"cubes": [
						{"origin": [-4, 3, -2], "size": [3, 3, 5], "pivot": [-2.5, 4.5, 2], "rotation": [0, 72.5, -17.5], "uv": [57, 36]}
					]
				},
				{
					"name": "bone",
					"parent": "armL",
					"pivot": [-5.54544, 3.92077, 0.35779],
					"rotation": [-15.60028, 50.89061, -29.85265],
					"cubes": [
						{"origin": [-7.04544, 2.42077, -1.14221], "size": [3, 3, 3], "uv": [0, 14]},
						{"origin": [-7.04544, 3.42077, -1.14221], "size": [3, 2, 3], "inflate": 0.2, "uv": [0, 9]},
						{"origin": [-6.04544, 5.42077, 0.4], "size": [1, 3, 0], "uv": [10, 8]}
					]
				},
				{
					"name": "tie",
					"parent": "Plush",
					"pivot": [0, 5, 0],
					"cubes": [
						{"origin": [-2.5, 1.5, -0.3], "size": [5, 5, 0], "pivot": [0, 5, 0], "rotation": [-10, 0, 0], "uv": [0, 3]}
					]
				},
				{
					"name": "head",
					"parent": "Plush",
					"pivot": [0.01086, 4.77766, 1.73327],
					"rotation": [0, 0, 7.5],
					"cubes": [
						{"origin": [-2.5, 8.2, -1], "size": [2, 2, 2], "uv": [62, 20], "mirror": true},
						{"origin": [0.5, 8.2, -1], "size": [2, 2, 2], "uv": [62, 20]},
						{"origin": [-1, 7.5, -1.5], "size": [2, 1, 2], "uv": [54, 22]},
						{"origin": [-1.5, 6, -2.5], "size": [3, 2, 3], "uv": [52, 25]},
						{"origin": [-3, 5.7, -0.5], "size": [6, 6, 5], "uv": [32, 1]},
						{"origin": [-2.5, 10.4, -0.51], "size": [2, 1, 0], "pivot": [-1.5, 11.4, -0.51], "rotation": [-42.5, 0, 0], "uv": [22, 14]},
						{"origin": [0.5, 10.4, -0.51], "size": [2, 1, 0], "pivot": [1.5, 11.4, -0.51], "rotation": [-42.5, 0, 0], "uv": [22, 14], "mirror": true}
					]
				},
				{
					"name": "bone2",
					"parent": "head",
					"pivot": [0, 11.7, 1],
					"rotation": [10, 0, 0],
					"cubes": [
						{"origin": [-0.5, 11.7, 1], "size": [1, 2, 0], "uv": [31, 2]},
						{"origin": [-0.5, 13.7, 1], "size": [1, 2, 0], "pivot": [0, 13.7, 1], "rotation": [82.5, 0, 0], "uv": [31, 2]}
					]
				},
				{
					"name": "bone3",
					"parent": "head",
					"pivot": [1, 11.7, 2],
					"rotation": [30.77747, -66.95546, -9.23216],
					"cubes": [
						{"origin": [0.5, 11.7, 2], "size": [1, 2, 0], "uv": [31, 2]},
						{"origin": [0.5, 13.7, 2], "size": [1, 2, 0], "pivot": [1, 13.7, 2], "rotation": [82.5, 0, 0], "uv": [31, 2]}
					]
				},
				{
					"name": "bone4",
					"parent": "head",
					"pivot": [-1, 11.7, 2],
					"rotation": [30.77747, 66.95546, 9.23216],
					"cubes": [
						{"origin": [-1.5, 11.7, 2], "size": [1, 2, 0], "uv": [31, 2], "mirror": true},
						{"origin": [-1.5, 13.7, 2], "size": [1, 2, 0], "pivot": [-1, 13.7, 2], "rotation": [82.5, 0, 0], "uv": [31, 2], "mirror": true}
					]
				},
				{
					"name": "head2",
					"parent": "Plush",
					"pivot": [0.01086, 4.77766, 1.73327],
					"cubes": [
						{"origin": [-2.5, 8.2, -1], "size": [2, 2, 2], "uv": [78, 87], "mirror": true},
						{"origin": [0.5, 8.2, -1], "size": [2, 2, 2], "uv": [78, 87]},
						{"origin": [-1, 7.4, -1.5], "size": [2, 1, 2], "uv": [70, 89]},
						{"origin": [-1, 6.3, -2], "size": [2, 1, 2], "uv": [70, 89]},
						{"origin": [-1.5, 6.8, -2.5], "size": [3, 1, 3], "uv": [68, 92]},
						{"origin": [-3, 5.7, -0.5], "size": [6, 6, 5], "uv": [48, 68]},
						{"origin": [0.5, 10.4, -0.51], "size": [2, 1, 0], "pivot": [1.5, 11.4, -0.51], "rotation": [-43.09862, 5.49096, -5.1166], "uv": [38, 81], "mirror": true},
						{"origin": [-2.5, 10.4, -0.51], "size": [2, 1, 0], "pivot": [-1.5, 11.4, -0.51], "rotation": [-43.09862, -5.49096, 5.1166], "uv": [38, 81]}
					]
				},
				{
					"name": "bone11",
					"parent": "head2",
					"pivot": [-1, 11.7, 2]
				},
				{
					"name": "bone8",
					"parent": "bone11",
					"pivot": [0.5, 11.7, 2],
					"rotation": [67.8023, -35.34732, -2.84665],
					"cubes": [
						{"origin": [-0.5, 11.7, 2], "size": [2, 2, 0], "uv": [46, 67]},
						{"origin": [0, 13.7, 2], "size": [1, 1, 0], "pivot": [1, 13.7, 2], "rotation": [45, 0, 0], "uv": [47, 69]}
					]
				},
				{
					"name": "bone5",
					"parent": "bone11",
					"pivot": [-0.5, 11.7, 2],
					"rotation": [67.8023, 35.34732, 2.84665],
					"cubes": [
						{"origin": [-1.5, 11.7, 2], "size": [2, 2, 0], "uv": [46, 67], "mirror": true},
						{"origin": [-1, 13.7, 2], "size": [1, 1, 0], "pivot": [-1, 13.7, 2], "rotation": [40, 0, 0], "uv": [47, 69], "mirror": true}
					]
				},
				{
					"name": "bone6",
					"parent": "bone11",
					"pivot": [-0.5, 11.7, 2],
					"rotation": [-117.89778, 31.08641, 177.82772],
					"cubes": [
						{"origin": [-1.5, 11.7, 2], "size": [2, 2, 0], "uv": [46, 67], "mirror": true},
						{"origin": [-1, 13.7, 2], "size": [1, 1, 0], "pivot": [-1, 13.7, 2], "rotation": [45, 0, 0], "uv": [47, 69], "mirror": true}
					]
				},
				{
					"name": "bone7",
					"parent": "bone11",
					"pivot": [0.5, 11.7, 2],
					"rotation": [-112.89778, -31.08641, -177.82772],
					"cubes": [
						{"origin": [-0.5, 11.7, 2], "size": [2, 2, 0], "uv": [46, 67]},
						{"origin": [0, 13.7, 2], "size": [1, 1, 0], "pivot": [1, 13.7, 2], "rotation": [40, 0, 0], "uv": [47, 69]}
					]
				}
			]
		}
	]
}