{
	"format_version": "1.12.0",
	"minecraft:geometry": [
		{
			"description": {
				"identifier": "geometry.fr_ceiling_light_vfx",
				"texture_width": 16,
				"texture_height": 16,
				"visible_bounds_width": 3,
				"visible_bounds_height": 2,
				"visible_bounds_offset": [0, 0, 0]
			},
			"bones": [
				{
					"name": "group",
					"pivot": [15, 1, -4]
				},
				{
					"name": "point",
					"pivot": [0, 0, 0],
					"cubes": [
						{
							"origin": [-15, -14, -4],
							"size": [30, 15, 8],
							"uv": {
								"north": {"uv": [0, 0], "uv_size": [1.375, 8.25]},
								"east": {"uv": [0, 0], "uv_size": [1.375, 8.25]},
								"south": {"uv": [0, 0], "uv_size": [1.375, 8.25]},
								"west": {"uv": [0, 0], "uv_size": [1.375, 8.25]}
							}
						}
					]
				}
			]
		}
	]
}