{
	"format_version": "1.12.0",
	"minecraft:geometry": [
		{
			"description": {
				"identifier": "geometry.fr_freddy_fazbear_blood",
				"texture_width": 16,
				"texture_height": 16,
				"visible_bounds_width": 3,
				"visible_bounds_height": 3.5,
				"visible_bounds_offset": [0, 1.25, 0]
			},
			"bones": [
				{
					"name": "bb_main",
					"pivot": [0, 0, 0]
				},
				{
					"name": "feddy",
					"pivot": [0, 0, 0]
				},
				{
					"name": "upperpart",
					"parent": "feddy",
					"pivot": [0, 17, 2]
				},
				{
					"name": "feddyHed",
					"parent": "upperpart",
					"pivot": [0, 26, 2]
				},
				{
					"name": "head",
					"parent": "feddyHed",
					"pivot": [0, 31, 2]
				},
				{
					"name": "headsuit",
					"parent": "head",
					"pivot": [0, 31, 3]
				},
				{
					"name": "masktop",
					"parent": "headsuit",
					"pivot": [0, 25, 4.4]
				},
				{
					"name": "eyebrows",
					"parent": "masktop",
					"pivot": [-3, 29.9, -1]
				},
				{
					"name": "eyebrowL",
					"parent": "eyebrows",
					"pivot": [-2, 37, -1.5]
				},
				{
					"name": "eyebrowR",
					"parent": "eyebrows",
					"pivot": [2, 37, -1.5]
				},
				{
					"name": "muzzle",
					"parent": "masktop",
					"pivot": [0, 25, 0]
				},
				{
					"name": "bone4",
					"parent": "muzzle",
					"pivot": [0, 32.5, -3],
					"cubes": [
						{
							"origin": [-3.5, 31, -4],
							"size": [7, 3, 2],
							"inflate": 0.02,
							"uv": {
								"north": {"uv": [8.5, 15.625], "uv_size": [0.875, 0.375]},
								"east": {"uv": [8.25, 15.625], "uv_size": [0.25, 0.375]},
								"south": {"uv": [9.625, 15.625], "uv_size": [0.875, 0.375]},
								"west": {"uv": [9.375, 15.625], "uv_size": [0.25, 0.375]},
								"up": {"uv": [8.5, 15.375], "uv_size": [0.875, 0.25]},
								"down": {"uv": [9.375, 15.625], "uv_size": [0.875, -0.25]}
							}
						}
					]
				},
				{
					"name": "bone6",
					"parent": "muzzle",
					"pivot": [6, 32, -3],
					"cubes": [
						{
							"origin": [4, 28, -3],
							"size": [6, 8, 0],
							"uv": {
								"north": {"uv": [0, 0], "uv_size": [0.75, 1]},
								"east": {"uv": [0, 0], "uv_size": [0, 1]},
								"south": {"uv": [0.75, 0], "uv_size": [0.75, 1]},
								"west": {"uv": [0.75, 0], "uv_size": [0, 1]},
								"up": {"uv": [0, 0], "uv_size": [0.75, 0]},
								"down": {"uv": [0.75, 0], "uv_size": [0.75, 0]}
							}
						}
					]
				},
				{
					"name": "bone7",
					"parent": "muzzle",
					"pivot": [-6, 32, -3],
					"cubes": [
						{
							"origin": [-9, 28, -3],
							"size": [6, 8, 0],
							"uv": {
								"north": {"uv": [0.75, 0], "uv_size": [-0.75, 1]},
								"east": {"uv": [0.75, 0], "uv_size": [0, 1]},
								"south": {"uv": [1.5, 0], "uv_size": [-0.75, 1]},
								"west": {"uv": [0, 0], "uv_size": [0, 1]},
								"up": {"uv": [0.75, 0], "uv_size": [-0.75, 0]},
								"down": {"uv": [1.5, 0], "uv_size": [-0.75, 0]}
							}
						}
					]
				},
				{
					"name": "hat",
					"parent": "masktop",
					"pivot": [0, 39.5, 2]
				},
				{
					"name": "jaw",
					"parent": "headsuit",
					"pivot": [0, 31, 2]
				},
				{
					"name": "bone3",
					"parent": "jaw",
					"pivot": [0, 29, -2],
					"cubes": [
						{
							"origin": [-4, 28, -4],
							"size": [8, 2, 4],
							"inflate": 0.03,
							"uv": {
								"north": {"uv": [8.625, 13.75], "uv_size": [1, 0.25]},
								"east": {"uv": [8.125, 13.75], "uv_size": [0.5, 0.25]},
								"south": {"uv": [10.125, 13.75], "uv_size": [1, 0.25]},
								"west": {"uv": [9.625, 13.75], "uv_size": [0.5, 0.25]},
								"up": {"uv": [8.625, 13.25], "uv_size": [1, 0.5]},
								"down": {"uv": [9.625, 13.75], "uv_size": [1, -0.5]}
							}
						}
					]
				},
				{
					"name": "bone5",
					"parent": "jaw",
					"pivot": [0, 29.7, -1.5],
					"cubes": [
						{
							"origin": [-3, 28.7, -3],
							"size": [6, 2, 3],
							"inflate": 0.22,
							"uv": {
								"north": {"uv": [8.75, 14.375], "uv_size": [0.75, 0.25]},
								"east": {"uv": [8.375, 14.375], "uv_size": [0.375, 0.25]},
								"south": {"uv": [9.875, 14.375], "uv_size": [0.75, 0.25]},
								"west": {"uv": [9.5, 14.375], "uv_size": [0.375, 0.25]},
								"up": {"uv": [8.75, 14], "uv_size": [0.75, 0.375]},
								"down": {"uv": [9.5, 14.375], "uv_size": [0.75, -0.375]}
							}
						}
					]
				},
				{
					"name": "headendo",
					"parent": "head",
					"pivot": [0, 31, 3]
				},
				{
					"name": "earR2",
					"parent": "headendo",
					"pivot": [2.55, 37.5, 1.5],
					"rotation": [0, 0, 75]
				},
				{
					"name": "earL",
					"parent": "headendo",
					"pivot": [-2.55, 37.5, 1.5],
					"rotation": [0, 0, -75]
				},
				{
					"name": "eyes",
					"parent": "headendo",
					"pivot": [-2, 28, 1]
				},
				{
					"name": "eyeL",
					"parent": "eyes",
					"pivot": [-2, 28, 1]
				},
				{
					"name": "pupil",
					"parent": "eyeL",
					"pivot": [-2, 35, -0.65]
				},
				{
					"name": "eyelid",
					"parent": "eyeL",
					"pivot": [-2, 35.55, 1]
				},
				{
					"name": "eyeR",
					"parent": "eyes",
					"pivot": [2, 28, 1]
				},
				{
					"name": "pupil2",
					"parent": "eyeR",
					"pivot": [2, 35, -0.65]
				},
				{
					"name": "eyelid2",
					"parent": "eyeR",
					"pivot": [2, 35.5, 1]
				},
				{
					"name": "bone14",
					"parent": "head",
					"pivot": [0, 35, 1]
				},
				{
					"name": "neck",
					"parent": "feddyHed",
					"pivot": [0, 20, 2]
				},
				{
					"name": "feddybod",
					"parent": "upperpart",
					"pivot": [0, 15, 2]
				},
				{
					"name": "bodysuit",
					"parent": "feddybod",
					"pivot": [0, 15, 2]
				},
				{
					"name": "Hatch",
					"parent": "bodysuit",
					"pivot": [-4, 20.75, -3]
				},
				{
					"name": "belly2",
					"parent": "bodysuit",
					"pivot": [-3.9, 22, -3]
				},
				{
					"name": "Bowtie",
					"parent": "belly2",
					"pivot": [0, 26.25533, -2.53824],
					"rotation": [-7.5, 0, 0]
				},
				{
					"name": "endobody",
					"parent": "feddybod",
					"pivot": [-0.28571, 22.53571, 1.31429]
				},
				{
					"name": "bone",
					"parent": "endobody",
					"pivot": [0, 23.5, -0.7]
				},
				{
					"name": "armL",
					"parent": "feddybod",
					"pivot": [-6, 26, 2],
					"rotation": [0, 0, 90]
				},
				{
					"name": "upper",
					"parent": "armL",
					"pivot": [-6, 25, 2]
				},
				{
					"name": "lower",
					"parent": "armL",
					"pivot": [-6, 20.5, 2]
				},
				{
					"name": "hand",
					"parent": "lower",
					"pivot": [-6, 14, 2]
				},
				{
					"name": "Gift",
					"parent": "hand",
					"pivot": [-5, 13, 2]
				},
				{
					"name": "fingers",
					"parent": "hand",
					"pivot": [-7, 12, 2]
				},
				{
					"name": "bone2",
					"parent": "hand",
					"pivot": [-7, 15, 0]
				},
				{
					"name": "thumb",
					"parent": "bone2",
					"pivot": [-7, 14, 0]
				},
				{
					"name": "item",
					"parent": "hand",
					"pivot": [-5, 13, -0.5]
				},
				{
					"name": "armR",
					"parent": "feddybod",
					"pivot": [6, 26, 2],
					"rotation": [0, 0, -90]
				},
				{
					"name": "upper2",
					"parent": "armR",
					"pivot": [6, 26, 2]
				},
				{
					"name": "lower2",
					"parent": "armR",
					"pivot": [6, 20.5, 2]
				},
				{
					"name": "hand2",
					"parent": "lower2",
					"pivot": [6, 15, 2]
				},
				{
					"name": "masktop2",
					"parent": "hand2",
					"pivot": [1, 15, 0.4],
					"rotation": [90, 0, 0]
				},
				{
					"name": "bone12",
					"parent": "masktop2",
					"pivot": [4, 10, -2]
				},
				{
					"name": "bone13",
					"parent": "masktop2",
					"pivot": [-2, 10, -2]
				},
				{
					"name": "eyebrows2",
					"parent": "masktop2",
					"pivot": [-2, 9.9, -3]
				},
				{
					"name": "eyebrowL2",
					"parent": "eyebrows2",
					"pivot": [-1, 17.4, -3.5]
				},
				{
					"name": "eyebrowR2",
					"parent": "eyebrows2",
					"pivot": [3, 17.4, -3.5]
				},
				{
					"name": "muzzle2",
					"parent": "masktop2",
					"pivot": [1, 5, -2]
				},
				{
					"name": "bone8",
					"parent": "muzzle2",
					"pivot": [-1, 15.5, 0],
					"rotation": [0, 5, 0]
				},
				{
					"name": "bone9",
					"parent": "bone8",
					"pivot": [-1, 15, -4.2],
					"rotation": [10.34527, 14.76689, 2.66399]
				},
				{
					"name": "bone10",
					"parent": "muzzle2",
					"pivot": [3, 15.5, 0],
					"rotation": [0, -5, 0]
				},
				{
					"name": "bone11",
					"parent": "bone10",
					"pivot": [3, 15, -4.2],
					"rotation": [10.34527, -14.76689, -2.66399]
				},
				{
					"name": "hat2",
					"parent": "masktop2",
					"pivot": [1, 19.5, 0]
				},
				{
					"name": "earR",
					"parent": "masktop2",
					"pivot": [3.55, 17.5, -0.5],
					"rotation": [0, 0, 75]
				},
				{
					"name": "earR3",
					"parent": "masktop2",
					"pivot": [-1.55, 17.5, -0.5],
					"rotation": [0, 0, -75]
				},
				{
					"name": "jaw2",
					"parent": "masktop2",
					"pivot": [1, 11, 0]
				},
				{
					"name": "fingers3",
					"parent": "hand2",
					"pivot": [7, 12, 2]
				},
				{
					"name": "fingers4",
					"parent": "fingers3",
					"pivot": [7, 10, 2]
				},
				{
					"name": "thumb4",
					"parent": "hand2",
					"pivot": [7, 15, 0]
				},
				{
					"name": "thumb3",
					"parent": "thumb4",
					"pivot": [7, 14, 0]
				},
				{
					"name": "belowpart",
					"parent": "feddy",
					"pivot": [0, 19, 2]
				},
				{
					"name": "pelvissuit",
					"parent": "belowpart",
					"pivot": [0, 17, 2]
				},
				{
					"name": "legL",
					"parent": "belowpart",
					"pivot": [-3, 15, 2]
				},
				{
					"name": "upper3",
					"parent": "legL",
					"pivot": [-3, 15, 2]
				},
				{
					"name": "lower3",
					"parent": "legL",
					"pivot": [-3, 8.5, 2]
				},
				{
					"name": "knee",
					"parent": "lower3",
					"pivot": [-3, 7.5, 0]
				},
				{
					"name": "foot",
					"parent": "lower3",
					"pivot": [-3, 2, 2]
				},
				{
					"name": "legR",
					"parent": "belowpart",
					"pivot": [3, 15, 2]
				},
				{
					"name": "upper4",
					"parent": "legR",
					"pivot": [3, 16, 2]
				},
				{
					"name": "lower4",
					"parent": "legR",
					"pivot": [3, 8.5, 2]
				},
				{
					"name": "knee2",
					"parent": "lower4",
					"pivot": [3, 7.5, 0]
				},
				{
					"name": "foot2",
					"parent": "lower4",
					"pivot": [3, 3, 2]
				}
			]
		}
	]
}