{
	"format_version": "1.12.0",
	"minecraft:geometry": [
		{
			"description": {
				"identifier": "geometry.fr_freddy_plush",
				"texture_width": 100,
				"texture_height": 100,
				"visible_bounds_width": 2,
				"visible_bounds_height": 2.5,
				"visible_bounds_offset": [0, 0.75, 0]
			},
			"bones": [
				{
					"name": "Plush",
					"pivot": [0, 3, 0.5],
					"cubes": [
						{
							"origin": [-3, 0, -2],
							"size": [6, 6, 5],
							"inflate": -0.01,
							"uv": {
								"north": {"uv": [9.375, 21.875], "uv_size": [9.375, 9.375]},
								"east": {"uv": [18.75, 21.875], "uv_size": [7.8125, 9.375]},
								"south": {"uv": [21.875, 10.9375], "uv_size": [9.375, 9.375]},
								"west": {"uv": [26.5625, 20.3125], "uv_size": [7.8125, 9.375]},
								"up": {"uv": [0, 29.6875], "uv_size": [9.375, 7.8125]},
								"down": {"uv": [26.5625, 37.5], "uv_size": [9.375, -7.8125]}
							}
						}
					]
				},
				{
					"name": "LegL",
					"parent": "Plush",
					"pivot": [-1.5, 1.5, 1],
					"cubes": [
						{
							"origin": [-3, 0, -5],
							"size": [3, 3, 6],
							"pivot": [-1.5, 1.5, 1],
							"rotation": [0, 12.5, 0],
							"uv": {
								"north": {"uv": [14.0625, 42.1875], "uv_size": [4.6875, 4.6875]},
								"east": {"uv": [34.375, 20.3125], "uv_size": [9.375, 4.6875]},
								"south": {"uv": [14.0625, 46.875], "uv_size": [4.6875, 4.6875]},
								"west": {"uv": [34.375, 25], "uv_size": [9.375, 4.6875]},
								"up": {"uv": [21.875, 31.25], "uv_size": [4.6875, 9.375]},
								"down": {"uv": [9.375, 45.3125], "uv_size": [4.6875, -9.375]}
							}
						}
					]
				},
				{
					"name": "LegR",
					"parent": "Plush",
					"pivot": [1.5, 1.5, 1],
					"cubes": [
						{
							"origin": [0, 0, -5],
							"size": [3, 3, 6],
							"pivot": [1.5, 1.5, 1],
							"rotation": [0, -12.5, 0],
							"uv": {
								"north": {"uv": [18.75, 42.1875], "uv_size": [-4.6875, 4.6875]},
								"east": {"uv": [43.75, 25], "uv_size": [-9.375, 4.6875]},
								"south": {"uv": [18.75, 46.875], "uv_size": [-4.6875, 4.6875]},
								"west": {"uv": [43.75, 20.3125], "uv_size": [-9.375, 4.6875]},
								"up": {"uv": [21.875, 40.625], "uv_size": [4.6875, -9.375]},
								"down": {"uv": [9.375, 45.3125], "uv_size": [4.6875, -9.375]}
							}
						}
					]
				},
				{
					"name": "armR",
					"parent": "Plush",
					"pivot": [2.5, 4.5, 1],
					"cubes": [
						{
							"origin": [1, 3, -3],
							"size": [3, 3, 5],
							"pivot": [2.5, 4.5, 1],
							"rotation": [0, -72.5, 17.5],
							"uv": {
								"north": {"uv": [18.75, 42.1875], "uv_size": [-4.6875, 4.6875]},
								"east": {"uv": [40.625, 0], "uv_size": [7.8125, 4.6875]},
								"south": {"uv": [25, 46.875], "uv_size": [4.6875, 4.6875]},
								"west": {"uv": [40.625, 4.6875], "uv_size": [7.8125, 4.6875]},
								"up": {"uv": [20.3125, 40.625], "uv_size": [4.6875, 7.8125]},
								"down": {"uv": [0, 50], "uv_size": [4.6875, -7.8125]}
							}
						}
					]
				},
				{
					"name": "armL",
					"parent": "Plush",
					"pivot": [-2.5, 4.5, 1],
					"cubes": [
						{
							"origin": [-4, 3, -3],
							"size": [3, 3, 5],
							"pivot": [-2.5, 4.5, 1],
							"rotation": [0, 72.5, -17.5],
							"uv": {
								"north": {"uv": [14.0625, 42.1875], "uv_size": [4.6875, 4.6875]},
								"east": {"uv": [40.625, 4.6875], "uv_size": [7.8125, 4.6875]},
								"south": {"uv": [25, 46.875], "uv_size": [4.6875, 4.6875]},
								"west": {"uv": [40.625, 0], "uv_size": [7.8125, 4.6875]},
								"up": {"uv": [25, 48.4375], "uv_size": [-4.6875, -7.8125]},
								"down": {"uv": [4.6875, 50], "uv_size": [-4.6875, -7.8125]}
							}
						}
					]
				},
				{
					"name": "tie",
					"parent": "Plush",
					"pivot": [0, 5, -2],
					"cubes": [
						{
							"origin": [-3, 3.8, -2.3],
							"size": [6, 2, 0],
							"pivot": [0, 5, -2],
							"rotation": [-10, 0, 0],
							"uv": {
								"north": {"uv": [43.75, 20.3125], "uv_size": [9.375, 3.125]},
								"east": {"uv": [0, 0], "uv_size": [0, 3.125]},
								"south": {"uv": [43.75, 23.4375], "uv_size": [9.375, 3.125]},
								"west": {"uv": [0, 0], "uv_size": [0, 3.125]},
								"up": {"uv": [0, 0], "uv_size": [9.375, 0]},
								"down": {"uv": [0, 0], "uv_size": [9.375, 0]}
							}
						}
					]
				},
				{
					"name": "head",
					"parent": "Plush",
					"pivot": [0.01086, 5.77766, 0.73327],
					"cubes": [
						{
							"origin": [-2, 12.7, -1],
							"size": [4, 1, 4],
							"uv": {
								"north": {"uv": [48.4375, 12.5], "uv_size": [6.25, 1.5625]},
								"east": {"uv": [23.4375, 51.5625], "uv_size": [6.25, 1.5625]},
								"south": {"uv": [51.5625, 45.3125], "uv_size": [6.25, 1.5625]},
								"west": {"uv": [51.5625, 46.875], "uv_size": [6.25, 1.5625]},
								"up": {"uv": [14.0625, 35.9375], "uv_size": [6.25, 6.25]},
								"down": {"uv": [35.9375, 45.3125], "uv_size": [6.25, -6.25]}
							}
						},
						{
							"origin": [-2.5, 9.2, -2],
							"size": [2, 2, 2],
							"uv": {
								"north": {"uv": [9.375, 18.75], "uv_size": [3.125, 3.125]},
								"east": {"uv": [32.8125, 42.1875], "uv_size": [3.125, 3.125]},
								"south": {"uv": [14.0625, 51.5625], "uv_size": [3.125, 3.125]},
								"west": {"uv": [0, 53.125], "uv_size": [3.125, 3.125]},
								"up": {"uv": [17.1875, 53.125], "uv_size": [3.125, 3.125]},
								"down": {"uv": [20.3125, 56.25], "uv_size": [3.125, -3.125]}
							}
						},
						{
							"origin": [-2.5, 9.1, -2],
							"size": [2, 2, 2],
							"inflate": 0.01,
							"uv": {
								"north": {"uv": [53.125, 20.3125], "uv_size": [3.125, 3.125]},
								"east": {"uv": [23.4375, 53.125], "uv_size": [3.125, 3.125]},
								"south": {"uv": [53.125, 23.4375], "uv_size": [3.125, 3.125]},
								"west": {"uv": [26.5625, 53.125], "uv_size": [3.125, 3.125]},
								"up": {"uv": [53.125, 26.5625], "uv_size": [3.125, 3.125]},
								"down": {"uv": [29.6875, 56.25], "uv_size": [3.125, -3.125]}
							}
						},
						{
							"origin": [0.5, 9.2, -2],
							"size": [2, 2, 2],
							"uv": {
								"north": {"uv": [32.8125, 53.125], "uv_size": [3.125, 3.125]},
								"east": {"uv": [35.9375, 53.125], "uv_size": [3.125, 3.125]},
								"south": {"uv": [39.0625, 53.125], "uv_size": [3.125, 3.125]},
								"west": {"uv": [53.125, 39.0625], "uv_size": [3.125, 3.125]},
								"up": {"uv": [42.1875, 53.125], "uv_size": [3.125, 3.125]},
								"down": {"uv": [53.125, 45.3125], "uv_size": [3.125, -3.125]}
							}
						},
						{
							"origin": [-2.5, 9.2, -2],
							"size": [2, 2, 2],
							"inflate": -0.01,
							"uv": {
								"north": {"uv": [35.9375, 53.125], "uv_size": [-3.125, 3.125]},
								"east": {"uv": [56.25, 39.0625], "uv_size": [-3.125, 3.125]},
								"south": {"uv": [42.1875, 53.125], "uv_size": [-3.125, 3.125]},
								"west": {"uv": [39.0625, 53.125], "uv_size": [-3.125, 3.125]},
								"up": {"uv": [42.1875, 56.25], "uv_size": [3.125, -3.125]},
								"down": {"uv": [53.125, 45.3125], "uv_size": [3.125, -3.125]}
							}
						},
						{
							"origin": [0.5, 9.1, -2],
							"size": [2, 2, 2],
							"uv": {
								"north": {"uv": [56.25, 20.3125], "uv_size": [-3.125, 3.125]},
								"east": {"uv": [26.5625, 53.125], "uv_size": [3.125, 3.125]},
								"south": {"uv": [53.125, 23.4375], "uv_size": [3.125, 3.125]},
								"west": {"uv": [23.4375, 53.125], "uv_size": [3.125, 3.125]},
								"up": {"uv": [56.25, 29.6875], "uv_size": [-3.125, -3.125]},
								"down": {"uv": [32.8125, 56.25], "uv_size": [-3.125, -3.125]}
							}
						},
						{
							"origin": [0.5, 11.3, -1.6],
							"size": [2, 1, 0],
							"pivot": [1.5, 12.3, -1.6],
							"rotation": [-45, 0, 0],
							"uv": {
								"north": {"uv": [40.625, 14.0625], "uv_size": [3.125, 1.5625]},
								"east": {"uv": [0, 0], "uv_size": [0, 1.5625]},
								"south": {"uv": [29.6875, 46.875], "uv_size": [3.125, 1.5625]},
								"west": {"uv": [0, 0], "uv_size": [0, 1.5625]},
								"up": {"uv": [0, 0], "uv_size": [3.125, 0]},
								"down": {"uv": [0, 0], "uv_size": [3.125, 0]}
							}
						},
						{
							"origin": [-2.5, 11.3, -1.6],
							"size": [2, 1, 0],
							"pivot": [-1.5, 12.3, -1.6],
							"rotation": [-45, 0, 0],
							"uv": {
								"north": {"uv": [40.625, 14.0625], "uv_size": [3.125, 1.5625]},
								"east": {"uv": [0, 0], "uv_size": [0, 1.5625]},
								"south": {"uv": [29.6875, 46.875], "uv_size": [3.125, 1.5625]},
								"west": {"uv": [0, 0], "uv_size": [0, 1.5625]},
								"up": {"uv": [3.125, 0], "uv_size": [-3.125, 0]},
								"down": {"uv": [3.125, 0], "uv_size": [-3.125, 0]}
							}
						},
						{
							"origin": [-5, 10.2, 0.5],
							"size": [3, 3, 1],
							"pivot": [-3, 11.3, 1],
							"rotation": [-0.47078, 0.05082, 7.48485],
							"uv": {
								"north": {"uv": [18.75, 48.4375], "uv_size": [4.6875, 4.6875]},
								"east": {"uv": [20.3125, 35.9375], "uv_size": [1.5625, 4.6875]},
								"south": {"uv": [29.6875, 48.4375], "uv_size": [4.6875, 4.6875]},
								"west": {"uv": [18.75, 42.1875], "uv_size": [1.5625, 4.6875]},
								"up": {"uv": [21.875, 20.3125], "uv_size": [4.6875, 1.5625]},
								"down": {"uv": [53.125, 53.125], "uv_size": [4.6875, -1.5625]}
							}
						},
						{
							"origin": [-1.5, 13.7, -0.5],
							"size": [3, 2, 3],
							"uv": {
								"north": {"uv": [4.6875, 42.1875], "uv_size": [4.6875, 3.125]},
								"east": {"uv": [0, 50], "uv_size": [4.6875, 3.125]},
								"south": {"uv": [4.6875, 51.5625], "uv_size": [4.6875, 3.125]},
								"west": {"uv": [9.375, 51.5625], "uv_size": [4.6875, 3.125]},
								"up": {"uv": [34.375, 48.4375], "uv_size": [4.6875, 4.6875]},
								"down": {"uv": [39.0625, 53.125], "uv_size": [4.6875, -4.6875]}
							}
						},
						{
							"origin": [2, 10.2, 0.5],
							"size": [3, 3, 1],
							"pivot": [3, 12.3, 1],
							"rotation": [-0.47078, -0.05082, -7.48485],
							"uv": {
								"north": {"uv": [23.4375, 48.4375], "uv_size": [-4.6875, 4.6875]},
								"east": {"uv": [18.75, 42.1875], "uv_size": [1.5625, 4.6875]},
								"south": {"uv": [29.6875, 48.4375], "uv_size": [4.6875, 4.6875]},
								"west": {"uv": [20.3125, 35.9375], "uv_size": [1.5625, 4.6875]},
								"up": {"uv": [26.5625, 21.875], "uv_size": [-4.6875, -1.5625]},
								"down": {"uv": [57.8125, 53.125], "uv_size": [-4.6875, -1.5625]}
							}
						},
						{
							"origin": [2.5, 10.2, 0.5],
							"size": [3, 3, 0],
							"pivot": [3, 12.3, 1],
							"rotation": [-0.47078, -0.05082, -7.48485],
							"uv": {
								"north": {"uv": [43.75, 48.4375], "uv_size": [4.6875, 4.6875]}
							}
						},
						{
							"origin": [-5.5, 10.2, 0.5],
							"size": [3, 3, 0],
							"pivot": [-3, 12.3, 1],
							"rotation": [-0.47078, 0.05082, 7.48485],
							"uv": {
								"north": {"uv": [48.4375, 48.4375], "uv_size": [-4.6875, 4.6875]}
							}
						},
						{
							"origin": [-3, 7, -3.5],
							"size": [6, 2, 2],
							"inflate": 0.2,
							"uv": {
								"north": {"uv": [43.75, 26.5625], "uv_size": [9.375, 3.125]},
								"east": {"uv": [45.3125, 53.125], "uv_size": [3.125, 3.125]},
								"south": {"uv": [4.6875, 45.3125], "uv_size": [9.375, 3.125]},
								"west": {"uv": [48.4375, 53.125], "uv_size": [3.125, 3.125]},
								"up": {"uv": [45.3125, 29.6875], "uv_size": [9.375, 3.125]},
								"down": {"uv": [32.8125, 48.4375], "uv_size": [9.375, -3.125]}
							}
						},
						{
							"origin": [-3, 6.9, -3.5],
							"size": [6, 2, 2],
							"uv": {
								"north": {"uv": [45.3125, 32.8125], "uv_size": [9.375, 3.125]},
								"east": {"uv": [53.125, 48.4375], "uv_size": [3.125, 3.125]},
								"south": {"uv": [45.3125, 35.9375], "uv_size": [9.375, 3.125]},
								"west": {"uv": [51.5625, 53.125], "uv_size": [3.125, 3.125]},
								"up": {"uv": [42.1875, 45.3125], "uv_size": [9.375, 3.125]},
								"down": {"uv": [48.4375, 3.125], "uv_size": [9.375, -3.125]}
							}
						},
						{
							"origin": [-1, 8.4, -3.7],
							"size": [2, 1, 2],
							"uv": {
								"north": {"uv": [9.375, 54.6875], "uv_size": [3.125, 1.5625]},
								"east": {"uv": [12.5, 54.6875], "uv_size": [3.125, 1.5625]},
								"south": {"uv": [54.6875, 12.5], "uv_size": [3.125, 1.5625]},
								"west": {"uv": [54.6875, 14.0625], "uv_size": [3.125, 1.5625]},
								"up": {"uv": [3.125, 54.6875], "uv_size": [3.125, 3.125]},
								"down": {"uv": [6.25, 57.8125], "uv_size": [3.125, -3.125]}
							}
						},
						{
							"origin": [-3, 9.7, -1.5],
							"size": [6, 3, 5],
							"uv": {
								"north": {"uv": [35.9375, 29.6875], "uv_size": [9.375, 4.6875]},
								"east": {"uv": [40.625, 9.375], "uv_size": [7.8125, 4.6875]},
								"south": {"uv": [35.9375, 34.375], "uv_size": [9.375, 4.6875]},
								"west": {"uv": [25, 42.1875], "uv_size": [7.8125, 4.6875]},
								"up": {"uv": [31.25, 0], "uv_size": [9.375, 7.8125]},
								"down": {"uv": [31.25, 15.625], "uv_size": [9.375, -7.8125]}
							}
						},
						{
							"origin": [-4, 6.7, -1.5],
							"size": [8, 3, 6],
							"uv": {
								"north": {"uv": [9.375, 31.25], "uv_size": [12.5, 4.6875]},
								"east": {"uv": [0, 37.5], "uv_size": [9.375, 4.6875]},
								"south": {"uv": [31.25, 15.625], "uv_size": [12.5, 4.6875]},
								"west": {"uv": [26.5625, 37.5], "uv_size": [9.375, 4.6875]},
								"up": {"uv": [0, 0], "uv_size": [12.5, 9.375]},
								"down": {"uv": [0, 18.75], "uv_size": [12.5, -9.375]}
							}
						}
					]
				},
				{
					"name": "bone",
					"parent": "head",
					"pivot": [0, 6.5, 3],
					"cubes": [
						{
							"origin": [-3, 5.5, -3.5],
							"size": [6, 2, 7],
							"uv": {
								"north": {"uv": [48.4375, 3.125], "uv_size": [9.375, 3.125]},
								"east": {"uv": [42.1875, 39.0625], "uv_size": [10.9375, 3.125]},
								"south": {"uv": [4.6875, 48.4375], "uv_size": [9.375, 3.125]},
								"west": {"uv": [42.1875, 42.1875], "uv_size": [10.9375, 3.125]},
								"up": {"uv": [12.5, 0], "uv_size": [9.375, 10.9375]},
								"down": {"uv": [12.5, 21.875], "uv_size": [9.375, -10.9375]}
							}
						},
						{
							"origin": [-3, 5.9, -3.5],
							"size": [6, 2, 7],
							"inflate": -0.01,
							"uv": {
								"north": {"uv": [48.4375, 6.25], "uv_size": [9.375, 3.125]},
								"east": {"uv": [43.75, 14.0625], "uv_size": [10.9375, 3.125]},
								"south": {"uv": [48.4375, 9.375], "uv_size": [9.375, 3.125]},
								"west": {"uv": [43.75, 17.1875], "uv_size": [10.9375, 3.125]},
								"up": {"uv": [0, 18.75], "uv_size": [9.375, 10.9375]},
								"down": {"uv": [21.875, 10.9375], "uv_size": [9.375, -10.9375]}
							}
						}
					]
				}
			]
		}
	]
}