{
	"format_version": "1.21.0",
	"minecraft:geometry": [
		{
			"description": {
				"identifier": "geometry.fr_foxy_plush",
				"texture_width": 100,
				"texture_height": 100,
				"visible_bounds_width": 3,
				"visible_bounds_height": 2.5,
				"visible_bounds_offset": [0, 0.75, 0]
			},
			"bones": [
				{
					"name": "Plush",
					"pivot": [0, 3, 2.5],
					"cubes": [
						{
							"origin": [-3, 0, 0],
							"size": [6, 6, 5],
							"inflate": -0.01,
							"uv": {
								"north": {"uv": [7.8125, 7.8125], "uv_size": [9.375, 9.375]},
								"east": {"uv": [0, 7.8125], "uv_size": [7.8125, 9.375]},
								"south": {"uv": [25, 7.8125], "uv_size": [9.375, 9.375]},
								"west": {"uv": [17.1875, 7.8125], "uv_size": [7.8125, 9.375]},
								"up": {"uv": [7.8125, 0], "uv_size": [9.375, 7.8125]},
								"down": {"uv": [17.1875, 7.8125], "uv_size": [9.375, -7.8125]}
							}
						}
					]
				},
				{
					"name": "LegL",
					"parent": "Plush",
					"pivot": [-1.5, 1.5, 3],
					"cubes": [
						{
							"origin": [-3, 0, -3],
							"size": [3, 3, 6],
							"pivot": [-1.5, 1.5, 3],
							"rotation": [0, 12.5, 0],
							"uv": {
								"north": {"uv": [9.375, 43.75], "uv_size": [4.6875, 4.6875]},
								"east": {"uv": [0, 43.75], "uv_size": [9.375, 4.6875]},
								"south": {"uv": [23.4375, 43.75], "uv_size": [4.6875, 4.6875]},
								"west": {"uv": [14.0625, 43.75], "uv_size": [9.375, 4.6875]},
								"up": {"uv": [9.375, 34.375], "uv_size": [4.6875, 9.375]},
								"down": {"uv": [14.0625, 43.75], "uv_size": [4.6875, -9.375]}
							}
						},
						{
							"origin": [-3, 0, -3],
							"size": [3, 3, 6],
							"inflate": 0.1,
							"pivot": [-1.5, 1.5, 3],
							"rotation": [0, 12.5, 0],
							"uv": {
								"north": {"uv": [50, 51.5625], "uv_size": [4.6875, 4.6875]},
								"east": {"uv": [28.125, 51.5625], "uv_size": [9.375, 4.6875]},
								"south": {"uv": [0, 53.125], "uv_size": [4.6875, 4.6875]},
								"west": {"uv": [28.125, 51.5625], "uv_size": [9.375, 4.6875]},
								"up": {"uv": [37.5, 56.25], "uv_size": [-9.375, -4.6875]},
								"down": {"uv": [37.5, 56.25], "uv_size": [-9.375, -4.6875]}
							}
						}
					]
				},
				{
					"name": "LegR",
					"parent": "Plush",
					"pivot": [1.5, 1.5, 3],
					"cubes": [
						{
							"origin": [0, 0, -3],
							"size": [3, 3, 6],
							"pivot": [1.5, 1.5, 3],
							"rotation": [0, -12.5, 0],
							"uv": {
								"north": {"uv": [14.0625, 43.75], "uv_size": [-4.6875, 4.6875]},
								"east": {"uv": [23.4375, 43.75], "uv_size": [-9.375, 4.6875]},
								"south": {"uv": [28.125, 43.75], "uv_size": [-4.6875, 4.6875]},
								"west": {"uv": [9.375, 43.75], "uv_size": [-9.375, 4.6875]},
								"up": {"uv": [14.0625, 34.375], "uv_size": [-4.6875, 9.375]},
								"down": {"uv": [18.75, 43.75], "uv_size": [-4.6875, -9.375]}
							}
						},
						{
							"origin": [0, 0, -3],
							"size": [3, 3, 6],
							"inflate": 0.1,
							"pivot": [1.5, 1.5, 3],
							"rotation": [0, -12.5, 0],
							"uv": {
								"north": {"uv": [54.6875, 51.5625], "uv_size": [-4.6875, 4.6875]},
								"east": {"uv": [28.125, 56.25], "uv_size": [9.375, -4.6875]},
								"south": {"uv": [4.6875, 53.125], "uv_size": [-4.6875, 4.6875]},
								"west": {"uv": [28.125, 51.5625], "uv_size": [9.375, 4.6875]},
								"up": {"uv": [28.125, 56.25], "uv_size": [9.375, -4.6875]},
								"down": {"uv": [28.125, 56.25], "uv_size": [9.375, -4.6875]}
							}
						}
					]
				},
				{
					"name": "armR",
					"parent": "Plush",
					"pivot": [2.5, 4.5, 3],
					"cubes": [
						{
							"origin": [1, 3, -1],
							"size": [3, 3, 5],
							"pivot": [2.5, 4.5, 3],
							"rotation": [0, -72.5, 17.5],
							"uv": {
								"north": {"uv": [46.875, 7.8125], "uv_size": [-4.6875, 4.6875]},
								"east": {"uv": [54.6875, 7.8125], "uv_size": [-7.8125, 4.6875]},
								"south": {"uv": [59.375, 7.8125], "uv_size": [-4.6875, 4.6875]},
								"west": {"uv": [42.1875, 7.8125], "uv_size": [-7.8125, 4.6875]},
								"up": {"uv": [46.875, 0], "uv_size": [-4.6875, 7.8125]},
								"down": {"uv": [51.5625, 7.8125], "uv_size": [-4.6875, -7.8125]}
							}
						}
					]
				},
				{
					"name": "armL",
					"parent": "Plush",
					"pivot": [-2.5, 4.5, 3],
					"cubes": [
						{
							"origin": [-4, 3, -1],
							"size": [3, 3, 5],
							"pivot": [-2.5, 4.5, 3],
							"rotation": [0, 72.5, -17.5],
							"uv": {
								"north": {"uv": [42.1875, 7.8125], "uv_size": [4.6875, 4.6875]},
								"east": {"uv": [34.375, 7.8125], "uv_size": [7.8125, 4.6875]},
								"south": {"uv": [54.6875, 7.8125], "uv_size": [4.6875, 4.6875]},
								"west": {"uv": [46.875, 7.8125], "uv_size": [7.8125, 4.6875]},
								"up": {"uv": [42.1875, 0], "uv_size": [4.6875, 7.8125]},
								"down": {"uv": [46.875, 7.8125], "uv_size": [4.6875, -7.8125]}
							}
						},
						{
							"origin": [-4, 3, -1],
							"size": [3, 3, 1],
							"inflate": 0.2,
							"pivot": [-2.5, 4.5, 3],
							"rotation": [0, 72.5, -17.5],
							"uv": {
								"north": {"uv": [4.6875, 53.125], "uv_size": [4.6875, 4.6875]},
								"east": {"uv": [9.375, 53.125], "uv_size": [1.5625, 4.6875]},
								"south": {"uv": [4.6875, 53.125], "uv_size": [4.6875, 4.6875]},
								"west": {"uv": [9.375, 53.125], "uv_size": [1.5625, 4.6875]},
								"up": {"uv": [10.9375, 53.125], "uv_size": [4.6875, 1.5625]},
								"down": {"uv": [15.625, 54.6875], "uv_size": [-4.6875, -1.5625]}
							}
						}
					]
				},
				{
					"name": "bone",
					"parent": "armL",
					"pivot": [-7.64606, 2.87745, 1.82298],
					"rotation": [0.68275, -20.66657, -18.40888],
					"cubes": [
						{
							"origin": [-7, 0.2, -0.5],
							"size": [0, 5, 4],
							"pivot": [-7.64606, 2.87745, 1.82298],
							"rotation": [0, 90, 0],
							"uv": {
								"north": {"uv": [40.625, 18.75], "uv_size": [0, 7.8125]},
								"east": {"uv": [34.375, 18.75], "uv_size": [6.25, 7.8125]},
								"south": {"uv": [46.875, 18.75], "uv_size": [0, 7.8125]},
								"west": {"uv": [40.625, 18.75], "uv_size": [6.25, 7.8125]},
								"up": {"uv": [40.625, 12.5], "uv_size": [0, 6.25]},
								"down": {"uv": [40.625, 18.75], "uv_size": [0, -6.25]}
							}
						}
					]
				},
				{
					"name": "tie",
					"parent": "Plush",
					"pivot": [0, 5, 0]
				},
				{
					"name": "head",
					"parent": "Plush",
					"pivot": [0.01086, 5.77766, 2.73327],
					"cubes": [
						{
							"origin": [0.5, 8.5, -0.5],
							"size": [2, 2, 2],
							"uv": {
								"north": {"uv": [31.25, 37.5], "uv_size": [3.125, 3.125]},
								"east": {"uv": [28.125, 37.5], "uv_size": [3.125, 3.125]},
								"south": {"uv": [37.5, 37.5], "uv_size": [3.125, 3.125]},
								"west": {"uv": [34.375, 37.5], "uv_size": [3.125, 3.125]},
								"up": {"uv": [31.25, 34.375], "uv_size": [3.125, 3.125]},
								"down": {"uv": [34.375, 37.5], "uv_size": [3.125, -3.125]}
							}
						},
						{
							"origin": [0.5, 8.6, -0.5],
							"size": [2, 2, 2],
							"uv": {
								"north": {"uv": [31.25, 43.75], "uv_size": [3.125, 3.125]},
								"east": {"uv": [28.125, 43.75], "uv_size": [3.125, 3.125]},
								"south": {"uv": [37.5, 43.75], "uv_size": [3.125, 3.125]},
								"west": {"uv": [34.375, 43.75], "uv_size": [3.125, 3.125]},
								"up": {"uv": [31.25, 40.625], "uv_size": [3.125, 3.125]},
								"down": {"uv": [34.375, 43.75], "uv_size": [3.125, -3.125]}
							}
						},
						{
							"origin": [-2.5, 8.5, -0.5],
							"size": [2, 2, 1],
							"uv": {
								"north": {"uv": [48.4375, 21.875], "uv_size": [3.125, 3.125]},
								"east": {"uv": [46.875, 21.875], "uv_size": [1.5625, 3.125]},
								"south": {"uv": [53.125, 21.875], "uv_size": [3.125, 3.125]},
								"west": {"uv": [51.5625, 21.875], "uv_size": [1.5625, 3.125]},
								"up": {"uv": [48.4375, 20.3125], "uv_size": [3.125, 1.5625]},
								"down": {"uv": [51.5625, 21.875], "uv_size": [3.125, -1.5625]}
							}
						},
						{
							"origin": [-2.5, 8.6, -0.11],
							"size": [2, 2, 1],
							"uv": {
								"north": {"uv": [29.6875, 48.4375], "uv_size": [3.125, 3.125]},
								"east": {"uv": [28.125, 48.4375], "uv_size": [1.5625, 3.125]},
								"south": {"uv": [34.375, 48.4375], "uv_size": [3.125, 3.125]},
								"west": {"uv": [32.8125, 48.4375], "uv_size": [1.5625, 3.125]},
								"up": {"uv": [29.6875, 46.875], "uv_size": [3.125, 1.5625]},
								"down": {"uv": [32.8125, 48.4375], "uv_size": [3.125, -1.5625]}
							}
						},
						{
							"origin": [0.5, 10.7, -0.01],
							"size": [2, 1, 0],
							"pivot": [1.5, 11.7, -0.01],
							"rotation": [-40, 0, 0],
							"uv": {
								"north": {"uv": [53.125, 50], "uv_size": [-3.125, 1.5625]},
								"east": {"uv": [53.125, 50], "uv_size": [0, 1.5625]},
								"south": {"uv": [56.25, 50], "uv_size": [-3.125, 1.5625]},
								"west": {"uv": [50, 50], "uv_size": [0, 1.5625]},
								"up": {"uv": [53.125, 50], "uv_size": [-3.125, 0]},
								"down": {"uv": [56.25, 50], "uv_size": [-3.125, 0]}
							}
						},
						{
							"origin": [-2.5, 10.7, -0.01],
							"size": [2, 1, 0],
							"pivot": [-1.5, 11.7, -0.01],
							"rotation": [-40, 0, 0],
							"uv": {
								"north": {"uv": [50, 50], "uv_size": [3.125, 1.5625]},
								"east": {"uv": [50, 50], "uv_size": [0, 1.5625]},
								"south": {"uv": [53.125, 50], "uv_size": [3.125, 1.5625]},
								"west": {"uv": [53.125, 50], "uv_size": [0, 1.5625]},
								"up": {"uv": [50, 50], "uv_size": [3.125, 0]},
								"down": {"uv": [53.125, 50], "uv_size": [3.125, 0]}
							}
						},
						{
							"origin": [-1, 6.5, -3],
							"size": [2, 2, 2],
							"uv": {
								"north": {"uv": [43.75, 34.375], "uv_size": [3.125, 3.125]},
								"east": {"uv": [40.625, 34.375], "uv_size": [3.125, 3.125]},
								"south": {"uv": [50, 34.375], "uv_size": [3.125, 3.125]},
								"west": {"uv": [46.875, 34.375], "uv_size": [3.125, 3.125]},
								"up": {"uv": [43.75, 31.25], "uv_size": [3.125, 3.125]},
								"down": {"uv": [46.875, 34.375], "uv_size": [3.125, -3.125]}
							}
						},
						{
							"origin": [-1, 7.8, -3.2],
							"size": [2, 1, 1],
							"inflate": -0.1,
							"uv": {
								"north": {"uv": [51.5625, 26.5625], "uv_size": [3.125, 1.5625]},
								"east": {"uv": [50, 26.5625], "uv_size": [1.5625, 1.5625]},
								"south": {"uv": [56.25, 26.5625], "uv_size": [3.125, 1.5625]},
								"west": {"uv": [54.6875, 26.5625], "uv_size": [1.5625, 1.5625]},
								"up": {"uv": [51.5625, 25], "uv_size": [3.125, 1.5625]},
								"down": {"uv": [54.6875, 26.5625], "uv_size": [3.125, -1.5625]}
							}
						},
						{
							"origin": [-2, 6.5, -1],
							"size": [4, 2, 1],
							"uv": {
								"north": {"uv": [35.9375, 28.125], "uv_size": [6.25, 3.125]},
								"east": {"uv": [34.375, 28.125], "uv_size": [1.5625, 3.125]},
								"south": {"uv": [43.75, 28.125], "uv_size": [6.25, 3.125]},
								"west": {"uv": [42.1875, 28.125], "uv_size": [1.5625, 3.125]},
								"up": {"uv": [35.9375, 26.5625], "uv_size": [6.25, 1.5625]},
								"down": {"uv": [42.1875, 28.125], "uv_size": [6.25, -1.5625]}
							}
						},
						{
							"origin": [-2, 5.9, -1],
							"size": [4, 1, 1],
							"inflate": 0.1,
							"uv": {
								"north": {"uv": [42.1875, 39.0625], "uv_size": [6.25, 1.5625]},
								"east": {"uv": [40.625, 39.0625], "uv_size": [1.5625, 1.5625]},
								"south": {"uv": [50, 39.0625], "uv_size": [6.25, 1.5625]},
								"west": {"uv": [48.4375, 39.0625], "uv_size": [1.5625, 1.5625]},
								"up": {"uv": [42.1875, 37.5], "uv_size": [6.25, 1.5625]},
								"down": {"uv": [48.4375, 39.0625], "uv_size": [6.25, -1.5625]}
							}
						},
						{
							"origin": [-1, 5.9, -3],
							"size": [2, 1, 2],
							"inflate": 0.1,
							"uv": {
								"north": {"uv": [43.75, 43.75], "uv_size": [3.125, 1.5625]},
								"east": {"uv": [40.625, 43.75], "uv_size": [3.125, 1.5625]},
								"south": {"uv": [50, 43.75], "uv_size": [3.125, 1.5625]},
								"west": {"uv": [46.875, 43.75], "uv_size": [3.125, 1.5625]},
								"up": {"uv": [43.75, 40.625], "uv_size": [3.125, 3.125]},
								"down": {"uv": [46.875, 43.75], "uv_size": [3.125, -3.125]}
							}
						},
						{
							"origin": [-1.1, 6.2, -3.31],
							"size": [1, 1, 1],
							"inflate": -0.1,
							"uv": {
								"north": {"uv": [35.9375, 32.8125], "uv_size": [1.5625, 1.5625]},
								"east": {"uv": [34.375, 32.8125], "uv_size": [1.5625, 1.5625]},
								"south": {"uv": [39.0625, 32.8125], "uv_size": [1.5625, 1.5625]},
								"west": {"uv": [37.5, 32.8125], "uv_size": [1.5625, 1.5625]},
								"up": {"uv": [35.9375, 31.25], "uv_size": [1.5625, 1.5625]},
								"down": {"uv": [37.5, 32.8125], "uv_size": [1.5625, -1.5625]}
							}
						},
						{
							"origin": [0.1, 6.2, -3.31],
							"size": [1, 1, 1],
							"inflate": -0.1,
							"uv": {
								"north": {"uv": [39.0625, 51.5625], "uv_size": [1.5625, 1.5625]},
								"east": {"uv": [37.5, 51.5625], "uv_size": [1.5625, 1.5625]},
								"south": {"uv": [42.1875, 51.5625], "uv_size": [1.5625, 1.5625]},
								"west": {"uv": [40.625, 51.5625], "uv_size": [1.5625, 1.5625]},
								"up": {"uv": [39.0625, 50], "uv_size": [1.5625, 1.5625]},
								"down": {"uv": [40.625, 51.5625], "uv_size": [1.5625, -1.5625]}
							}
						},
						{
							"origin": [3, 6.5, 2.5],
							"size": [3, 2, 0],
							"uv": {
								"north": {"uv": [50, 28.125], "uv_size": [4.6875, 3.125]},
								"east": {"uv": [50, 28.125], "uv_size": [0, 3.125]},
								"south": {"uv": [54.6875, 28.125], "uv_size": [4.6875, 3.125]},
								"west": {"uv": [54.6875, 28.125], "uv_size": [0, 3.125]},
								"up": {"uv": [50, 28.125], "uv_size": [4.6875, 0]},
								"down": {"uv": [54.6875, 28.125], "uv_size": [4.6875, 0]}
							}
						},
						{
							"origin": [-6, 6.5, 2.5],
							"size": [3, 2, 0],
							"uv": {
								"north": {"uv": [54.6875, 28.125], "uv_size": [-4.6875, 3.125]},
								"east": {"uv": [54.6875, 28.125], "uv_size": [0, 3.125]},
								"south": {"uv": [59.375, 28.125], "uv_size": [-4.6875, 3.125]},
								"west": {"uv": [50, 28.125], "uv_size": [0, 3.125]},
								"up": {"uv": [54.6875, 28.125], "uv_size": [-4.6875, 0]},
								"down": {"uv": [59.375, 28.125], "uv_size": [-4.6875, 0]}
							}
						},
						{
							"origin": [-3, 6, 0],
							"size": [6, 6, 5],
							"uv": {
								"north": {"uv": [7.8125, 25], "uv_size": [9.375, 9.375]},
								"east": {"uv": [0, 25], "uv_size": [7.8125, 9.375]},
								"south": {"uv": [25, 25], "uv_size": [9.375, 9.375]},
								"west": {"uv": [17.1875, 25], "uv_size": [7.8125, 9.375]},
								"up": {"uv": [7.8125, 17.1875], "uv_size": [9.375, 7.8125]},
								"down": {"uv": [17.1875, 25], "uv_size": [9.375, -7.8125]}
							}
						},
						{
							"origin": [-1.5, 11.5, 2.5],
							"size": [3, 3, 0],
							"uv": {
								"north": {"uv": [0, 48.4375], "uv_size": [4.6875, 4.6875]},
								"east": {"uv": [0, 48.4375], "uv_size": [0, 4.6875]},
								"south": {"uv": [4.6875, 48.4375], "uv_size": [4.6875, 4.6875]},
								"west": {"uv": [4.6875, 48.4375], "uv_size": [0, 4.6875]},
								"up": {"uv": [0, 48.4375], "uv_size": [4.6875, 0]},
								"down": {"uv": [4.6875, 48.4375], "uv_size": [4.6875, 0]}
							}
						},
						{
							"origin": [-5, 6, 0],
							"size": [2, 1, 2],
							"uv": {
								"north": {"uv": [43.75, 48.4375], "uv_size": [3.125, 1.5625]},
								"east": {"uv": [40.625, 48.4375], "uv_size": [3.125, 1.5625]},
								"south": {"uv": [50, 48.4375], "uv_size": [3.125, 1.5625]},
								"west": {"uv": [46.875, 48.4375], "uv_size": [3.125, 1.5625]},
								"up": {"uv": [43.75, 45.3125], "uv_size": [3.125, 3.125]},
								"down": {"uv": [46.875, 48.4375], "uv_size": [3.125, -3.125]}
							}
						},
						{
							"origin": [3, 6, 0],
							"size": [2, 1, 2],
							"uv": {
								"north": {"uv": [46.875, 48.4375], "uv_size": [-3.125, 1.5625]},
								"east": {"uv": [50, 48.4375], "uv_size": [-3.125, 1.5625]},
								"south": {"uv": [53.125, 48.4375], "uv_size": [-3.125, 1.5625]},
								"west": {"uv": [43.75, 48.4375], "uv_size": [-3.125, 1.5625]},
								"up": {"uv": [46.875, 45.3125], "uv_size": [-3.125, 3.125]},
								"down": {"uv": [50, 48.4375], "uv_size": [-3.125, -3.125]}
							}
						},
						{
							"origin": [1.5, 11, 2.5],
							"size": [3, 5, 0.1],
							"pivot": [3, 12, 2.5],
							"rotation": [10, 0, 35],
							"uv": {
								"north": {"uv": [51.5625, 12.5], "uv_size": [-4.6875, 7.8125]},
								"south": {"uv": [56.25, 12.5], "uv_size": [-4.6875, 7.8125]}
							}
						},
						{
							"origin": [-4.5, 11, 2.4],
							"size": [3, 5, 0.1],
							"pivot": [-3, 12, 2.5],
							"rotation": [17.35932, 2.24944, -39.65656],
							"uv": {
								"north": {"uv": [46.875, 12.5], "uv_size": [4.6875, 7.8125]},
								"south": {"uv": [51.5625, 12.5], "uv_size": [4.6875, 7.8125]}
							}
						},
						{
							"origin": [-4, 7.5, 0],
							"size": [1, 1, 2],
							"uv": {
								"north": {"uv": [12.5, 51.5625], "uv_size": [1.5625, 1.5625]},
								"east": {"uv": [9.375, 51.5625], "uv_size": [3.125, 1.5625]},
								"south": {"uv": [17.1875, 51.5625], "uv_size": [1.5625, 1.5625]},
								"west": {"uv": [14.0625, 51.5625], "uv_size": [3.125, 1.5625]},
								"up": {"uv": [12.5, 48.4375], "uv_size": [1.5625, 3.125]},
								"down": {"uv": [14.0625, 51.5625], "uv_size": [1.5625, -3.125]}
							}
						},
						{
							"origin": [3, 7.5, 0],
							"size": [1, 1, 2],
							"uv": {
								"north": {"uv": [14.0625, 51.5625], "uv_size": [-1.5625, 1.5625]},
								"east": {"uv": [17.1875, 51.5625], "uv_size": [-3.125, 1.5625]},
								"south": {"uv": [18.75, 51.5625], "uv_size": [-1.5625, 1.5625]},
								"west": {"uv": [12.5, 51.5625], "uv_size": [-3.125, 1.5625]},
								"up": {"uv": [14.0625, 48.4375], "uv_size": [-1.5625, 3.125]},
								"down": {"uv": [15.625, 51.5625], "uv_size": [-1.5625, -3.125]}
							}
						}
					]
				},
				{
					"name": "bone3",
					"parent": "head",
					"pivot": [-3, 12, 2],
					"rotation": [-2.5, 0, -49.7953],
					"cubes": [
						{
							"origin": [-3.5, 13, 1.5],
							"size": [1, 1, 1],
							"uv": {
								"north": {"uv": [45.3125, 51.5625], "uv_size": [1.5625, 1.5625]},
								"east": {"uv": [43.75, 51.5625], "uv_size": [1.5625, 1.5625]},
								"south": {"uv": [48.4375, 51.5625], "uv_size": [1.5625, 1.5625]},
								"west": {"uv": [46.875, 51.5625], "uv_size": [1.5625, 1.5625]},
								"up": {"uv": [45.3125, 50], "uv_size": [1.5625, 1.5625]},
								"down": {"uv": [46.875, 51.5625], "uv_size": [1.5625, -1.5625]}
							}
						},
						{
							"origin": [-4, 11, 1.5],
							"size": [2, 2, 1],
							"uv": {
								"north": {"uv": [20.3125, 50], "uv_size": [3.125, 3.125]},
								"east": {"uv": [18.75, 50], "uv_size": [1.5625, 3.125]},
								"south": {"uv": [25, 50], "uv_size": [3.125, 3.125]},
								"west": {"uv": [23.4375, 50], "uv_size": [1.5625, 3.125]},
								"up": {"uv": [20.3125, 48.4375], "uv_size": [3.125, 1.5625]},
								"down": {"uv": [23.4375, 50], "uv_size": [3.125, -1.5625]}
							}
						}
					]
				},
				{
					"name": "bone2",
					"parent": "head",
					"pivot": [3, 12, 2],
					"rotation": [-2.5, 0, 49.7953],
					"cubes": [
						{
							"origin": [2.5, 13, 1.5],
							"size": [1, 1, 1],
							"uv": {
								"north": {"uv": [46.875, 51.5625], "uv_size": [-1.5625, 1.5625]},
								"east": {"uv": [48.4375, 51.5625], "uv_size": [-1.5625, 1.5625]},
								"south": {"uv": [50, 51.5625], "uv_size": [-1.5625, 1.5625]},
								"west": {"uv": [45.3125, 51.5625], "uv_size": [-1.5625, 1.5625]},
								"up": {"uv": [46.875, 50], "uv_size": [-1.5625, 1.5625]},
								"down": {"uv": [48.4375, 51.5625], "uv_size": [-1.5625, -1.5625]}
							}
						},
						{
							"origin": [2, 11, 1.5],
							"size": [2, 2, 1],
							"uv": {
								"north": {"uv": [23.4375, 50], "uv_size": [-3.125, 3.125]},
								"east": {"uv": [25, 50], "uv_size": [-1.5625, 3.125]},
								"south": {"uv": [28.125, 50], "uv_size": [-3.125, 3.125]},
								"west": {"uv": [20.3125, 50], "uv_size": [-1.5625, 3.125]},
								"up": {"uv": [23.4375, 48.4375], "uv_size": [-3.125, 1.5625]},
								"down": {"uv": [26.5625, 50], "uv_size": [-3.125, -1.5625]}
							}
						}
					]
				}
			]
		}
	]
}