{
	"format_version": "1.12.0",
	"minecraft:geometry": [
		{
			"description": {
				"identifier": "geometry.pirate_cove_lights_vfx_fix",
				"texture_width": 16,
				"texture_height": 16,
				"visible_bounds_width": 3,
				"visible_bounds_height": 2.5,
				"visible_bounds_offset": [0, 0.75, 0]
			},
			"bones": [
				{
					"name": "bb_main",
					"pivot": [0, 0, 0],
					"cubes": [
						{
							"origin": [-14, -5, 0],
							"size": [28, 27, 0],
							"uv": {
								"north": {"uv": [4.75, 8.25], "uv_size": [7.5, -6.25]}
							}
						},
						{
							"origin": [-14, -5, 0.1],
							"size": [28, 27, 0],
							"pivot": [0, 8.5, 0.1],
							"rotation": [0, 180, 0],
							"uv": {
								"north": {"uv": [4.75, 8.25], "uv_size": [7.5, -6.25]}
							}
						},
						{
							"origin": [-5, -2, -1],
							"size": [10, 7, 0],
							"uv": {
								"north": {"uv": [0.75, 12.5], "uv_size": [4, 2]}
							}
						},
						{
							"origin": [-5, -2, 1],
							"size": [10, 7, 0],
							"pivot": [0, 1.5, 1],
							"rotation": [0, 180, 0],
							"uv": {
								"north": {"uv": [0.75, 12.5], "uv_size": [4, 2]}
							}
						}
					]
				}
			]
		}
	]
}