{
	"format_version": "1.12.0",
	"minecraft:geometry": [
		{
			"description": {
				"identifier": "geometry.thin_door_frame",
				"texture_width": 16,
				"texture_height": 16,
				"visible_bounds_width": 3,
				"visible_bounds_height": 4.5,
				"visible_bounds_offset": [0, 1.75, 0]
			},
			"bones": [
				{
					"name": "bb_main",
					"pivot": [0, 0, 0],
					"cubes": [
						{
							"origin": [-1, -1, -4],
							"size": [2, 2, 2],
							"uv": {}
						},
						{
							"origin": [-1, -1, -4],
							"size": [2, 2, 2],
							"uv": {}
						},
						{
							"origin": [-1, -1, -4],
							"size": [2, 2, 2],
							"uv": {}
						},
						{
							"origin": [-1, 16, -4],
							"size": [2, 2, 2],
							"uv": {}
						},
						{
							"origin": [-1, 16, -4],
							"size": [2, 2, 2],
							"uv": {}
						},
						{
							"origin": [-1, 16, -4],
							"size": [2, 2, 2],
							"uv": {}
						},
						{
							"origin": [-1, -1, -4],
							"size": [2, 2, 2],
							"uv": {}
						}
					]
				},
				{
					"name": "bone3",
					"pivot": [-24, 17, 7]
				},
				{
					"name": "bone4",
					"pivot": [-23, -15, 7],
					"cubes": [
						{
							"origin": [-9, -1, 4],
							"size": [2, 17, 5],
							"uv": {
								"north": {"uv": [14, 0.75], "uv_size": [0.5, 4.25], "material_instance": "window"},
								"east": {"uv": [14.5, 0.75], "uv_size": [1.25, 4], "material_instance": "window"},
								"south": {"uv": [14.5, 0.75], "uv_size": [-0.5, 4.25], "material_instance": "window"},
								"west": {"uv": [14.5, 0.75], "uv_size": [1.25, 4.25], "material_instance": "window"},
								"up": {"uv": [9.25, 7.25], "uv_size": [0.5, 1.25], "material_instance": "window"},
								"down": {"uv": [8.25, 10.5], "uv_size": [0.5, -1.25], "material_instance": "window"}
							}
						},
						{
							"origin": [-9, 16, 4],
							"size": [2, 17, 5],
							"uv": {
								"north": {"uv": [14, 0.75], "uv_size": [0.5, 4.25], "material_instance": "window"},
								"east": {"uv": [14.5, 0.75], "uv_size": [1.25, 4], "material_instance": "window"},
								"south": {"uv": [14.5, 0.75], "uv_size": [-0.5, 4.25], "material_instance": "window"},
								"west": {"uv": [14.5, 0.75], "uv_size": [1.25, 4.25], "material_instance": "window"},
								"up": {"uv": [9.25, 7.25], "uv_size": [0.5, 1.25], "material_instance": "window"},
								"down": {"uv": [8.25, 10.5], "uv_size": [0.5, -1.25], "material_instance": "window"}
							}
						}
					]
				},
				{
					"name": "bone2",
					"pivot": [-24, 17, 7],
					"cubes": [
						{
							"origin": [23, -1, 4],
							"size": [2, 17, 5],
							"uv": {
								"north": {"uv": [14, 0.75], "uv_size": [0.5, 4.25], "material_instance": "window"},
								"east": {"uv": [14.5, 0.75], "uv_size": [1.25, 4.25], "material_instance": "window"},
								"south": {"uv": [14.5, 0.75], "uv_size": [-0.5, 4.25], "material_instance": "window"},
								"west": {"uv": [14.5, 0.75], "uv_size": [1.25, 4.25], "material_instance": "window"},
								"up": {"uv": [6, 9.25], "uv_size": [0.5, 1.25], "material_instance": "window"},
								"down": {"uv": [6.5, 10.5], "uv_size": [0.5, -1.25], "material_instance": "window"}
							}
						},
						{
							"origin": [23, 16, 4],
							"size": [2, 17, 5],
							"uv": {
								"north": {"uv": [14, 0.75], "uv_size": [0.5, 4.25], "material_instance": "window"},
								"east": {"uv": [14.5, 0.75], "uv_size": [1.25, 4.25], "material_instance": "window"},
								"south": {"uv": [14.5, 0.75], "uv_size": [-0.5, 4.25], "material_instance": "window"},
								"west": {"uv": [14.5, 0.75], "uv_size": [1.25, 4.25], "material_instance": "window"},
								"up": {"uv": [6, 9.25], "uv_size": [0.5, 1.25], "material_instance": "window"},
								"down": {"uv": [6.5, 10.5], "uv_size": [0.5, -1.25], "material_instance": "window"}
							}
						}
					]
				},
				{
					"name": "bone6",
					"pivot": [-24, 17, 7]
				},
				{
					"name": "bone5",
					"pivot": [-23, -15, 7],
					"cubes": [
						{
							"origin": [-9, 47, 4],
							"size": [17, 2, 5],
							"uv": {
								"north": {"uv": [0, 8.75], "uv_size": [4.25, 0.5], "material_instance": "window"},
								"east": {"uv": [9.25, 6.75], "uv_size": [1.25, 0.5], "material_instance": "window"},
								"south": {"uv": [4.25, 8.75], "uv_size": [-4.25, 0.5], "material_instance": "window"},
								"west": {"uv": [7, 9.25], "uv_size": [1.25, 0.5], "material_instance": "window"},
								"up": {"uv": [0, 2.5], "uv_size": [4.25, 1.25], "material_instance": "window"},
								"down": {"uv": [0, 5], "uv_size": [4.25, -1.25], "material_instance": "window"}
							}
						},
						{
							"origin": [-9, 32, 4],
							"size": [2, 15, 5],
							"uv": {
								"north": {"uv": [0.5, 9.25], "uv_size": [0.5, 3.75], "material_instance": "window"},
								"east": {"uv": [2.5, 5], "uv_size": [1.25, 3.75], "material_instance": "window"},
								"south": {"uv": [1, 9.25], "uv_size": [-0.5, 3.75], "material_instance": "window"},
								"west": {"uv": [14.5, 0.75], "uv_size": [1.25, 4.25], "material_instance": "window"},
								"up": {"uv": [9.25, 7.25], "uv_size": [0.5, 1.25], "material_instance": "window"},
								"down": {"uv": [8.25, 10.5], "uv_size": [0.5, -1.25], "material_instance": "window"}
							}
						}
					]
				},
				{
					"name": "bone7",
					"pivot": [-24, 17, 7],
					"cubes": [
						{
							"origin": [23, 32, 4],
							"size": [2, 15, 5],
							"uv": {
								"north": {"uv": [3.5, 11.25], "uv_size": [0.5, 3.75], "material_instance": "window"},
								"east": {"uv": [14.5, 0.75], "uv_size": [1.25, 4.25], "material_instance": "window"},
								"south": {"uv": [4, 11.25], "uv_size": [-0.5, 3.75], "material_instance": "window"},
								"west": {"uv": [14.5, 0.75], "uv_size": [1.25, 4.25], "material_instance": "window"},
								"up": {"uv": [6, 9.25], "uv_size": [0.5, 1.25], "material_instance": "window"},
								"down": {"uv": [6.5, 10.5], "uv_size": [0.5, -1.25], "material_instance": "window"}
							}
						},
						{
							"origin": [8, 47, 4],
							"size": [17, 2, 5],
							"uv": {
								"north": {"uv": [8.5, 3.75], "uv_size": [4.25, 0.5], "material_instance": "window"},
								"east": {"uv": [3.5, 9.25], "uv_size": [1.25, 0.5], "material_instance": "window"},
								"south": {"uv": [12.75, 3.75], "uv_size": [-4.25, 0.5], "material_instance": "window"},
								"west": {"uv": [4.75, 9.25], "uv_size": [1.25, 0.5], "material_instance": "window"},
								"up": {"uv": [0, 0], "uv_size": [4.25, 1.25], "material_instance": "window"},
								"down": {"uv": [0, 2.5], "uv_size": [4.25, -1.25], "material_instance": "window"}
							}
						}
					]
				}
			]
		}
	]
}