{
	"format_version": "1.21.30",
	"minecraft:block": {
		"description": {
			"identifier": "fr:animatronic_work_table",
			"menu_category": {
				"category": "construction"
			},
			"states": {
				"fbd:desk_state_sides": [
					"both",
					"left",
					"right",
					"none"
				]
			},
			"traits": {
				"minecraft:placement_direction": {
					"enabled_states": [
						"minecraft:cardinal_direction"
					]
				}
			}
		},
		"components": {
			"fr:modular_desk": {},
			"minecraft:collision_box": {
				"origin": [
					-8,
					14,
					-8
				],
				"size": [
					16,
					2,
					16
				]
			},
			"minecraft:selection_box": true,
			"minecraft:destructible_by_mining": {
				"seconds_to_destroy": 0.4
			},
			"minecraft:destructible_by_explosion": {
				"explosion_resistance": 15
			},
			"minecraft:flammable": {
				"destroy_chance_modifier": 20,
				"catch_chance_modifier": 5
			},
			"minecraft:geometry": {
				"identifier": "geometry.animatronic_work_table",
				"bone_visibility": {
					"right": false,
					"left": false,
					"center": false,
					"center2": false
				}
			},
			"minecraft:material_instances": {
				"*": {
					"texture": "animatronic_work_table",
					"render_method": "alpha_test"
				}
			},
			"minecraft:map_color": "#5f4a2b"
		},
		"permutations": [
			{
				"condition": "q.block_state('fbd:desk_state_sides') == 'both'",
				"components": {
					"minecraft:geometry": {
						"identifier": "geometry.animatronic_work_table",
						"bone_visibility": {
							"right": false,
							"left": false,
							"center": false,
							"center2": true
						}
					}
				}
			},
			{
				"condition": "q.block_state('fbd:desk_state_sides') == 'left'",
				"components": {
					"minecraft:geometry": {
						"identifier": "geometry.animatronic_work_table",
						"bone_visibility": {
							"right": true,
							"left": false,
							"center": false,
							"center2": false
						}
					}
				}
			},
			{
				"condition": "q.block_state('fbd:desk_state_sides') == 'none'",
				"components": {
					"minecraft:geometry": {
						"identifier": "geometry.animatronic_work_table",
						"bone_visibility": {
							"right": false,
							"left": false,
							"center": true,
							"center2": false
						}
					}
				}
			},
			{
				"condition": "q.block_state('fbd:desk_state_sides') == 'right'",
				"components": {
					"minecraft:geometry": {
						"identifier": "geometry.animatronic_work_table",
						"bone_visibility": {
							"right": false,
							"left": true,
							"center": false,
							"center2": false
						}
					}
				}
			},
			{
				"condition": "q.block_state('minecraft:cardinal_direction') == 'north'",
				"components": {
					"minecraft:transformation": {
						"rotation": [
							0,
							180,
							0
						]
					}
				}
			},
			{
				"condition": "q.block_state('minecraft:cardinal_direction') == 'south'",
				"components": {
					"minecraft:transformation": {
						"rotation": [
							0,
							0,
							0
						]
					}
				}
			},
			{
				"condition": "q.block_state('minecraft:cardinal_direction') == 'east'",
				"components": {
					"minecraft:transformation": {
						"rotation": [
							0,
							90,
							0
						]
					}
				}
			},
			{
				"condition": "q.block_state('minecraft:cardinal_direction') == 'west'",
				"components": {
					"minecraft:transformation": {
						"rotation": [
							0,
							270,
							0
						]
					}
				}
			}
		]
	}
}