{
	"format_version": "1.21.0",
	"minecraft:block": {
		"description": {
			"identifier": "fr:arcade_freddy",
			"menu_category": {
				"category": "construction"
			},
			"traits": {
				"minecraft:placement_direction": {
					"enabled_states": ["minecraft:cardinal_direction"]
				}
			}
		},
		"components": {
			"minecraft:destructible_by_mining": {
				"seconds_to_destroy": 0.5
			},
			"minecraft:destructible_by_explosion": {
				"explosion_resistance": 0.5
			},
			"minecraft:geometry": "geometry.fr_arcade",
			"minecraft:material_instances": {
				"*": {
					"texture": "arcade_freddy",
					"render_method": "alpha_test"
				}
			},
			"minecraft:collision_box": {
	            "origin": [-4.5, 0, -4.5],
	            "size": [9, 16, 9]
			},
			"minecraft:selection_box": {
	            "origin": [-4.5, 0, -4.5],
	            "size": [9, 16, 9]
			}
		},
		"permutations": [
			{
				"condition": "q.block_state('minecraft:cardinal_direction') == 'north'",
				"components": {
					"minecraft:transformation": {
						"rotation": [0, 180, 0],
						"scale": [2, 2, 2],
                        "translation": [0, 0.5, 0]
					}
				}
			},
			{
				"condition": "q.block_state('minecraft:cardinal_direction') == 'west'",
				"components": {
					"minecraft:transformation": {
						"rotation": [0, -90, 0],
						"scale": [2, 2, 2],
                        "translation": [0, 0.5, 0]
					}
				}
			},
			{
				"condition": "q.block_state('minecraft:cardinal_direction') == 'south'",
				"components": {
					"minecraft:transformation": {
						"rotation": [0, 0, 0],
						"scale": [2, 2, 2],
                        "translation": [0, 0.5, 0]
					}
				}
			},
			{
				"condition": "q.block_state('minecraft:cardinal_direction') == 'east'",
				"components": {
					"minecraft:transformation": {
						"rotation": [0, 90, 0],
						"scale": [2, 2, 2],
                        "translation": [0, 0.5, 0]
					}
				}
			}
		]
	}
}