{
	"format_version": "1.21.0",
	"minecraft:block": {
		"description": {
			"identifier": "fr:black_wall_sign_small",
			"menu_category": {
				"category": "construction",
				"group": "itemGroup.name.sign"
			},
			"states": {
				"fr:variants": [
					0,
					1,
					2
				]
			},
			"traits": {
				"minecraft:placement_direction": {
					"enabled_states": [
						"minecraft:cardinal_direction"
					]
				}
			}
		},
		"components": {
			"minecraft:destructible_by_mining": {
				"seconds_to_destroy": 0.5
			},
			"minecraft:geometry": {
				"identifier": "geometry.black_wall_sign_small"
			},
			"minecraft:material_instances": {
				"*": {
					"texture": "black_wall_sign_small",
					"render_method": "opaque"
				}
			},
			"minecraft:custom_components": [
				"fr:text_display_small"
			],
			"minecraft:collision_box": {
				"origin": [
					-8,
					4,
					7
				],
				"size": [
					16,
					9,
					1
				]
			},
			"minecraft:selection_box": {
				"origin": [
					-8,
					4,
					7
				],
				"size": [
					16,
					9,
					1
				]
			}
		},
		"permutations": [
			{
				"condition": "q.block_state('minecraft:cardinal_direction') == 'north'",
				"components": {
					"minecraft:transformation": {
						"rotation": [
							0,
							180,
							0
						]
					}
				}
			},
			{
				"condition": "q.block_state('minecraft:cardinal_direction') == 'west'",
				"components": {
					"minecraft:transformation": {
						"rotation": [
							0,
							270,
							0
						]
					}
				}
			},
			{
				"condition": "q.block_state('minecraft:cardinal_direction') == 'south'",
				"components": {
					"minecraft:transformation": {
						"rotation": [
							0,
							0,
							0
						]
					}
				}
			},
			{
				"condition": "q.block_state('minecraft:cardinal_direction') == 'east'",
				"components": {
					"minecraft:transformation": {
						"rotation": [
							0,
							90,
							0
						]
					}
				}
			},
			{
				"condition": "q.block_state('minecraft:cardinal_direction') == 'north' && q.block_state('fr:variants') == 1",
				"components": {
					"minecraft:transformation": {
						"rotation": [
							0,
							180,
							0
						],
						"translation": [
							0.5,
							0,
							0
						]
					}
				}
			},
			{
				"condition": "q.block_state('minecraft:cardinal_direction') == 'west' && q.block_state('fr:variants') == 1",
				"components": {
					"minecraft:transformation": {
						"rotation": [
							0,
							270,
							0
						],
						"translation": [
							0,
							0,
							0.5
						]
					}
				}
			},
			{
				"condition": "q.block_state('minecraft:cardinal_direction') == 'south' && q.block_state('fr:variants') == 1",
				"components": {
					"minecraft:transformation": {
						"rotation": [
							0,
							0,
							0
						],
						"translation": [
							-0.5,
							0,
							0
						]
					}
				}
			},
			{
				"condition": "q.block_state('minecraft:cardinal_direction') == 'east' && q.block_state('fr:variants') == 1",
				"components": {
					"minecraft:transformation": {
						"rotation": [
							0,
							90,
							0
						],
						"translation": [
							0,
							0,
							-0.5
						]
					}
				}
			},
			{
				"condition": "q.block_state('minecraft:cardinal_direction') == 'north' && q.block_state('fr:variants') == 2",
				"components": {
					"minecraft:transformation": {
						"rotation": [
							0,
							180,
							0
						],
						"translation": [
							-0.5,
							0,
							0
						]
					}
				}
			},
			{
				"condition": "q.block_state('minecraft:cardinal_direction') == 'west' && q.block_state('fr:variants') == 2",
				"components": {
					"minecraft:transformation": {
						"rotation": [
							0,
							270,
							0
						],
						"translation": [
							0,
							0,
							-0.5
						]
					}
				}
			},
			{
				"condition": "q.block_state('minecraft:cardinal_direction') == 'south' && q.block_state('fr:variants') == 2",
				"components": {
					"minecraft:transformation": {
						"rotation": [
							0,
							0,
							0
						],
						"translation": [
							0.5,
							0,
							0
						]
					}
				}
			},
			{
				"condition": "q.block_state('minecraft:cardinal_direction') == 'east' && q.block_state('fr:variants') == 2",
				"components": {
					"minecraft:transformation": {
						"rotation": [
							0,
							90,
							0
						],
						"translation": [
							0,
							0,
							0.5
						]
					}
				}
			}
		]
	}
}