{
	"format_version": "1.21.30",
	"minecraft:block": {
		"description": {
			"identifier": "fr:cardboard_box",
			"menu_category": {
				"category": "construction"
			},
			"traits": {
				"minecraft:placement_direction": {
					"enabled_states": [
						"minecraft:cardinal_direction"
					]
				}
			}
		},
		"components": {
			"tag:fr:its_medium_box": {},
			"minecraft:collision_box": {
				"origin": [-7, 0, -7],
				"size": [14, 12, 14]
			},
			"minecraft:selection_box": {
				"origin": [-7, 0, -7],
				"size": [14, 12, 14]
			},
			"minecraft:geometry": {
				"identifier": "geometry.cardboard_box"
			},
			"minecraft:material_instances": {
				"*": {
					"texture": "cardboard_box",
					"render_method": "alpha_test"
				}
			}
		},
		"permutations": [
			{
				"condition": "q.block_state('minecraft:cardinal_direction') == 'north'",
				"components": {
					"minecraft:transformation": {
						"rotation": [
							0,
							180,
							0
						]
					}
				}
			},
			{
				"condition": "q.block_state('minecraft:cardinal_direction') == 'west'",
				"components": {
					"minecraft:transformation": {
						"rotation": [
							0,
							-90,
							0
						]
					}
				}
			},
			{
				"condition": "q.block_state('minecraft:cardinal_direction') == 'south'",
				"components": {
					"minecraft:transformation": {
						"rotation": [
							0,
							0,
							0
						]
					}
				}
			},
			{
				"condition": "q.block_state('minecraft:cardinal_direction') == 'east'",
				"components": {
					"minecraft:transformation": {
						"rotation": [
							0,
							90,
							0
						]
					}
				}
			}
		]
	}
}