{
	"format_version": "1.21.30",
	"minecraft:block": {
		"description": {
			"identifier": "fr:cigarrete",
			"menu_category": {
				"category": "construction"
			},
			"traits": {
				"minecraft:placement_direction": {
					"enabled_states": [
						"minecraft:cardinal_direction"
					]
				}
			}
		},
		"components": {
			"minecraft:collision_box": false,
			"minecraft:selection_box": {
				"origin": [
					-3,
					0,
					-3
				],
				"size": [
					6,
					1,
					6
				]
			},
			"minecraft:geometry": {
				"identifier": "geometry.cigarrete"
			},
			"minecraft:material_instances": {
				"cigarrete": {
					"texture": "cigarrete",
					"render_method": "alpha_test"
				},
				"*": {
					"texture": "cigarrete",
					"render_method": "blend"
				}
			}
		},
		"permutations": [
			{
				"condition": "q.block_state('minecraft:cardinal_direction') == 'north'",
				"components": {
					"minecraft:transformation": {
						"rotation": [
							0,
							180,
							0
						]
					}
				}
			},
			{
				"condition": "q.block_state('minecraft:cardinal_direction') == 'west'",
				"components": {
					"minecraft:transformation": {
						"rotation": [
							0,
							-90,
							0
						]
					}
				}
			},
			{
				"condition": "q.block_state('minecraft:cardinal_direction') == 'south'",
				"components": {
					"minecraft:transformation": {
						"rotation": [
							0,
							0,
							0
						]
					}
				}
			},
			{
				"condition": "q.block_state('minecraft:cardinal_direction') == 'east'",
				"components": {
					"minecraft:transformation": {
						"rotation": [
							0,
							90,
							0
						]
					}
				}
			}
		]
	}
}