{
	"format_version": "1.21.30",
	"minecraft:block": {
		"description": {
			"identifier": "fr:door_buttons",
			"menu_category": {
				"category": "construction"
			},
			"traits": {
				"minecraft:placement_direction": {
					"enabled_states": [
						"minecraft:cardinal_direction"
					]
				}
			},
			"states": {
				"fr:variants": [
					0,
					1,
					2
				],
				"fr:upper": [
					false,
					true
				],
				"fr:bottom": [
					false,
					true
				]
			}
		},
		"components": {
			"minecraft:destructible_by_mining": {
				"seconds_to_destroy": 0.5
			},
			"minecraft:destructible_by_explosion": {
				"explosion_resistance": 0.5
			},
			"minecraft:flammable": {
				"catch_chance_modifier": 30,
				"destroy_chance_modifier": 30
			},
			"fr:door_buttons": {},
			"minecraft:geometry": {
				"identifier": "geometry.door_buttons_office",
				"bone_visibility": {
					"door_off": "q.block_state('fr:upper')",
					"door_on": "!q.block_state('fr:upper')",
					"light_off": "q.block_state('fr:bottom')",
					"light_on": "!q.block_state('fr:bottom')"
				}
			},
			"minecraft:collision_box": {
				"origin": [
					-3,
					1,
					5
				],
				"size": [
					6,
					15,
					3
				]
			},
			"minecraft:selection_box": {
				"origin": [
					-3,
					1,
					5
				],
				"size": [
					6,
					15,
					3
				]
			},
			"minecraft:material_instances": {
				"*": {
					"texture": "door_buttons",
					"render_method": "alpha_test"
				}
			}
		},
		"permutations": [
			{
				"condition": "q.block_state('minecraft:cardinal_direction') == 'north'",
				"components": {
					"minecraft:transformation": {
						"rotation": [
							0,
							180,
							0
						]
					}
				}
			},
			{
				"condition": "q.block_state('minecraft:cardinal_direction') == 'west'",
				"components": {
					"minecraft:transformation": {
						"rotation": [
							0,
							-90,
							0
						]
					}
				}
			},
			{
				"condition": "q.block_state('minecraft:cardinal_direction') == 'south'",
				"components": {
					"minecraft:transformation": {
						"rotation": [
							0,
							0,
							0
						]
					}
				}
			},
			{
				"condition": "q.block_state('minecraft:cardinal_direction') == 'east'",
				"components": {
					"minecraft:transformation": {
						"rotation": [
							0,
							90,
							0
						]
					}
				}
			},
			{
				"condition": "q.block_state('fr:variants') == 0",
				"components": {
					"minecraft:geometry": {
						"identifier": "geometry.door_buttons_office",
						"bone_visibility": {
							"door_off": "q.block_state('fr:upper')",
							"door_on": "!q.block_state('fr:upper')",
							"light_off": "q.block_state('fr:bottom')",
							"light_on": "!q.block_state('fr:bottom')"
						}
					},
					"minecraft:collision_box": {
						"origin": [
							-3,
							1,
							5
						],
						"size": [
							6,
							15,
							3
						]
					},
					"minecraft:selection_box": {
						"origin": [
							-3,
							1,
							5
						],
						"size": [
							6,
							15,
							3
						]
					}
				}
			},
			{
				"condition": "q.block_state('fr:variants') == 1",
				"components": {
					"minecraft:geometry": {
						"identifier": "geometry.left_door_buttons_office",
						"bone_visibility": {
							"door_off": "q.block_state('fr:upper')",
							"door_on": "!q.block_state('fr:upper')",
							"light_off": "q.block_state('fr:bottom')",
							"light_on": "!q.block_state('fr:bottom')"
						}
					},
					"minecraft:collision_box": {
						"origin": [
							-7,
							1,
							4
						],
						"size": [
							6,
							15,
							3
						]
					},
					"minecraft:selection_box": {
						"origin": [
							-7,
							1,
							4
						],
						"size": [
							6,
							15,
							3
						]
					}
				}
			},
			{
				"condition": "q.block_state('fr:variants') == 2",
				"components": {
					"minecraft:geometry": {
						"identifier": "geometry.right_door_buttons_office",
						"bone_visibility": {
							"door_off": "q.block_state('fr:upper')",
							"door_on": "!q.block_state('fr:upper')",
							"light_off": "q.block_state('fr:bottom')",
							"light_on": "!q.block_state('fr:bottom')"
						}
					},
					"minecraft:collision_box": {
						"origin": [
							1,
							1,
							5
						],
						"size": [
							6,
							15,
							3
						]
					},
					"minecraft:selection_box": {
						"origin": [
							1,
							1,
							5
						],
						"size": [
							6,
							15,
							3
						]
					}
				}
			}
		]
	}
}