{
	"format_version": "1.21.130",
	"minecraft:block": {
		"description": {
			"identifier": "fr:fnaf1_advanced_wall",
			"menu_category": {
				"category": "construction"
			},
			"states": {
				"wiki:pot_North_plant": [
					"none",
					"fnaf1_bathroom_wall",
					"fnaf1_bathroom_wall_bottom",
					"fnaf1_bathroom_wall_middle",
					"fnaf1_bathroom_wall_top",
					"fnaf1_wall_down",
					"fnaf1_dark_wall_down",
					"fnaf1_backstage_wall_middle",
					"fnaf1_wall_middle_tiles",
					"fnaf1_wall_up",
					"stage_wall_down",
					"stage_wall_middle_tiles",
					"stage_wall_middle",
					"stage_wall_up"
				],
				"wiki:pot_East_plant": [
					"none",
					"fnaf1_bathroom_wall",
					"fnaf1_bathroom_wall_bottom",
					"fnaf1_bathroom_wall_middle",
					"fnaf1_bathroom_wall_top",
					"fnaf1_wall_down",
					"fnaf1_dark_wall_down",
					"fnaf1_backstage_wall_middle",
					"fnaf1_wall_middle_tiles",
					"fnaf1_wall_up",
					"stage_wall_down",
					"stage_wall_middle_tiles",
					"stage_wall_middle",
					"stage_wall_up"
				],
				"wiki:pot_South_plant": [
					"none",
					"fnaf1_bathroom_wall",
					"fnaf1_bathroom_wall_bottom",
					"fnaf1_bathroom_wall_middle",
					"fnaf1_bathroom_wall_top",
					"fnaf1_wall_down",
					"fnaf1_dark_wall_down",
					"fnaf1_backstage_wall_middle",
					"fnaf1_wall_middle_tiles",
					"fnaf1_wall_up",
					"stage_wall_down",
					"stage_wall_middle_tiles",
					"stage_wall_middle",
					"stage_wall_up"
				],
				"wiki:pot_West_plant": [
					"none",
					"fnaf1_bathroom_wall",
					"fnaf1_bathroom_wall_bottom",
					"fnaf1_bathroom_wall_middle",
					"fnaf1_bathroom_wall_top",
					"fnaf1_wall_down",
					"fnaf1_dark_wall_down",
					"fnaf1_backstage_wall_middle",
					"fnaf1_wall_middle_tiles",
					"fnaf1_wall_up",
					"stage_wall_down",
					"stage_wall_middle_tiles",
					"stage_wall_middle",
					"stage_wall_up"
				]
			}
		},
		"components": {
			"minecraft:geometry": {
				"identifier": "geometry.fnaf1_advanced_wall",
				"bone_visibility": {
					"pot_0": "q.block_state('wiki:pot_North_plant') == 'none'",
					"pot_1": "q.block_state('wiki:pot_East_plant') == 'none'",
					"pot_2": "q.block_state('wiki:pot_South_plant') == 'none'",
					"pot_3": "q.block_state('wiki:pot_West_plant') == 'none'",
					"fnaf1_bathroom_wall_0": "q.block_state('wiki:pot_North_plant') == 'fnaf1_bathroom_wall'",
					"fnaf1_bathroom_wall_1": "q.block_state('wiki:pot_East_plant') == 'fnaf1_bathroom_wall'",
					"fnaf1_bathroom_wall_2": "q.block_state('wiki:pot_South_plant') == 'fnaf1_bathroom_wall'",
					"fnaf1_bathroom_wall_3": "q.block_state('wiki:pot_West_plant') == 'fnaf1_bathroom_wall'",
					"fnaf1_bathroom_wall_bottom_0": "q.block_state('wiki:pot_North_plant') == 'fnaf1_bathroom_wall_bottom'",
					"fnaf1_bathroom_wall_bottom_1": "q.block_state('wiki:pot_East_plant') == 'fnaf1_bathroom_wall_bottom'",
					"fnaf1_bathroom_wall_bottom_2": "q.block_state('wiki:pot_South_plant') == 'fnaf1_bathroom_wall_bottom'",
					"fnaf1_bathroom_wall_bottom_3": "q.block_state('wiki:pot_West_plant') == 'fnaf1_bathroom_wall_bottom'",
					"fnaf1_bathroom_wall_middle_0": "q.block_state('wiki:pot_North_plant') == 'fnaf1_bathroom_wall_middle'",
					"fnaf1_bathroom_wall_middle_1": "q.block_state('wiki:pot_East_plant') == 'fnaf1_bathroom_wall_middle'",
					"fnaf1_bathroom_wall_middle_2": "q.block_state('wiki:pot_South_plant') == 'fnaf1_bathroom_wall_middle'",
					"fnaf1_bathroom_wall_middle_3": "q.block_state('wiki:pot_West_plant') == 'fnaf1_bathroom_wall_middle'",
					"fnaf1_bathroom_wall_top_0": "q.block_state('wiki:pot_North_plant') == 'fnaf1_bathroom_wall_top'",
					"fnaf1_bathroom_wall_top_1": "q.block_state('wiki:pot_East_plant') == 'fnaf1_bathroom_wall_top'",
					"fnaf1_bathroom_wall_top_2": "q.block_state('wiki:pot_South_plant') == 'fnaf1_bathroom_wall_top'",
					"fnaf1_bathroom_wall_top_3": "q.block_state('wiki:pot_West_plant') == 'fnaf1_bathroom_wall_top'",
					"fnaf1_wall_down_0": "q.block_state('wiki:pot_North_plant') == 'fnaf1_wall_down'",
					"fnaf1_wall_down_1": "q.block_state('wiki:pot_East_plant') == 'fnaf1_wall_down'",
					"fnaf1_wall_down_2": "q.block_state('wiki:pot_South_plant') == 'fnaf1_wall_down'",
					"fnaf1_wall_down_3": "q.block_state('wiki:pot_West_plant') == 'fnaf1_wall_down'",
					"fnaf1_dark_wall_down_0": "q.block_state('wiki:pot_North_plant') == 'fnaf1_dark_wall_down'",
					"fnaf1_dark_wall_down_1": "q.block_state('wiki:pot_East_plant') == 'fnaf1_dark_wall_down'",
					"fnaf1_dark_wall_down_2": "q.block_state('wiki:pot_South_plant') == 'fnaf1_dark_wall_down'",
					"fnaf1_dark_wall_down_3": "q.block_state('wiki:pot_West_plant') == 'fnaf1_dark_wall_down'",
					"fnaf1_backstage_wall_middle_0": "q.block_state('wiki:pot_North_plant') == 'fnaf1_backstage_wall_middle'",
					"fnaf1_backstage_wall_middle_1": "q.block_state('wiki:pot_East_plant') == 'fnaf1_backstage_wall_middle'",
					"fnaf1_backstage_wall_middle_2": "q.block_state('wiki:pot_South_plant') == 'fnaf1_backstage_wall_middle'",
					"fnaf1_backstage_wall_middle_3": "q.block_state('wiki:pot_West_plant') == 'fnaf1_backstage_wall_middle'",
					"fnaf1_wall_middle_tiles_0": "q.block_state('wiki:pot_North_plant') == 'fnaf1_wall_middle_tiles'",
					"fnaf1_wall_middle_tiles_1": "q.block_state('wiki:pot_East_plant') == 'fnaf1_wall_middle_tiles'",
					"fnaf1_wall_middle_tiles_2": "q.block_state('wiki:pot_South_plant') == 'fnaf1_wall_middle_tiles'",
					"fnaf1_wall_middle_tiles_3": "q.block_state('wiki:pot_West_plant') == 'fnaf1_wall_middle_tiles'",
					"fnaf1_wall_up_0": "q.block_state('wiki:pot_North_plant') == 'fnaf1_wall_up'",
					"fnaf1_wall_up_1": "q.block_state('wiki:pot_East_plant') == 'fnaf1_wall_up'",
					"fnaf1_wall_up_2": "q.block_state('wiki:pot_South_plant') == 'fnaf1_wall_up'",
					"fnaf1_wall_up_3": "q.block_state('wiki:pot_West_plant') == 'fnaf1_wall_up'",
					"stage_wall_down_0": "q.block_state('wiki:pot_North_plant') == 'stage_wall_down'",
					"stage_wall_down_1": "q.block_state('wiki:pot_East_plant') == 'stage_wall_down'",
					"stage_wall_down_2": "q.block_state('wiki:pot_South_plant') == 'stage_wall_down'",
					"stage_wall_down_3": "q.block_state('wiki:pot_West_plant') == 'stage_wall_down'",
					"stage_wall_middle_tiles_0": "q.block_state('wiki:pot_North_plant') == 'stage_wall_middle_tiles'",
					"stage_wall_middle_tiles_1": "q.block_state('wiki:pot_East_plant') == 'stage_wall_middle_tiles'",
					"stage_wall_middle_tiles_2": "q.block_state('wiki:pot_South_plant') == 'stage_wall_middle_tiles'",
					"stage_wall_middle_tiles_3": "q.block_state('wiki:pot_West_plant') == 'stage_wall_middle_tiles'",
					"stage_wall_middle_0": "q.block_state('wiki:pot_North_plant') == 'stage_wall_middle'",
					"stage_wall_middle_1": "q.block_state('wiki:pot_East_plant') == 'stage_wall_middle'",
					"stage_wall_middle_2": "q.block_state('wiki:pot_South_plant') == 'stage_wall_middle'",
					"stage_wall_middle_3": "q.block_state('wiki:pot_West_plant') == 'stage_wall_middle'",
					"stage_wall_up_0": "q.block_state('wiki:pot_North_plant') == 'stage_wall_up'",
					"stage_wall_up_1": "q.block_state('wiki:pot_East_plant') == 'stage_wall_up'",
					"stage_wall_up_2": "q.block_state('wiki:pot_South_plant') == 'stage_wall_up'",
					"stage_wall_up_3": "q.block_state('wiki:pot_West_plant') == 'stage_wall_up'"
				}
			},
			"minecraft:destructible_by_explosion": {
				"explosion_resistance": 5
			},
			"minecraft:destructible_by_mining": {
				"seconds_to_destroy": 3
			},
			"minecraft:flammable": false,
			"minecraft:map_color": "#222d75",
			"minecraft:light_dampening": 15,
			"minecraft:redstone_conductivity": {
				"allows_wire_to_step_down": true,
				"redstone_conductor": true
			},
			"minecraft:material_instances": {
				"*": {
					"texture": "fnaf1_advanced_wall",
					"render_method": "opaque",
					"ambient_occlusion": true,
					"face_dimming": true
				}
			},
			"fr:advanced_wall": {},
			"minecraft:selection_box": {
				"size": [ 16, 16, 16 ],
				"origin": [ -8, 0, -8 ]
			},
			"minecraft:collision_box": {
				"size": [ 16, 16, 16 ],
				"origin": [ -8, 0, -8 ]
			}
		}
	}
}