{
    "format_version": "1.21.30",
    "minecraft:block": {
        "description": {
            "identifier": "fr:door_button_door",
            "menu_category": {
                "category": "construction"
            },
            "traits": {
                "minecraft:placement_direction": {
                    "enabled_states": [
                        "minecraft:facing_direction",
                        "minecraft:cardinal_direction"
                    ]
                }
            },
            "states": {
                "fr:upper": [
                    false,
                    true
                ]
            }
        },
        "components": {
            "minecraft:destructible_by_mining": {
                "seconds_to_destroy": 0.5
            },
            "minecraft:destructible_by_explosion": {
                "explosion_resistance": 0.5
            },
            "minecraft:flammable": {
                "catch_chance_modifier": 30,
                "destroy_chance_modifier": 30
            },
            "minecraft:collision_box": {
                "origin": [
                    -4,
                    0,
                    -6
                ],
                "size": [
                    8,
                    3,
                    10
                ]
            },
            "minecraft:selection_box": {
                "origin": [
                    -4,
                    0,
                    -6
                ],
                "size": [
                    8,
                    3,
                    10
                ]
            },
            "fr:door_buttons": {},
            "minecraft:geometry": {
                "identifier": "geometry.fr_door_button_door",
                "bone_visibility": {
                    "door_off": "q.block_state('fr:upper')",
                    "door_on": "!q.block_state('fr:upper')"
                }
            },
            "minecraft:material_instances": {
                "*": {
                    "texture": "door_buttons",
                    "render_method": "alpha_test"
                }
            }
        },
        "permutations": [
            {
                "condition": "q.block_state('minecraft:facing_direction') == 'up' && q.block_state('minecraft:cardinal_direction') == 'north'",
                "components": {
                    "minecraft:transformation": {
                        "rotation": [
                            180,
                            180,
                            0
                        ]
                    }
                }
            },
            {
                "condition": "q.block_state('minecraft:facing_direction') == 'up' && q.block_state('minecraft:cardinal_direction') == 'south'",
                "components": {
                    "minecraft:transformation": {
                        "rotation": [
                            180,
                            0,
                            0
                        ]
                    }
                }
            },
            {
                "condition": "q.block_state('minecraft:facing_direction') == 'up' && q.block_state('minecraft:cardinal_direction') == 'west'",
                "components": {
                    "minecraft:transformation": {
                        "rotation": [
                            180,
                            -90,
                            0
                        ]
                    }
                }
            },
            {
                "condition": "q.block_state('minecraft:facing_direction') == 'up' && q.block_state('minecraft:cardinal_direction') == 'east'",
                "components": {
                    "minecraft:transformation": {
                        "rotation": [
                            180,
                            -270,
                            0
                        ]
                    }
                }
            },
            {
                "condition": "q.block_state('minecraft:facing_direction') == 'down' && q.block_state('minecraft:cardinal_direction') == 'north'",
                "components": {
                    "minecraft:transformation": {
                        "rotation": [
                            0,
                            180,
                            0
                        ]
                    }
                }
            },
            {
                "condition": "q.block_state('minecraft:facing_direction') == 'down' && q.block_state('minecraft:cardinal_direction') == 'south'",
                "components": {
                    "minecraft:transformation": {
                        "rotation": [
                            0,
                            0,
                            0
                        ]
                    }
                }
            },
            {
                "condition": "q.block_state('minecraft:facing_direction') == 'down' && q.block_state('minecraft:cardinal_direction') == 'west'",
                "components": {
                    "minecraft:transformation": {
                        "rotation": [
                            0,
                            270,
                            0
                        ]
                    }
                }
            },
            {
                "condition": "q.block_state('minecraft:facing_direction') == 'down' && q.block_state('minecraft:cardinal_direction') == 'east'",
                "components": {
                    "minecraft:transformation": {
                        "rotation": [
                            0,
                            90,
                            0
                        ]
                    }
                }
            },
            {
                "condition": "q.block_state('minecraft:facing_direction') == 'north'",
                "components": {
                    "minecraft:transformation": {
                        "rotation": [
                            -90,
                            180,
                            0
                        ]
                    }
                }
            },
            {
                "condition": "q.block_state('minecraft:facing_direction') == 'south'",
                "components": {
                    "minecraft:transformation": {
                        "rotation": [
                            -90,
                            0,
                            0
                        ]
                    }
                }
            },
            {
                "condition": "q.block_state('minecraft:facing_direction') == 'west'",
                "components": {
                    "minecraft:transformation": {
                        "rotation": [
                            -90,
                            270,
                            0
                        ]
                    }
                }
            },
            {
                "condition": "q.block_state('minecraft:facing_direction') == 'east'",
                "components": {
                    "minecraft:transformation": {
                        "rotation": [
                            -90,
                            90,
                            0
                        ]
                    }
                }
            }
        ]
    }
}