{
	"format_version": "1.21.30",
	"minecraft:block": {
		"description": {
			"identifier": "fr:generator",
			"menu_category": {
				"category": "construction"
			},
			"traits": {
				"minecraft:placement_direction": {
					"enabled_states": [
						"minecraft:cardinal_direction"
					]
				}
			},
			"states": {
				"fr:switch_type": [
					false,
					true
				],
				"fr:lit": [
					false,
					true
				],
				"fr:energy_level": [
					0,
					1,
					2,
					3,
					4,
					5
				]
			}
		},
		"components": {
			"fr:single_interactive": {},
			"minecraft:geometry": "geometry.generator",
			"minecraft:material_instances": {
				"*": {
					"texture": "fr_generator",
					"render_method": "alpha_test"
				}
			},
			"minecraft:collision_box": {
				"origin": [
					-8,
					0,
					-8
				],
				"size": [
					16,
					16,
					16
				]
			},
			"minecraft:selection_box": {
				"origin": [
					-8,
					0,
					-8
				],
				"size": [
					16,
					16,
					16
				]
			}
		},
		"permutations": [
			{
				"condition": "q.block_state('minecraft:cardinal_direction') == 'north'",
				"components": {
					"minecraft:transformation": {
						"rotation": [
							0,
							180,
							0
						]
					}
				}
			},
			{
				"condition": "q.block_state('minecraft:cardinal_direction') == 'west'",
				"components": {
					"minecraft:transformation": {
						"rotation": [
							0,
							-90,
							0
						]
					}
				}
			},
			{
				"condition": "q.block_state('minecraft:cardinal_direction') == 'south'",
				"components": {
					"minecraft:transformation": {
						"rotation": [
							0,
							0,
							0
						]
					}
				}
			},
			{
				"condition": "q.block_state('minecraft:cardinal_direction') == 'east'",
				"components": {
					"minecraft:transformation": {
						"rotation": [
							0,
							90,
							0
						]
					}
				}
			}
		]
	}
}