{
	"format_version": "1.21.0",
	"minecraft:block": {
		"description": {
			"identifier": "fr:gray_locker",
			"menu_category": {
				"category": "construction"
			},
			"traits": {
				"minecraft:placement_direction": {
					"enabled_states": [
						"minecraft:cardinal_direction"
					]
				}
			},
			"states": {
				"ff:locker_is": [
					"closed",
					"open"
				],
				"fr:variants": {
					"values": {
						"min": 0,
						"max": 6
					}
				}
			}
		},
		"components": {
			"minecraft:destructible_by_mining": {
				"seconds_to_destroy": 0.5
			},
			"minecraft:destructible_by_explosion": {
				"explosion_resistance": 0.5
			},
			"minecraft:flammable": {
				"catch_chance_modifier": 30,
				"destroy_chance_modifier": 30
			},
			"minecraft:geometry": "geometry.locker",
			"minecraft:material_instances": {
				"*": {
					"texture": "lockers_texture",
					"render_method": "alpha_test"
				}
			},
			"minecraft:collision_box": {
				"origin": [-8, 0, -2],
				"size": [16, 16, 10]
			},
			"minecraft:selection_box": {
				"origin": [-8, 0, -2],
				"size": [16, 16, 10]
			},
			"fr:locker_function": {},
			"minecraft:tick": {
				"interval_range": [
					120,
					120
				],
				"looping": false
			},
      		"minecraft:movable": {
       			 "movement_type": "immovable"
      		}
		},
		"permutations": [
			{
				"condition": "q.block_state('minecraft:cardinal_direction') == 'north'",
				"components": {
					"minecraft:transformation": {
						"rotation": [
							0,
							180,
							0
						],
						"scale": [
							1,
							2,
							1
						],
						"translation": [
							0,
							0.5,
							0
						]
					}
				}
			},
			{
				"condition": "q.block_state('minecraft:cardinal_direction') == 'west'",
				"components": {
					"minecraft:transformation": {
						"rotation": [
							0,
							-90,
							0
						],
						"scale": [
							1,
							2,
							1
						],
						"translation": [
							0,
							0.5,
							0
						]
					}
				}
			},
			{
				"condition": "q.block_state('minecraft:cardinal_direction') == 'south'",
				"components": {
					"minecraft:transformation": {
						"rotation": [
							0,
							0,
							0
						],
						"scale": [
							1,
							2,
							1
						],
						"translation": [
							0,
							0.5,
							0
						]
					}
				}
			},
			{
				"condition": "q.block_state('minecraft:cardinal_direction') == 'east'",
				"components": {
					"minecraft:transformation": {
						"rotation": [
							0,
							90,
							0
						],
						"scale": [
							1,
							2,
							1
						],
						"translation": [
							0,
							0.5,
							0
						]
					}
				}
			},	
			{
				"condition": "q.block_state('ff:locker_is') == 'closed'",
				"components": {
					"minecraft:geometry": "geometry.locker"
				}
			},	
			{
				"condition": "q.block_state('ff:locker_is') == 'open'",
				"components": {
					"minecraft:geometry": "geometry.locker_open",
					"minecraft:selection_box": false
				}
			},
						{
				"condition": "q.block_state('fr:variants') == 0",
				"components": {
					"minecraft:material_instances": {
						"*": {
							"texture": "lockers_texture",
							"render_method": "alpha_test"
						}
					}
				}
			},
			{
				"condition": "q.block_state('fr:variants') == 1",
				"components": {
					"minecraft:material_instances": {
						"*": {
							"texture": "lockers_red_texture",
							"render_method": "alpha_test"
						}
					}
				}
			},
			{
				"condition": "q.block_state('fr:variants') == 2",
				"components": {
					"minecraft:material_instances": {
						"*": {
							"texture": "lockers_green_texture",
							"render_method": "alpha_test"
						}
					}
				}
			},
			{
				"condition": "q.block_state('fr:variants') == 3",
				"components": {
					"minecraft:material_instances": {
						"*": {
							"texture": "lockers_purple_texture",
							"render_method": "alpha_test"
						}
					}
				}
			},
			{
				"condition": "q.block_state('fr:variants') == 4",
				"components": {
					"minecraft:material_instances": {
						"*": {
							"texture": "lockers_blue_texture",
							"render_method": "alpha_test"
						}
					}
				}
			},
			{
				"condition": "q.block_state('fr:variants') == 5",
				"components": {
					"minecraft:material_instances": {
						"*": {
							"texture": "lockers_yellow_texture",
							"render_method": "alpha_test"
						}
					}
				}
			},
			{
				"condition": "q.block_state('fr:variants') == 6",
				"components": {
					"minecraft:material_instances": {
						"*": {
							"texture": "lockers_swamp_blue_texture",
							"render_method": "alpha_test"
						}
					}
				}
			}
		]
	}
}