{
	"format_version": "1.21.30",
	"minecraft:block": {
		"description": {
			"identifier": "fr:kitchencounter_upper_drawers_corner",
			"menu_category": {
				"category": "construction"
			},
			"traits": {
				"minecraft:placement_direction": {
					"enabled_states": [
						"minecraft:cardinal_direction"
					]
				}
			}
		},
		"components": {
			"minecraft:collision_box": {
				"origin": [-8, 0, -8],
				"size": [16, 16, 16]
			},
			"minecraft:selection_box": {
				"origin": [-8, 0, -8],
				"size": [16, 16, 16]
			},
			"minecraft:geometry": {
				"identifier": "geometry.kitchencounter_upper_drawers_corner"
			},
			"minecraft:material_instances": {
				"*": {
					"texture": "kitchencounter_upper_drawers",
					"render_method": "alpha_test"
				}
			}
		},
		"permutations": [
			{
				"condition": "q.block_state('minecraft:cardinal_direction') == 'north'",
				"components": {
					"minecraft:transformation": {
						"rotation": [0, 180, 0]
					}
				}
			},
			{
				"condition": "q.block_state('minecraft:cardinal_direction') == 'west'",
				"components": {
					"minecraft:transformation": {
						"rotation": [0, -90, 0]
					}
				}
			},
			{
				"condition": "q.block_state('minecraft:cardinal_direction') == 'south'",
				"components": {
					"minecraft:transformation": {
						"rotation": [0, 0, 0]
					}
				}
			},
			{
				"condition": "q.block_state('minecraft:cardinal_direction') == 'east'",
				"components": {
					"minecraft:transformation": {
						"rotation": [0, 90, 0]
					}
				}
			}
		]
	}
}
