{
    "format_version": "1.21.30",
    "minecraft:block": {
        "description": {
            "identifier": "fr:party_table",
            "menu_category": {
                "category": "construction"
            },
            "states": {
                "fr:north": [ false, true ],
                "fr:south": [ false, true ],
                "fr:east": [ false, true ],
                "fr:west": [ false, true ]
            }
        },
        "components": {
            "tag:minecraft:is_axe_item_destructible": {},
            "minecraft:collision_box": {
                "size": [
                    16,
                    6,
                    16
                ],
                "origin": [
                    -8,
                    10,
                    -8
                ]
            },
             "minecraft:selection_box": {
                "size": [
                    16,
                    8,
                    16
                ],
                "origin": [
                    -8,
                    8,
                    -8
                ]
            },
            "minecraft:geometry": {
                "identifier": "geometry.fr_party_table",
                "bone_visibility": {
                    "single": "!q.block_state('fr:north') && !q.block_state('fr:south') && !q.block_state('fr:east') && !q.block_state('fr:west')",
                    "center": "q.block_state('fr:north') && q.block_state('fr:south') && q.block_state('fr:east') && q.block_state('fr:west')",
                    "north": "q.block_state('fr:north') && !q.block_state('fr:south') && !q.block_state('fr:east') && !q.block_state('fr:west')",
                    "south": "!q.block_state('fr:north') && q.block_state('fr:south') && !q.block_state('fr:east') && !q.block_state('fr:west')",
                    "east": "!q.block_state('fr:north') && !q.block_state('fr:south') && q.block_state('fr:east') && !q.block_state('fr:west')",
                    "west": "!q.block_state('fr:north') && !q.block_state('fr:south') && !q.block_state('fr:east') && q.block_state('fr:west')",
                    "north_n_south": "q.block_state('fr:north') && q.block_state('fr:south') && !q.block_state('fr:east') && !q.block_state('fr:west')",
                    "east_n_west": "!q.block_state('fr:north') && !q.block_state('fr:south') && q.block_state('fr:east') && q.block_state('fr:west')",
                    "north_n_west": "q.block_state('fr:north') && !q.block_state('fr:south') && !q.block_state('fr:east') && q.block_state('fr:west')",
                    "north_n_east": "q.block_state('fr:north') && !q.block_state('fr:south') && q.block_state('fr:east') && !q.block_state('fr:west')",
                    "south_n_west": "!q.block_state('fr:north') && q.block_state('fr:south') && !q.block_state('fr:east') && q.block_state('fr:west')",
                    "south_n_east": "!q.block_state('fr:north') && q.block_state('fr:south') && q.block_state('fr:east') && !q.block_state('fr:west')",
                    "north_n_east_n_west": "q.block_state('fr:north') && !q.block_state('fr:south') && q.block_state('fr:east') && q.block_state('fr:west')",
                    "north_n_south_n_west": "q.block_state('fr:north') && q.block_state('fr:south') && !q.block_state('fr:east') && q.block_state('fr:west')",
                    "south_n_west_n_east": "!q.block_state('fr:north') && q.block_state('fr:south') && q.block_state('fr:east') && q.block_state('fr:west')",
                    "south_n_east_n_north": "q.block_state('fr:north') && q.block_state('fr:south') && q.block_state('fr:east') && !q.block_state('fr:west')"
                }
            },
            "minecraft:destructible_by_explosion": {
                "explosion_resistance": 5
            },
            "minecraft:destructible_by_mining": {
                "seconds_to_destroy": 3
            },
            "fr:table_connection": {},
            "minecraft:flammable": false,
            "minecraft:map_color": "#222d75",
            "minecraft:light_dampening": 4,
            "minecraft:material_instances": {
                "*": {
                    "texture": "fr_party_table",
                    "render_method": "alpha_test",
                    "face_dimming": true,
                    "ambient_occlusion": true
                }
            }
        }
    }
}