{
	"format_version": "1.21.30",
	"minecraft:block": {
		"description": {
			"identifier": "fr:retro_phone",
			"menu_category": {
				"category": "construction"
			},
			"traits": {
				"minecraft:placement_direction": {
					"enabled_states": [
						"minecraft:cardinal_direction"
					]
				}
			},
			"states": {
				"fr:variants": [
					0,
					1,
					2
				]
			}
		},
		"components": {
			"minecraft:collision_box": {
				"origin": [-6.15, 0, -3],
				"size": [11.3, 7.2, 6]
			},
			"minecraft:selection_box": {
				"origin": [-6.15, 0, -3],
				"size": [11.3, 7.2, 6]
			},
			"minecraft:geometry": {
				"identifier": "geometry.retro_phone"
			},
			"minecraft:material_instances": {
				"*": {
					"texture": "retro_phone_red",
					"render_method": "alpha_test"
				}
			}
		},
		"permutations": [
			{
				"condition": "q.block_state('minecraft:cardinal_direction') == 'north'",
				"components": {
					"minecraft:transformation": {
						"rotation": [
							0,
							180,
							0
						]
					}
				}
			},
			{
				"condition": "q.block_state('minecraft:cardinal_direction') == 'west'",
				"components": {
					"minecraft:transformation": {
						"rotation": [
							0,
							-90,
							0
						]
					}
				}
			},
			{
				"condition": "q.block_state('minecraft:cardinal_direction') == 'south'",
				"components": {
					"minecraft:transformation": {
						"rotation": [
							0,
							0,
							0
						]
					}
				}
			},
			{
				"condition": "q.block_state('minecraft:cardinal_direction') == 'east'",
				"components": {
					"minecraft:transformation": {
						"rotation": [
							0,
							90,
							0
						]
					}
				}
			},
			{
				"condition": "q.block_state('fr:variants') == 0",
				"components": {
					"minecraft:material_instances": {
						"*": {
							"texture": "retro_phone_red",
							"render_method": "alpha_test"
						}
					}
				}
			},
			{
				"condition": "q.block_state('fr:variants') == 1",
				"components": {
					"minecraft:material_instances": {
						"*": {
							"texture": "retro_phone_blue",
							"render_method": "alpha_test"
						}
					}
				}
			},
			{
				"condition": "q.block_state('fr:variants') == 2",
				"components": {
					"minecraft:material_instances": {
						"*": {
							"texture": "retro_phone_black",
							"render_method": "alpha_test"
						}
					}
				}
			}
		]
	}
}