{
	"format_version": "1.21.0",
	"minecraft:block": {
		"description": {
			"identifier": "fr:rules_for_safety",
			"menu_category": {
				"category": "construction"
			},
			"states": {
				"fr:position": [0, 1, 2]
			},
			"traits": {
				"minecraft:placement_direction": {
					"enabled_states": [
						"minecraft:cardinal_direction"
					]
				}
			}
		},
		"components": {
			"minecraft:destructible_by_mining": {
				"seconds_to_destroy": 0.5
			},
			"minecraft:destructible_by_explosion": {
				"explosion_resistance": 0.5
			},
			"minecraft:flammable": {
				"catch_chance_modifier": 30,
				"destroy_chance_modifier": 30
			},
			"minecraft:geometry": {
				"identifier": "geometry.rules_for_safety"
			},
			"minecraft:material_instances": {
				"*": {
					"texture": "rules_for_safety",
					"render_method": "alpha_test"
				}
			},
			"minecraft:collision_box": {
				"origin": [-8, 0, 6],
				"size": [16, 16, 2]
			},
			"minecraft:selection_box": {
				"origin": [-8, 0, 6],
				"size": [16, 16, 2]
			},
			"minecraft:custom_components": ["fr:poster_position"]
		},
		"permutations": [
			{
				"condition": "q.block_state('minecraft:cardinal_direction') == 'north' && q.block_state('fr:position') == 0",
				"components": {
					"minecraft:transformation": { "rotation": [0, 180, 0], "translation": [0, 0.5, 0] }
				}
			},
			{
				"condition": "q.block_state('minecraft:cardinal_direction') == 'north' && q.block_state('fr:position') == 1",
				"components": {
					"minecraft:transformation": { "rotation": [0, 180, 0], "translation": [0, 0, 0] }
				}
			},
			{
				"condition": "q.block_state('minecraft:cardinal_direction') == 'north' && q.block_state('fr:position') == 2",
				"components": {
					"minecraft:transformation": { "rotation": [0, 180, 0], "translation": [0, -0.5, 0] }
				}
			},
			{
				"condition": "q.block_state('minecraft:cardinal_direction') == 'south' && q.block_state('fr:position') == 0",
				"components": {
					"minecraft:transformation": { "rotation": [0, 0, 0], "translation": [0, 0.5, 0] }
				}
			},
			{
				"condition": "q.block_state('minecraft:cardinal_direction') == 'south' && q.block_state('fr:position') == 1",
				"components": {
					"minecraft:transformation": { "rotation": [0, 0, 0], "translation": [0, 0, 0] }
				}
			},
			{
				"condition": "q.block_state('minecraft:cardinal_direction') == 'south' && q.block_state('fr:position') == 2",
				"components": {
					"minecraft:transformation": { "rotation": [0, 0, 0], "translation": [0, -0.5, 0] }
				}
			},
			{
				"condition": "q.block_state('minecraft:cardinal_direction') == 'east' && q.block_state('fr:position') == 0",
				"components": {
					"minecraft:transformation": { "rotation": [0, 90, 0], "translation": [0, 0.5, 0] }
				}
			},
			{
				"condition": "q.block_state('minecraft:cardinal_direction') == 'east' && q.block_state('fr:position') == 1",
				"components": {
					"minecraft:transformation": { "rotation": [0, 90, 0], "translation": [0, 0, 0] }
				}
			},
			{
				"condition": "q.block_state('minecraft:cardinal_direction') == 'east' && q.block_state('fr:position') == 2",
				"components": {
					"minecraft:transformation": { "rotation": [0, 90, 0], "translation": [0, -0.5, 0] }
				}
			},
			{
				"condition": "q.block_state('minecraft:cardinal_direction') == 'west' && q.block_state('fr:position') == 0",
				"components": {
					"minecraft:transformation": { "rotation": [0, -90, 0], "translation": [0, 0.5, 0] }
				}
			},
			{
				"condition": "q.block_state('minecraft:cardinal_direction') == 'west' && q.block_state('fr:position') == 1",
				"components": {
					"minecraft:transformation": { "rotation": [0, -90, 0], "translation": [0, 0, 0] }
				}
			},
			{
				"condition": "q.block_state('minecraft:cardinal_direction') == 'west' && q.block_state('fr:position') == 2",
				"components": {
					"minecraft:transformation": { "rotation": [0, -90, 0], "translation": [0, -0.5, 0] }
				}
			}
		]
	}
}
