{
	"format_version": "1.21.30",
	"minecraft:block": {
		"description": {
			"identifier": "fr:security_desk_prop_left",
			"menu_category": {
				"category": "construction"
			},
			"traits": {
				"minecraft:placement_direction": {
					"enabled_states": [
						"minecraft:cardinal_direction"
					]
				}
			}
		},
		"components": {
			"minecraft:destructible_by_mining": {
				"seconds_to_destroy": 0.5
			},
			"minecraft:destructible_by_explosion": {
				"explosion_resistance": 0.5
			},
			"minecraft:flammable": {
				"catch_chance_modifier": 30,
				"destroy_chance_modifier": 30
			},
			"minecraft:geometry": "geometry.security_desk_prop_left",
			"minecraft:material_instances": {
				"*": {
					"texture": "security_desk_props",
					"render_method": "alpha_test"
				}
			},
			"minecraft:collision_box": {
	"origin": [-2, 0, -2],
	"size": [10, 12, 10]
			},
			"minecraft:selection_box": {
	"origin": [-2, 0, -2],
	"size": [10, 12, 10]
			}
		},
		"permutations": [
			{
				"condition": "q.block_state('minecraft:cardinal_direction') == 'north'",
				"components": {
					"minecraft:transformation": {
						"rotation": [
							0,
							180,
							0
						]
					}
				}
			},
			{
				"condition": "q.block_state('minecraft:cardinal_direction') == 'west'",
				"components": {
					"minecraft:transformation": {
						"rotation": [
							0,
							-90,
							0
						]
					}
				}
			},
			{
				"condition": "q.block_state('minecraft:cardinal_direction') == 'south'",
				"components": {
					"minecraft:transformation": {
						"rotation": [
							0,
							0,
							0
						]
					}
				}
			},
			{
				"condition": "q.block_state('minecraft:cardinal_direction') == 'east'",
				"components": {
					"minecraft:transformation": {
						"rotation": [
							0,
							90,
							0
						]
					}
				}
			}
		]
	}
}