{
	"format_version": "1.21.60",
	"minecraft:block": {
		"description": {
			"identifier": "fr:shelf_supply_closet",
			"menu_category": {
				"category": "construction"
			},
			"traits": {
				"minecraft:placement_direction": {
					"enabled_states": [
						"minecraft:cardinal_direction"
					]
				}
			},
			"states": {
				"fr:variants": [
					0,
					1
				],
				"fr:block_bit": [
					"bottom",
					"upper"
				]
			}
		},
		"components": {
			"minecraft:geometry": {
				"identifier": "geometry.shelf_supply_closet",
				"bone_visibility": {
					"top_side": "query.block_state('fr:block_bit') == 'upper'",
					"bottom_side": "query.block_state('fr:block_bit') == 'bottom'",
					"item_visual": false
				}
			},
			"minecraft:material_instances": {
				"*": {
					"texture": "shelf_supply_closet",
					"render_method": "alpha_test"
				}
			},
			"minecraft:collision_box": {
				"origin": [
					-8,
					0,
					-4
				],
				"size": [
					16,
					16,
					12
				]
			},
			"minecraft:selection_box": {
				"origin": [
					-8,
					0,
					-4
				],
				"size": [
					16,
					16,
					12
				]
			},
			"minecraft:item_visual": {
				"geometry": {
					"identifier": "geometry.shelf_supply_closet",
					"bone_visibility": {
						"top_side": false,
						"bottom_side": false,
						"item_visual": true
					}
				},
				"material_instances": {
					"*": {
						"texture": "shelf_supply_closet",
						"render_method": "alpha_test"
					}
				}
			},
			"fr:double_block": {}
		},
		"permutations": [
			{
				"condition": "q.block_state('fr:variants') == 0 && q.block_state('minecraft:cardinal_direction') == 'north'",
				"components": {
					"minecraft:transformation": {
						"rotation": [ 0, 180, 0 ],
						"translation": [-0.5, 0, 0]
					}
				}
			},
			{
				"condition": "q.block_state('fr:variants') == 0 && q.block_state('minecraft:cardinal_direction') == 'west'",
				"components": {
					"minecraft:transformation": {
						"rotation": [0, -90, 0],
						"translation": [0, 0, 0.5]
					}
				}
			},
			{
				"condition": "q.block_state('fr:variants') == 0 && q.block_state('minecraft:cardinal_direction') == 'south'",
				"components": {
					"minecraft:transformation": {
						"rotation": [0, 0, 0],
						"translation": [0.5, 0, 0]
					}
				}
			},
			{
				"condition": "q.block_state('fr:variants') == 0 && q.block_state('minecraft:cardinal_direction') == 'east'",
				"components": {
					"minecraft:transformation": {
						"rotation": [0, 90, 0],
						"translation": [0, 0, -0.5]
					}
				}
			},
			{
				"condition": "q.block_state('fr:variants') == 1 && q.block_state('minecraft:cardinal_direction') == 'north'",
				"components": {
					"minecraft:transformation": {
						"rotation": [ 0, 180, 0 ]
					}
				}
			},
			{
				"condition": "q.block_state('fr:variants') == 1 && q.block_state('minecraft:cardinal_direction') == 'west'",
				"components": {
					"minecraft:transformation": {
						"rotation": [0, -90, 0]
					}
				}
			},
			{
				"condition": "q.block_state('fr:variants') == 1 && q.block_state('minecraft:cardinal_direction') == 'south'",
				"components": {
					"minecraft:transformation": {
						"rotation": [0, 0, 0]
					}
				}
			},
			{
				"condition": "q.block_state('fr:variants') == 1 && q.block_state('minecraft:cardinal_direction') == 'east'",
				"components": {
					"minecraft:transformation": {
						"rotation": [0, 90, 0]
					}
				}
			}
		]
	}
}