{
    "format_version": "1.21.30",
    "minecraft:block": {
        "description": {
            "identifier": "fr:stanchion",
            "menu_category": {
                "category": "construction"
            },
            "states": {
                "fr:north": [ false, true ],
                "fr:south": [ false, true ],
                "fr:east": [ false, true ],
                "fr:west": [ false, true ],
                "fr:has_base": [ true, false ],
                "fr:combine_ns": [ false, true ],
                "fr:combine_ew": [ false, true ]
            }
        },
        "components": {
            "tag:minecraft:is_axe_item_destructible": {},
            "minecraft:collision_box": {
	            "origin": [-1, 0, -1],
	            "size": [2, 16, 2]
            },
             "minecraft:selection_box": {
	            "origin": [-1, 0, -1],
	            "size": [2, 16, 2]
            },
            "minecraft:geometry": {
                "identifier": "geometry.fr_stanchion",
                "bone_visibility": {
                    "base": "q.block_state('fr:has_base')",
                    "north": "q.block_state('fr:north') && !q.block_state('fr:combine_ns')",
                    "south": "q.block_state('fr:south') && !q.block_state('fr:combine_ns')",
                    "east": "q.block_state('fr:east') && !q.block_state('fr:combine_ew')",
                    "west": "q.block_state('fr:west') && !q.block_state('fr:combine_ew')",
                    "north-n-south": "q.block_state('fr:combine_ns')",
                    "east-n-west": "q.block_state('fr:combine_ew')"
                }
            },
            "minecraft:destructible_by_explosion": {
                "explosion_resistance": 5
            },
            "minecraft:destructible_by_mining": {
                "seconds_to_destroy": 3
            },
            "fr:table_connection": {},
            "minecraft:flammable": false,
            "minecraft:map_color": "#222d75",
            "minecraft:material_instances": {
                "*": {
                    "texture": "fr_stanchion",
                    "render_method": "alpha_test",
                    "face_dimming": true,
                    "ambient_occlusion": true
                }
            }
        }
    }
}