{
	"format_version": "1.21.120",
	"minecraft:block": {
		"description": {
			"identifier": "fr:supply_room_lightbulb",
			"menu_category": {
				"category": "construction"
			},
			"traits": {
				"minecraft:placement_direction": {
					"enabled_states": [
						"minecraft:cardinal_direction"
					]
				}
			},
			"states": {
				"fr:lit": [
					false,
					true
				]
			}
		},
		"components": {
			"minecraft:collision_box": {
				"origin": [-2, 4, -2],
				"size": [4, 12, 4]
			},
			"minecraft:selection_box": {
				"origin": [-2, 4, -2],
				"size": [4, 12, 4]
			},
			"minecraft:geometry": {
				"identifier": "geometry.supply_room_lightbulb"
			},
			"minecraft:material_instances": {
				"*": {
					"texture": "office_lamp",
					"render_method": "alpha_test_single_sided"
				}
			},
			"fr:single_interactive": {}
		},
		"permutations": [
			{
				"condition": "q.block_state('minecraft:cardinal_direction') == 'north'",
				"components": {
					"minecraft:transformation": {
						"rotation": [
							0,
							180,
							0
						]
					}
				}
			},
			{
				"condition": "q.block_state('minecraft:cardinal_direction') == 'west'",
				"components": {
					"minecraft:transformation": {
						"rotation": [
							0,
							-90,
							0
						]
					}
				}
			},
			{
				"condition": "q.block_state('minecraft:cardinal_direction') == 'south'",
				"components": {
					"minecraft:transformation": {
						"rotation": [
							0,
							0,
							0
						]
					}
				}
			},
			{
				"condition": "q.block_state('minecraft:cardinal_direction') == 'east'",
				"components": {
					"minecraft:transformation": {
						"rotation": [
							0,
							90,
							0
						]
					}
				}
			},
			{
				"condition": "!q.block_state('fr:lit')",
				"components": {
					"minecraft:material_instances": {
						"*": {
							"texture": "office_lamp_off",
							"render_method": "alpha_test"
						}
					}
				}
			},
			{
				"condition": "q.block_state('fr:lit')",
				"components": {
					"minecraft:material_instances": {
						"*": {
							"texture": "office_lamp",
							"render_method": "alpha_test",
							"ambient_occlusion": false,
							"emissive": true,
							"face_dimming": false
						}
					},
					"minecraft:light_emission": 13
				}
			}
		]
	}
}