{
	"format_version": "1.21.30",
	"minecraft:block": {
		"description": {
			"identifier": "fr:trash",
			"menu_category": {
				"category": "construction"
			},
			"traits": {
				"minecraft:placement_direction": {
					"enabled_states": [
						"minecraft:cardinal_direction"
					]
				}
			},
			"states": {
				"fr:variants": [
					0,
					1,
					2
				]
			}
		},
		"components": {
			"minecraft:collision_box": false,
			"minecraft:selection_box": {
				"origin": [-8, 0, -8],
				"size": [16, 1, 16]
			},
			"minecraft:geometry": {
				"identifier": "geometry.trash",
				"bone_visibility": {
					"trash_0": "q.block_state('fr:variants') == 0",
					"trash_1": "q.block_state('fr:variants') == 1",
					"trash_2": "q.block_state('fr:variants') == 2"
				}
			},
			"minecraft:material_instances": {
				"*": {
					"texture": "trash",
					"render_method": "alpha_test"
				}
			}
		},
		"permutations": [
			{
				"condition": "q.block_state('minecraft:cardinal_direction') == 'north'",
				"components": {
					"minecraft:transformation": {
						"rotation": [
							0,
							180,
							0
						]
					}
				}
			},
			{
				"condition": "q.block_state('minecraft:cardinal_direction') == 'west'",
				"components": {
					"minecraft:transformation": {
						"rotation": [
							0,
							-90,
							0
						]
					}
				}
			},
			{
				"condition": "q.block_state('minecraft:cardinal_direction') == 'south'",
				"components": {
					"minecraft:transformation": {
						"rotation": [
							0,
							0,
							0
						]
					}
				}
			},
			{
				"condition": "q.block_state('minecraft:cardinal_direction') == 'east'",
				"components": {
					"minecraft:transformation": {
						"rotation": [
							0,
							90,
							0
						]
					}
				}
			}
		]
	}
}