{
	"format_version": "1.21.30",
	"minecraft:block": {
		"description": {
			"identifier": "fr:vending_machine",
			"menu_category": {
				"category": "construction"
			},
			"traits": {
				"minecraft:placement_direction": {
					"enabled_states": [
						"minecraft:cardinal_direction"
					]
				}
			}
		},
		"components": {
			"minecraft:geometry": "geometry.vending_machine",
			"minecraft:material_instances": {
				"*": {
					"texture": "vending_machine",
					"render_method": "alpha_test",
					"ambient_occlusion": false,
					"face_dimming": false
				}
			}
		},
		"permutations": [
			{
				"condition": "q.block_state('minecraft:cardinal_direction') == 'north'",
				"components": {
					"minecraft:transformation": {
						"rotation": [ 0, 180, 0 ]
					}
				}
			},
			{
				"condition": "q.block_state('minecraft:cardinal_direction') == 'west'",
				"components": {
					"minecraft:transformation": {
						"rotation": [ 0, -90, 0 ]
					}
				}
			},
			{
				"condition": "q.block_state('minecraft:cardinal_direction') == 'south'",
				"components": {
					"minecraft:transformation": {
						"rotation": [ 0, 0, 0 ]
					}
				}
			},
			{
				"condition": "q.block_state('minecraft:cardinal_direction') == 'east'",
				"components": {
					"minecraft:transformation": {
						"rotation": [ 0, 90, 0 ]
					}
				}
			}
		]
	}
}