{
    "format_version": "1.21.30",
    "minecraft:block": {
        "description": {
            "identifier": "fr:wet_floor_sign",
            "menu_category": {
                "category": "construction"
            },
            "traits": {
                "minecraft:placement_direction": {
                    "enabled_states": [
                        "minecraft:cardinal_direction"
                    ]
                }
            }
        },
        "components": {
            "minecraft:collision_box": false,
            "minecraft:selection_box": {
                "origin": [
                    -3,
                    0,
                    -3
                ],
                "size": [
                    6,
                    6,
                    6
                ]
            },
            "minecraft:geometry": {
                "identifier": "geometry.wet_floor_sign"
            },
            "minecraft:material_instances": {
                "water": {
                    "texture": "wet_floor_sign_water",
                    "render_method": "blend",
                    "tint_method": "water",
                    "ambient_occlusion": false
                },
                "*": {
                    "texture": "wet_floor_sign",
                    "render_method": "opaque",
                    "ambient_occlusion": false
                }
            }
        },
        "permutations": [
            {
                "condition": "q.block_state('minecraft:cardinal_direction') == 'north'",
                "components": {
                    "minecraft:transformation": {
                        "rotation": [
                            0,
                            180,
                            0
                        ]
                    }
                }
            },
            {
                "condition": "q.block_state('minecraft:cardinal_direction') == 'west'",
                "components": {
                    "minecraft:transformation": {
                        "rotation": [
                            0,
                            -90,
                            0
                        ]
                    }
                }
            },
            {
                "condition": "q.block_state('minecraft:cardinal_direction') == 'south'",
                "components": {
                    "minecraft:transformation": {
                        "rotation": [
                            0,
                            0,
                            0
                        ]
                    }
                }
            },
            {
                "condition": "q.block_state('minecraft:cardinal_direction') == 'east'",
                "components": {
                    "minecraft:transformation": {
                        "rotation": [
                            0,
                            90,
                            0
                        ]
                    }
                }
            }
        ]
    }
}